﻿{
  "anforande": {
    "dok_hangar_id": "4546972",
    "dok_id": "H40910",
    "dok_titel": "Protokoll 2016/17:10 Onsdagen den 28 september",
    "dok_rm": "2016/17",
    "dok_nummer": "10",
    "dok_datum": "2016-09-28 00:00:00",
    "avsnittsrubrik": "Regional anpassning av arbetsmarknadsutbildning",
    "underrubrik": null,
    "kammaraktivitet": "ärendedebatt",
    "anforande_id": "10d5f233-e195-e611-9441-00262d0d7125",
    "anforande_nummer": "9",
    "talare": "Raimo Pärssinen (S)",
    "parti": "S",
    "anforandetext": "<p>Herr talman! Det är precis som Désirée Pethrus säger. När det gäller det här med arbetsmarknadsutbildningar måste väl det viktigaste vara att det motsvarar en matchning. När det är högkonjunktur blir det brist inom vissa områden. Då måste man på något vis försöka möta den bristen. När det sedan är lågkonjunktur krävs det också något. Det är alltså samma sak. Det krävs att man kan rusta människor så att de kan gå in och ta de jobb som är lediga.</p><p>Men vad jag menade var: När Sven Otto Littorin skar ned kraftigt ökade matchningsproblematiken. Det var inte bra. Det var ett stort sug efter arbetskraft. Det är klart att det tog lite tid innan det här ökade, men det ökade. Det var alltså ett felgrepp, tycker jag.</p><p> STYLEREF Kantrubrik \\* MERGEFORMAT Regional anpassning av arbetsmarknads-utbildning</p><p>Sedan vill jag berömma Désirée Pethrus. Om jag inte missminner mig hade hon en debatt, antingen under en frågestund eller under en interpellationsdebatt, med arbetsmarknadsministern om just de här utbildningarna. Arbetsmarknadsministern var ganska skarp i tonen. Hon följer det här väldigt noga och kräver resultat av förmedlingen. Resultatet är fortfarande alldeles för lågt - det vet vi. Om det är 45 procent har det åtminstone stigit från 30. Förmedlingen har i uppdrag att jobba systematiskt med att förbättra resultatet. Då ska man gå igenom hela kedjan, alltså behoven, och man ska titta över sina marknadsområden. Men framför allt handlar det om att man ska kunna få en mer direkt kontakt med arbetsgivarna, både lokalt och regionalt.</p><p>Eftersom förmedlingen har blivit starkt kritiserad för detta - ibland är det helt rätt att man har blivit kritiserad - säger man att det finns mycket större möjligheter och flexibilitet i dag när det gäller att ordna det både regionalt och lokalt. Det här är en fråga som vi måste följa väldigt noga från utskottets sida. Men nu finns det ett bättre systematiskt arbete med det. Man lovar att det blir bättre resultat. Det ser jag fram emot.</p>",
    "intressent_id": "0113077554312",
    "rel_dok_id": "H401AU3",
    "replik": "Y",
    "systemdatum": "2016-10-19 11:49:04"
  }
}