﻿{
  "anforande": {
    "dok_hangar_id": "4703370",
    "dok_id": "H409101",
    "dok_titel": "Protokoll 2016/17:101 Torsdagen den 27 april",
    "dok_rm": "2016/17",
    "dok_nummer": "101",
    "dok_datum": "2017-04-27 00:00:00",
    "avsnittsrubrik": "Frågestund",
    "underrubrik": "Havskonferensen och EU:s fiskeavtal med fattiga länder",
    "kammaraktivitet": "frågestund",
    "anforande_id": "f779ecae-bb3b-e711-9452-00262d0d0c40",
    "anforande_nummer": "61",
    "talare": "Statsrådet Isabella Lövin (MP)",
    "parti": "MP",
    "anforandetext": "<p>Fru talman! Tack, Jens Holm, för denna viktiga fråga! Det är verkligen en komplicerad fråga, som jag har varit mycket involverad i under min tid i EU-parlamentet när jag också översåg reformeringen av just det som handlar om de europeiska fartyg som fiskar i utvecklingsländernas vatten.</p><p>Man skulle kunna tycka att det enklaste vore att bara ta bort detta. Problemet är att alla de här fartygen inte skulle försvinna. De skulle fortfarande vara ute och fiska, under privat flagg och under privata avtal. Då har inte EU eller någon annan insyn i hur mycket som fiskas. Därför lade jag all min kraft på att dessa avtal skulle vara så offentliga som möjligt och också under så mycket kontroll som möjligt, så att vi vet att den fisk man fiskar bara är ett överskott av fisk, som lokalbefolkningen inte behöver. Det handlar också om att vi ger stöd till lokal fiskeförvaltning. Detta tycker jag är en modell som andra länder ska ta efter.</p>",
    "intressent_id": "0911490574010",
    "rel_dok_id": "H4C120170427fs",
    "replik": "N",
    "systemdatum": "2017-05-18 13:18:58"
  }
}