﻿{
  "anforande": {
    "dok_hangar_id": "4703370",
    "dok_id": "H409101",
    "dok_titel": "Protokoll 2016/17:101 Torsdagen den 27 april",
    "dok_rm": "2016/17",
    "dok_nummer": "101",
    "dok_datum": "2017-04-27 00:00:00",
    "avsnittsrubrik": "Medborgarskap, Migration och asylpolitik, Anhöriginvandring och Arbetskraftsinvandring",
    "underrubrik": null,
    "kammaraktivitet": "ärendedebatt",
    "anforande_id": "d279ecae-bb3b-e711-9452-00262d0d0c40",
    "anforande_nummer": "26",
    "talare": "Fredrik Malm (L)",
    "parti": "L",
    "anforandetext": "<p></p><p>Fru ålderspresident! Jag ber om ursäkt om jag kommer att dra över min talartid. Det är lika bra att säga det innan man har dragit över tiden i stället för efter att man har gjort det.</p><p>Jag vill börja med att yrka bifall till Liberalernas reservation 4 under punkt 1 i betänkande nr 15 från socialförsäkringsutskottet, det som heter <em>Migration och asylpolitik</em>. Jag vill också yrka bifall till de två alliansgemensamma reservationerna 1 och 4 under punkt 1 och 4 i betänkande nr 17 som heter <em>Arbetskraftsinvandring</em>.</p><p>Vi i Sverige ska föra en human och hållbar flyktingpolitik. Det betyder att människor som är på flykt från krig och förföljelse och som söker skydd i Sverige och har skyddsskäl ska få skydd här. Samtidigt måste vi föra en migrationspolitik som är hållbar och fungerar så att de människor som får stanna i Sverige får en ärlig chans att vara med i det här landet - att det finns möjlighet att få ett arbete, att skolan fungerar, att det finns tolkar, att socialtjänsten fungerar, att det byggs bostäder och så vidare.</p><p>Vi har i Sverige fört en invandringspolitik som mycket kraftigt avviker från invandringspolitiken i andra länder runt omkring oss. Flyktingkrisen 2015 visade mycket tydligt att för ett litet land som Sverige blir det mycket svårt att göra det, närmast omöjligt, i det långa loppet.</p><p>Det innebär att vi behöver en gemensam asylpolitik i EU där man tar ett gemensamt ansvar för att hjälpa de människor som är i nöd. Vi behöver i Sverige också en bättre integration och ett bättre mottagningssystem så att människor som kommer till Sverige och får stanna här också känner sig inkluderade och kan bygga en framtid här.</p><p>I detta ligger förstås att de personer som inte får stanna kommer att behöva lämna Sverige. Om personer inte gör det frivilligt utan går under jorden behöver vi verktyg i Sverige för att kunna genomföra utvisningar, också i sista hand med tvång.</p><p>En gemensam asylpolitik i Europeiska unionen kan vi också få. Det har länge sett ut som att extrema rasistiska och högerpopulistiska krafter skulle skjuta sönder det arbetet, men nu verkar det som att det faktiskt kan komma i mål, vilket vore mycket bra. Men det innebär också att den svenska migrationspolitiken kommer att begränsas såtillvida att vi inte kommer att kunna driva igenom vissa saker och ändra vår politik hur som helst. Men mervärdet av att alla Europeiska unionens 28 eller i framtiden 27 medlemsstater faktiskt har ett gemensamt ansvar är mycket stort.</p><p>Till detta kommer Turkietavtalet och att man på olika sätt försöker påverka regeringen eller de olika aktörer som styr i Libyen att stänga det som är den södra rutten över Medelhavet in i Europa. Det där är en politik som jag är orolig för, ska jag säga, därför att det innebär att många människor som har flyktingskäl och skyddsskäl kommer att få det svårare att ta sig till Europa.</p><p>En följd av detta, fru ålderspresident, är att det finns två saker som är viktiga för ett land som Sverige i detta. Den ena är att vi måste förstå vikten av att ställa upp och ta emot flyktingar för vidarebosättning, så kallade kvotflyktingar. Det är de personer som i dag finns i till exempel Libanon eller Turkiet. Det är människor som har flytt Bashar al-Asads gasattacker i Syrien och människor som har flytt Daishs halshuggningar.</p><p>Att kunna ta emot fler kvotflyktingar på det sättet är viktigt, därför att det är en laglig väg att komma till Europa. Det är ett ordnat sätt att ta emot människor på. Det innebär att våra kommuner får bättre planeringsförutsättningar, och det innebär att vi kan hjälpa kvinnor och barn.</p><p></p><p>Det innebär att vi kan hjälpa de mest behövande och avlasta de länder som befinner sig nära krisområden. Det kan handla om Kenya, som har en mycket stor grupp somaliska flyktingar. Det kan handla om Turkiet, som har en stor grupp syriska flyktingar. Det är det ena.</p><p>Vi har från Liberalernas sida verkat för att Sverige ska ta emot fler kvotflyktingar. Sverige ska nu ta emot 5 000 kvotflyktingar mot slutet av denna mandatperiod. Vi tycker att det är bra; vi har verkat för detta. Jag skulle gärna se att man utvecklade det ytterligare.</p><p>Det andra, fru ålderspresident, som är viktigt med tanke på de enorma tragedier vi ser i många länder utanför Europa - i Mellanöstern, ett antal arabstater och så vidare - är att vi inte kan acceptera att Förenta nationernas hjälporgan kroniskt, systematiskt och år efter år är underfinansierade. Det driver ytterligare människor på flykt. Det triggar ny emigration. Vi talar om World Food Programme, UNHCR, FN:s humanitära koordineringsorgan Ocha och så vidare. De här organen kan inte systematiskt få stöd som bara motsvarar 50-60 procent av deras årsbehov. Det driver fram epidemier i läger. Det driver fram en rad olika humanitära situationer som innebär att människor inte ser någon som helst framtid och sätter sig i båtar över Medelhavet, där de riskerar att dö.</p><p>Med detta sagt, fru ålderspresident, har Sverige sedan förra året en betydligt mer restriktiv flyktingpolitik. Vi från Liberalernas sida stöder detta i stora drag, men vi har en del invändningar.</p><p>Vår huvudsakliga invändning är att de tillfälliga uppehållstillstånd som Sverige nu har är så korta att det blir svårt för de människor som får sina uppehållstillstånd förlängda och förlängda och sedan stannar i Sverige att få en rimlig, fungerande integration. Man hackar upp det så att de insatser som görs för nyanlända sträcker sig över två år men de uppehållstillstånd som delas ut bara gäller i 13 månader. Det försvårar för människor att komma in på arbetsmarknaden, lära sig svenska och så vidare.</p><p>Vår andra invändning är att man i den nya lagstiftningen kraftigt har försvårat för barnfamiljer att återförenas. Det innebär att den lagstiftning vi nu har bidrar till familjesplittring. Det här är särskilt anmärkningsvärt med tanke på den enorma tragedi vi ser i Syrien i dag.</p><p>Det är också så att Sverige behöver en migrationspolitik som innebär att vi klarar av de utmaningar vi står inför. Jag vill nu, fru ålderspresident, ta upp två punkter som är särskilt viktiga i detta.</p><p>Den ena rör de människor som kommer till Sverige för att arbeta här men som sedan inte får sina arbetstillstånd förlängda utan skickas ut ur Sverige. Det är till exempel duktiga it-ingenjörer som jobbar för teknikföretag i Sverige. De kommer hit och jobbar här ett antal år, men när de ska förlänga sina arbetstillstånd säger våra myndigheter nej på grund av detaljer och mindre missar av en tidigare arbetsgivare.</p><p>Det här är helt orimligt. Det innebär att människor som väljer mellan att jobba på Spotify i Stockholm och kanske på Apple i San Francisco, högpresterande arbetskraft som är jätteviktig för svensk tillväxt, inte vet om de får stanna i Sverige. De här företagen upplever att handläggningstiderna på Migrationsverket är långa, att det är en oförutsägbar process och oförutsägbara regelverk. Det är helt orimligt.</p><p>Vi i allianspartierna - Liberalerna, Moderaterna, Kristdemokraterna och Centerpartiet - har gång på gång lyft fram behovet av att detta ändras. Men vi ser tyvärr att ingenting händer från regeringens sida, och det är mycket beklagansvärt.</p><p></p><p>Det sista jag vill ta upp, fru ålderspresident, är en annan risk som finns.</p><p>Den nya tillfälliga asyllagstiftning med väldigt korta tillfälliga uppehållstillstånd som Sverige antog förra året har skapat en massa problem. Det försöker regeringen nu lösa genom olika typer av undantag och nya regler - man lappar och lagar systemet. I förlängningen finns risken att detta blir rättsosäkert. Det innebär att personer i samma familj får olika längd på sina uppehållstillstånd. Det innebär att människor får väldigt olika bedömning i slutändan. Det är inte rimligt. Vi behöver ett system som är rättssäkert och överskådligt och som människor förstår sig på.</p><p>Det kom ett förslag från Miljöpartiet nyligen - i går eller om det var i förrgår. I det förslaget säger Miljöpartiet att man inte ska behöva skaffa sig ett jobb för att kunna få ett tillfälligt uppehållstillstånd omvandlat till ett permanent utan att det ska räcka att man har en subventionerad anställning.</p><p>Jag tror att det finns en mycket stor risk i detta, fru ålderspresident. Risken är att detta öppnar för korruption, missbruk, skenanställningar och så vidare.</p><p>Ta till exempel instegsjobben. De kan vara i två års tid. De är till 80 procent subventionerade. Om det räcker att få ett instegsjobb för att få ett permanent uppehållstillstånd tror jag att det öppnar för mycket stora problem med skenanställningar, korruption och mycket annat.</p><p>Jag vet att tiden börjar ta slut, så jag tackar för ordet.</p><p>(forts. § 10) </p>",
    "intressent_id": "0766496753128",
    "rel_dok_id": "H401SfU14, H401SfU15, H401SfU16, H401SfU17",
    "replik": "N",
    "systemdatum": "2017-05-18 13:18:53"
  }
}