﻿{
  "anforande": {
    "dok_hangar_id": "4703370",
    "dok_id": "H409101",
    "dok_titel": "Protokoll 2016/17:101 Torsdagen den 27 april",
    "dok_rm": "2016/17",
    "dok_nummer": "101",
    "dok_datum": "2017-04-27 00:00:00",
    "avsnittsrubrik": "(forts. från § 11) Tillgång till betalkonto med grundläggande funktioner (forts. FiU33)",
    "underrubrik": null,
    "kammaraktivitet": null,
    "anforande_id": "387aecae-bb3b-e711-9452-00262d0d0c40",
    "anforande_nummer": "121",
    "talare": "Håkan Svenneling (V)",
    "parti": "V",
    "anforandetext": "<p>Herr ålderspresident! Än en gång hör vi Börje Vestlunds oro i denna fråga. Men vi hör väldigt lite om vilka förslag han faktiskt vill genomföra. Börje Vestlund vill analysera och tänka kring andra modeller för att han är orolig för vilka effekter detta annars skulle få.</p><p>Det konstiga med Börje Vestlunds förslag är att han vill utreda detta i Riksbanksutredningen. Det är en utredning som har ansvaret för att utreda Riksbankens roll för kontanter, det vill säga den som trycker kontanter och sedan lämnar över dem till bankernas depå. Sedan slutar Riksbankens ansvar. Riksbanken har inga kunder som kan gå in på banken. Börje Vestlund och jag kan inte gå dit och sköta våra ärenden. Det kan man inte göra på Brunkebergstorg, utan det gör man på sin enskilda bank.</p><p>Problemet när man låter en sådan här utredning utreda detta är att den bara kan komma fram till ett enda resultat: Man kan bara komma fram till att ålägga Riksbanken ett ökat ansvar eller till att staten ska ta ett större ansvar. Ansvaret borde i stället läggas på dem som är bäst på att hantera kontanter. Det är de som har byggnader byggda för att inte bli rånade och så vidare - det är bankkontor och banker.</p><p>Detta är också ett problem eftersom Börje Vestlund inte bryr sig om den utredning som har tittat på frågan och funderat på vad som vore bäst för landsbygden i Sverige. Det är den parlamentariska landsbygdskommittén, där alla riksdagens åtta partier har suttit med och där man enigt har kommit fram till att det bästa vore att man hade en lagstiftning som pekade på bankernas ansvar. Men det vill inte Börje Vestlund bry sig om. I stället vill han göra en analys i en utredning som egentligen ska handla om penningpolitik. Där borde kontanter vara en liten fråga, men Börje Vestlund vill göra det till en stor och central fråga.</p>",
    "intressent_id": "0682989845822",
    "rel_dok_id": null,
    "replik": "Y",
    "systemdatum": "2017-05-18 13:19:08"
  }
}