﻿{
  "anforande": {
    "dok_hangar_id": "4702552",
    "dok_id": "H409100",
    "dok_titel": "Protokoll 2016/17:100 Onsdagen den 26 april",
    "dok_rm": "2016/17",
    "dok_nummer": "100",
    "dok_datum": "2017-04-26 00:00:00",
    "avsnittsrubrik": "Bostadspolitik och Planering och byggande",
    "underrubrik": null,
    "kammaraktivitet": "ärendedebatt",
    "anforande_id": "2ea891a8-413a-e711-9452-00262d0d0c40",
    "anforande_nummer": "66",
    "talare": "Tuve Skånberg (KD)",
    "parti": "KD",
    "anforandetext": "<p>Bostadspolitik och Planering och byggande</p><p>Fru ålderspresident! Vi har en viktig och lång debatt framför oss. Vi kommer att gå igenom CU14, som handlar om bostadspolitik, och CU15, som handlar om planering och byggande. Det är två viktiga betänkanden som handlar om den bostadspolitik partierna vill föra. Båda två är motionsbetänkanden. </p><p>Jag gör så att jag presenterar de reservationer som allianspartierna står bakom. Jag nämner också det som till exempel Kristdemokraterna eller Kristdemokraterna och något annat enstaka parti har gjort. Av det kan man få en helhetsbild av vilken bostadspolitik Alliansen, och i synnerhet Kristdemokraterna, så småningom vill gå till val på. </p><p>Fru ålderspresident! Jag vill börja med att yrka bifall till reservation 1 i CU14 och reservation 5 i CU15, så är det gjort och blir inte bortglömt. Sedan vill jag gå vidare och presentera den första reservationen, som handlar om åtgärder på bostadsmarknaden. </p><p>En fungerande bostadsmarknad är en viktig förutsättning för tillväxt och ökad sysselsättning. Den rådande bostadsbristen är allvarlig eftersom den begränsar människors frihet och möjligheter att flytta till jobb och utbildning. Den begränsar också företagens möjligheter att växa och konkurrera. Bostadsbristen drabbar särskilt unga människor som ska etablera sig på bostadsmarknaden, personer som söker sig till storstadsregionerna för att arbeta samt asylsökande och nyanlända.</p><p>Bostadsbristen leder till stigande fastighetspriser och ökar de risker som är förknippade med en hög skuldsättning hos hushållen. Den svenska bostadsmarknaden står fortsatt inför mycket stora utmaningar, och för att motverka bostadsbristen är det därför nödvändigt att ge förutsättningar för en nyproduktion av bostäder som motsvarar den efterfrågan som finns. </p><p>Under alliansregeringen genomfördes stora och viktiga reformer för att öka bostadsbyggandet, inte minst under ledning av civil- och bostadsministern Stefan Attefall. Glädjande nog ökar också bostadsbyggandet i dag, tack vare det arbete alliansregeringen påbörjade. </p><p>Den nuvarande regeringen har under Vänsterpartiets inflytande valt att fokusera på omfattande byggsubventioner. Jag är ledsen att säga det, men de har dömts ut av både forskare och byggbranschen. Med tanke på att det i dagsläget faktiskt råder högkonjunktur på den svenska bostadsmarknaden kan man säga att det inte är något annat än slöseri med skattemedel att i detta läge ytterligare subventionera bostäder som ändå skulle bli byggda. Risken är också att fel sorts bostäder byggs och inte där efterfrågan finns. </p><p>Inte ens byggbolagen själva vill ha subventionerna. Det byggbolagen efterfrågar är i stället en fortsättning på den moderna bostadspolitik som alliansregeringen drev, med inriktning på att genomföra regelförenklingar och skapa långsiktigt hållbara spelregler på en bostadsmarknad där bostadskonsumentens efterfrågan blir styrande. </p><p>När det kommer till åtgärder för att främja byggande och rörlighet har regeringens egna förslag varit få. Många av de förslag som regeringen nu presenterar och tar åt sig äran för är i praktiken redan kända förslag från Alliansens regeringstid eller från utredningar som den tidigare alliansregeringen tillsatte. För att få en bostadsmarknad i balans menar vi att det behövs en annan politik, utan subventioner och med fokus på att främja byggande och öka rörligheten på bostadsmarknaden. </p><p>Ett av de största hindren för ökat bostadsbyggande i dag är bristen på konkurrens och arbetskraft inom byggsektorn, men vi menar att regeringen saknar handlingskraft och vilja att vidta de nödvändiga åtgärderna. Det är uppenbart att Sverige inte kan nå upp till de byggvolymer som krävs för att nå ett bostadsbyggande i balans eller få till stånd en ökad konkurrens utan att det kommer in fler utländska byggbolag och utländsk arbetskraft på den svenska byggmarknaden. </p><p> STYLEREF Kantrubrik \\* MERGEFORMAT Bostadspolitik och Planering och byggande</p><p>Därför menar vi att det är bekymmersamt att regeringen med Vänsterpartiets stöd inte bara förhåller sig passiv utan även för en politik som i praktiken försvårar för utländsk byggarbetskraft i Sverige. Konsekvensen av detta är inte bara att det byggs färre bostäder än vad som skulle behövas utan även att kostnaderna för att bygga bostäder i Sverige fortsätter att vara bland de högsta i EU.</p><p>Förutom att det byggs för lite används inte det befintliga bostadsbeståndet tillräckligt effektivt. För att frigöra fler bostäder behöver bostadsmarknaden reformeras både på kort sikt och på lång sikt. Behovet av reformer har blivit ännu större med det ökande antalet asylsökande och nyanlända. Rörligheten på bostadsmarknaden måste få fart, och flyttkedjorna måste fungera. Det måste löna sig att bygga och investera i hyresrätter och löna sig för dem som vill och har möjlighet att hyra ut sin privatbostad eller delar av bostaden. Även inom andra områden finns behov av förändringar för att öka rörligheten och för att flyttkedjorna ska fungera. </p><p>En god tillgång på bostäder med olika upplåtelseformer är en förutsättning för en fungerande integration. Jag tänker på de så kallade miljonprogramsområdena, där vi tydligt ser konsekvenserna av den politik som tidigare socialdemokratiska regeringar fört och som den nuvarande regeringen, är jag ledsen att säga, fortsätter att föra. I de hyresrättsdominerade miljonprogramsområdena är möjligheterna att äga och påverka sitt boende för små. Fler måste därför få möjlighet att äga sitt boende. Det innebär trots allt en ökad frihet för individen och bidrar till att man i högre grad känner ansvar för sin bostad, för fastigheten och för området man bor i. </p><p>I regel - och nu talar jag om lång tid - gynnas också den enskildes ekonomi, särskilt med tanke på hur dagens hyressystem är utformat. För att öka mångfalden och stärka integrationen bör därför ombildningar främjas i dessa områden så att fler får möjlighet att äga sin bostad. En ökad andel ägda lägenheter skulle enligt allianspartiernas mening bidra till att förbättra integrationen i dessa områden. </p><p>Ett gott förslag är Alliansens förslag om en ny boendeform för unga. Den bostadsbrist som råder i landet drabbar inte minst unga människor som söker den första egna bostaden. De unga hushållen utgör naturligtvis ingen helt homogen grupp, utan efterfrågan kan liksom för övriga hushåll variera ganska kraftigt när det gäller bostadens skick, läge och upplåtelseform. Gemensamt för många unga är dock att det är svårt att över huvud taget etablera sig på bostadsmarknaden. </p><p>Vid sidan av de bostäder som är avsedda för studerande vid universitet och högskolor finns det i dag ett begränsat utbud av bostäder som är särskilt avsedda för just unga. När det gäller nyproduktion av bostäder har det under de senaste åren genomförts ändringar i lagstiftningen som förbättrar möjligheten att bygga mindre och billigare bostäder, alltså just sådana bostäder som ofta efterfrågas av unga hushåll. Men fortfarande medges större möjligheter till avsteg från de generella kraven i byggreglerna för studentbostäder än för små bostäder som byggs med avsikt att användas som bostäder för unga.</p><p> STYLEREF Kantrubrik \\* MERGEFORMAT Bostadspolitik och Planering och byggande</p><p>Mot denna bakgrund menar vi att det bör utredas om det är lämpligt att utveckla tydliga regler för en egen boendeform för unga. Syftet med en sådan boendeform skulle vara att öka utbudet av billiga bostäder som är avsedda för unga och att samtidigt undvika de inlåsningseffekter som kan finnas i det nuvarande beståndet av ungdomsbostäder.</p><p>Jag vill nämna något om en reservation som Kristdemokraterna och Centern har gemensamt, som handlar om kreditgarantier på landsbygden. Det gäller nr 12.</p><p>Möjligheten att bygga på landsbygden är en viktig del av en politik för en levande landsbygd. Alliansen lyckades i regeringsställning höja de statliga kreditgarantier som finns att tillgå för byggande i områden där marknadsvärdet inte tydligt överstiger produktionskostnaderna.</p><p>Detta instrument bör enligt Kristdemokraternas och Centerns mening utvecklas ytterligare för att underlätta byggande på platser där betalningsförmågan finns men traditionell bankfinansiering dessvärre är svår att få.</p><p>Fru ålderspresident! Jag övergår till att tala om det något tjockare betänkandet CU15.</p><p>Utskottet föreslår två tillkännagivanden till regeringen med anledning av motionsyrkanden som rör översyn av dels plan- och bygglagen, dels tillgänglighetskraven för studentbostäder.</p><p>Utskottet anser att regeringen bör fortsätta det arbete som har inletts för att förbättra och förenkla plan- och bygglagen. För detta finns en majoritet i riksdagen - åtminstone hoppas jag att det ska vara så vid voteringen!</p><p>Vidare anser utskottet att regeringen bör utreda möjligheten att sänka de krav som ställs på studentbostäder när det gäller tillgänglighet med mera. Även här finns reservationer - jag fäster mig särskilt vid dem som Alliansen har gemensamt.</p><p>Reservation nr 5, som jag yrkade bifall till, handlar om begränsning av detaljplanekravet. I propositionen <em>En enklare planprocess</em> föreslog alliansregeringen 2013 en rad åtgärder för att förenkla plan- och bygglagen. Inriktningen på förslagen var att skapa enklare och tydligare regler samt att öka förutsägbarheten och transparensen.</p><p>Ett av förslagen var att kravet på detaljplan i plan- och bygglagen skulle begränsas. I stället för att i princip alltid kräva en detaljplan för ny sammanhållen bebyggelse skulle kommunerna ges ett större utrymme att bedöma i vilka fall en detaljplan krävs.</p><p>Detta förslag välkomnades av aktörerna på marknaden, bland annat eftersom kommunerna är de som är bäst lämpade att avgöra i vilka fall en detaljplan behövs. Riksdagen avslog dock regeringens förslag i denna del.</p><p>Allianspartierna anser att behovet av att förenkla reglerna och förkorta tiden till byggstart kvarstår och att förslagen därför bör genomföras.</p><p>När det gäller överklaganderegler menar allianspartierna att utvecklingen under de senaste åren vad gäller efterfrågan på nya bostäder understryker behovet att underlätta och påskynda bostadsbyggnadsprocessen i alla led.</p><p>Som utskottet redovisat i sina ställningstaganden gäller sedan knappt ett år nya regler som innebär att beslut om att anta, ändra eller upphäva en detaljplan eller områdesbestämmelser överklagas direkt till mark- och miljödomstolen i första instans.</p><p>Vi delar utskottets bedömning att de motionsyrkanden som härigenom blivit tillgodosedda bör avslås. Vi anser dock att det finns goda skäl att helt ta bort länsstyrelsen från instanskedjan även för överklagade beslut om bygglov. Detsamma bör enligt vår mening kunna gälla för beslut om övriga lov, förhandsbesked och tillsynsärenden.</p><p> STYLEREF Kantrubrik \\* MERGEFORMAT Bostadspolitik och Planering och byggande</p><p>Reservation 7 handlar om privat initiativrätt till detaljplan. Här vill allianspartierna framhålla att utskottet i sitt förslag till tillkännagivande till regeringen våren 2015 konstaterade att det finns skäl att överväga möjligheten att införa en rätt till privata initiativ vid detaljplaneläggning i den svenska plan- och bygglagstiftningen. Vi står fast vid denna åsikt.</p><p>Vidare vill vi, apropå reservation 8, ha kortare handläggningstider.</p><p>Reservation 9 handlar om planbestämmelser som upphävs efter genomförandetiden.</p><p>I reservation 15 lyfter vi fram bygglovsbefriade åtgärder.</p><p>Till sist, fru ålderspresident, vill jag nämna serietillverkade hus. Sverige behöver få fram fler bostäder till rimliga priser, och vi behöver få en mer industrialiserad byggprocess än vad vi har i dag.</p><p>Det måste därför bli möjligt att bygga billigare. Fler hus än i dag ska kunna byggas med standardiserade komponenter, och fler typgodkända hus - inte minst flerbostadshus - måste kunna byggas i hela landet</p>",
    "intressent_id": "0161597857912",
    "rel_dok_id": "H401CU14, H401CU15",
    "replik": "N",
    "systemdatum": "2017-05-16 16:12:53"
  }
}