﻿{
  "anforande": {
    "dok_hangar_id": "4702552",
    "dok_id": "H409100",
    "dok_titel": "Protokoll 2016/17:100 Onsdagen den 26 april",
    "dok_rm": "2016/17",
    "dok_nummer": "100",
    "dok_datum": "2017-04-26 00:00:00",
    "avsnittsrubrik": "Arbetsmiljö och arbetstid ",
    "underrubrik": null,
    "kammaraktivitet": "ärendedebatt",
    "anforande_id": "14a891a8-413a-e711-9452-00262d0d0c40",
    "anforande_nummer": "46",
    "talare": "Magnus Manhammar (S)",
    "parti": "S",
    "anforandetext": "<p>Fru talman! Jag vill börja med att yrka bifall till betänkandet, vilket jag inte gjorde tidigare. Jag gör det nu så att jag inte glömmer det.</p><p>Erik Andersson från Moderaterna kallade mitt tidigare anförande för rappakalja och sa att han blev väldigt upprörd. Det är lite olyckligt att kalla det för rappakalja, kan jag tycka, men det är ändå bra att vi visar på politiska skillnader här i riksdagen. Det är ju därför vi är här - vi är från olika politiska partier och har olika åsikter.</p><p>Jag ägnar nästan all min arbetstid här åt att läsa om det som Arbetsmiljöverket gör, men också om arbetsmiljösatsningar generellt och inte minst om den forskning som bedrivs för tillfället. Men jag har också ägnat en del tid åt att läsa de andra partiernas förslag, inte minst Moderaternas.</p><p> STYLEREF Kantrubrik \\* MERGEFORMAT Arbetsmiljö och arbetstid</p><p>Jag har här Moderaternas senaste budgetförslag från 2016, som skulle ha gällt i år om de hade vunnit budgetomröstningen i höstas. Där nämns arbetsmiljöfrågorna med tolv rader. Den stora satsning som Moderaterna gör är på 15 miljoner kronor. Det är väl jättebra att man gör någon satsning, men jag kan tycka att det är ganska futtigt och framför allt lite konstigt att man slår sig för bröstet för de stora satsningar man gör. Det som uppenbarligen är musklerna och satsningarna i denna budgetmotion är ju egentligen inte några särskilda satsningar på arbetsmiljöfrågorna.</p><p>Den viktigaste satsningen för kvinnors arbetsmiljö, om det är det Moderaterna vill satsa på, är de 10 välfärdsmiljarder som vi har avsatt, som framför allt ser till att man får en kollega till och slipper stressen och pressen på arbetet.</p><p>När det gäller den andra frågan jag ställde tycker jag att det är viktigt att få svar från Moderaterna. Om Moderaterna ska driva Sverige ihop med Sverigedemokraterna, vilket man har för avsikt att göra, kommer många främlingsfientliga åsikter att komma fram, och det kommer också att påverka både politiken och människors arbetsmiljö. Vad kommer ni att göra för eftergifter till Sverigedemokraterna?</p>",
    "intressent_id": "025967059622",
    "rel_dok_id": "H401AU10",
    "replik": "Y",
    "systemdatum": "2017-05-16 16:12:46"
  }
}