﻿{
  "anforande": {
    "dok_hangar_id": "4703370",
    "dok_id": "H409101",
    "dok_titel": "Protokoll 2016/17:101 Torsdagen den 27 april",
    "dok_rm": "2016/17",
    "dok_nummer": "101",
    "dok_datum": "2017-04-27 00:00:00",
    "avsnittsrubrik": "Väg- och fordonsfrågor",
    "underrubrik": null,
    "kammaraktivitet": "ärendedebatt",
    "anforande_id": "507aecae-bb3b-e711-9452-00262d0d0c40",
    "anforande_nummer": "144",
    "talare": "Sten Bergheden (M)",
    "parti": "M",
    "anforandetext": "<p>Herr ålderspresident! Här får vi reda på tankegångarna och målsättningen inom Miljöpartiet. Det är tydligen de som har styrt propositionen fullt ut.</p><p>Målsättningen är uppenbarligen att minska storleken på våra lastbilar. Miljöpartiet vill ha fram fler smålastbilar, och jag vet att ni har jobbat för 40 ton och EU-standard i dessa frågor, Karin Svensson Smith. Inom svensk industri och svensk konkurrenskraft pratar man snarare om att vi, för att klara det på sikt och hänga med, behöver gå åt andra hållet och ha längre och tyngre lastbilar.</p><p></p><p>Ni vill i stället att det ska vara fler lastbilar på vägen. Hur får dina bilar plats på vägen om du ska dela upp de långa lastbilarna på flera smålastbilar som ska åka där? Jag tror att det vore bra om Miljöpartiet tänkte igenom hela sin politik lite mer och funderade på dess konsekvenser, för den betyder att vi tappar konkurrenskraft men också att det blir fler fordon på vägen. Politiken hänger inte ihop där heller.</p><p>Vi har 60 ton här i landet. Det har vi, precis som jag sa inledningsvis, av den anledningen att vi har långa avstånd. Vi har frakter som ska utföras i Sverige på olika sätt, och vi måste se till att vi hänger med. Hur viktiga vår industri och våra jobb är för landet jag tog upp i mitt anförande.</p><p>Det verkar som att man i Miljöpartiet är mer mån om att vi ska ha fler mindre lastbilar här; det är lösningen. Man lyfter upp Schweiz och USA, som har mindre lastbilar. De får ha vilken storlek de vill på sina lastbilar, om jag ska vara riktigt tydlig.</p><p>Jag tycker att det är bra om våra företag stannar kvar i detta land så att vi kan producera välfärd och tillväxt och ha en konkurrenskraft som håller. Då är inte rätta vägen att minska storleken och tyngden på lastbilarna och gå ned till fler lastbilar med sämre konkurrenskraft.</p>",
    "intressent_id": "0828721176319",
    "rel_dok_id": "H401TU14",
    "replik": "Y",
    "systemdatum": "2017-05-18 13:19:09"
  }
}