﻿{
  "anforande": {
    "dok_hangar_id": "4703370",
    "dok_id": "H409101",
    "dok_titel": "Protokoll 2016/17:101 Torsdagen den 27 april",
    "dok_rm": "2016/17",
    "dok_nummer": "101",
    "dok_datum": "2017-04-27 00:00:00",
    "avsnittsrubrik": "Frågestund",
    "underrubrik": "Vägslitageavgiften och bioekonomin",
    "kammaraktivitet": "frågestund",
    "anforande_id": "097aecae-bb3b-e711-9452-00262d0d0c40",
    "anforande_nummer": "79",
    "talare": "Statsrådet Sven-Erik Bucht (S)",
    "parti": "S",
    "anforandetext": "<p></p><p>Fru talman! Först och främst har det inte funnits något förslag om en kilometerskatt, utan det har funnits ett förslag om en vägslitageavgift, som regeringen avvisade. Det är det konkreta fallet. Även där citerar Anders Åkesson fel.</p><p>Det är viktigt att Sverige kommer bort från oljeberoendet. Sverige har förutsättningar att bli det första landet i världen att komma ifrån det fossila. Landets yta är till ungefär 70 procent klädd av skog, och det är få länder som har den möjlighet som finns i Sverige.</p>",
    "intressent_id": "0781357446917",
    "rel_dok_id": "H4C120170427fs",
    "replik": "N",
    "systemdatum": "2017-05-18 13:18:58"
  }
}