﻿{
  "anforande": {
    "dok_hangar_id": "4702552",
    "dok_id": "H409100",
    "dok_titel": "Protokoll 2016/17:100 Onsdagen den 26 april",
    "dok_rm": "2016/17",
    "dok_nummer": "100",
    "dok_datum": "2017-04-26 00:00:00",
    "avsnittsrubrik": "Arbetsmiljö och arbetstid ",
    "underrubrik": null,
    "kammaraktivitet": "ärendedebatt",
    "anforande_id": "09a891a8-413a-e711-9452-00262d0d0c40",
    "anforande_nummer": "35",
    "talare": "Magnus Persson (SD)",
    "parti": "SD",
    "anforandetext": "<p>Fru talman! Vi är här för att debattera AU10 <em>Arbetsmiljö och arbetstid</em>. Givetvis står vi bakom samtliga våra reservationer, men för tids vinnande yrkar jag bifall endast till reservationerna 8 och 10.</p><p>Arbetsmiljö och arbetstid</p><p>Sverigedemokraterna vill fördubbla preskriptionstiden för arbetsmiljöbrott från dagens två år för brott av normalgraden respektive fem år för grovt brott, alltså till fyra år och tio år. </p><p>Arbetsmiljöverket jobbar i dag med att utöka sina inspektioner, men det räcker tyvärr inte. De skyldiga måste också kunna åtalas och dömas, och som läget är nu kommer många undan på grund av de korta preskriptionstiderna för arbetsmiljöbrott.</p><p>Det är svårt att förstå varför just arbetsmiljöbrott, som ofta tar lång tid att reda ut, ska skrivas av så snabbt. Att ge åklagare och polis dubbelt så lång tid för utredning skulle sannolikt göra att fler skyldiga döms.</p><p>Fru talman! En annan viktig aspekt på förlängda tider är att dagens arbetsmarknad ser annorlunda ut sedan Sveriges riksdag valde att rösta igenom att ge mer makt över svensk arbetsmarknad till EU. I dag är det praxis att entreprenader sker i många led och då ofta via bemanningsföretag, vilket kraftigt försvårar polisens arbete vid olyckor.</p><p>Glädjande är att vi nu kan se att flera fackföreningar och även ledningen inom LO ser problemen och har flaggat för att man vill se förlängda preskriptionstider av de anledningar som nämns i Sverigedemokraternas motion. Det är mycket glädjande. Jag har träffat flera företrädare inom facket som tycker att det är ett jättebra förslag.</p><p>Därför anser vi det ganska märkligt att regeringspartierna väljer att avstyrka motionen då man säger sig värna och vill ha ordning och reda på den svenska arbetsmarknaden. Jag tycker att det är ett steg i fel riktning. Och inte nog med det, man väljer också i vårbudgeten - om man läser lite noga - att sänka anslagen till Arbetsmiljöverket. Det är inga stora summor, men det skickar fel signaler för att man ska få ordning och reda på arbetsplatserna. De pengar som det handlar om kan innebära just de 20 arbetsplatsbesöken som hade räddat livet på en eller två personer, det vet vi inte.</p><p>Man straffar svenska löntagare via sin skattepolitik, och nu väljer man även att ta bort rätten för fler offer och anhöriga att få upprättelse och rättvisa gällande olyckor på arbetsplatser. Det är helt fel signaler om man anser sig vara en regering som värnar om ordning och reda för löntagare på våra svenska arbetsplatser. Det är ganska beklämmande, tycker jag.</p><p> Fru talman! Ca 100 000 kommunalarbetare i Sverige har delade turer med ofrivilliga, obetalda håltimmar. Enligt Kommunalarbetareförbundet använder sig nio av tio kommuner av delade turer. Förekomsten tycks dessutom ha ökat betydligt under de senaste åren.</p><p>Tycker regeringens företrädare att detta är en rimlig utveckling? Återigen ser vi att regeringen med Socialdemokraterna i ledartröjan inte lyssnar på sina gräsrötter och medlemmar ute i kommunerna. Att en så kallad feministisk regering gör så lite för att förhindra kvinnors sjukskrivningstal, det är undermåligt. Det är rent ut sagt uselt.</p><p> STYLEREF Kantrubrik \\* MERGEFORMAT Arbetsmiljö och arbetstid</p><p>Hur många familjer påverkas inte av detta? Det är fullständigt respektlöst att förvänta sig att människor i praktiken ska vara tillgängliga för arbete i 13 timmar, men enbart få betalt för 7. Så ser verkligheten ut för många människor i Sverige.</p><p>Delade turer får flera negativa konsekvenser för både individ och samhälle, särskilt för dem som bor på landsbygden. De kanske bor långt från sin arbetsplats och hinner inte hem på de så kallade håltimmarna. De får i stället sitta av tiden och vänta på nästa arbetspass. Detta leder till att arbetspassen, där ingen privat ledig tid egentligen ingår, blir både långa och oavlönade. Tycker regeringen att detta är rätt väg att gå?</p><p> För individen blir det här både psykiskt och fysiskt påfrestande. De som arbetar inom vården, ofta kvinnor, vittnar om att de inte kan ge sina patienter fullt stöd och uppmärksamhet under pass nummer två. De är helt enkelt för trötta.</p><p>För samhället får detta mätbara konsekvenser, främst i form av ökade sjukskrivningstal. Trots att det har funnits på dagordningen i många år har väldigt lite hänt. Det tycks till och med bli värre. Det verkar som att regeringen blundar för denna fråga.</p><p>Man gick ut och sa att så fort det blev regeringsbyte skulle man ta tag i detta. Nu har vi bytt regering, och det har inte hänt någonting.</p><p>Den primära orsaken är sannolikt neddragningarna på personal och resurser. Inom äldreomsorgen har var tionde anställd försvunnit sedan 2002, samtidigt som de äldre blivit fler.</p><p>Sverigedemokraterna anser att regeringen snarast bör återkomma med förslag om att avskaffa ofrivilligt delade turer. Det är dags att ta tag i detta problem och inte bara sopa det under mattan.</p>",
    "intressent_id": "0641953830512",
    "rel_dok_id": "H401AU10",
    "replik": "N",
    "systemdatum": "2017-05-16 16:12:45"
  }
}