﻿{
  "anforande": {
    "dok_hangar_id": "4703963",
    "dok_id": "H409102",
    "dok_titel": "Protokoll 2016/17:102 Fredagen den 28 april",
    "dok_rm": "2016/17",
    "dok_nummer": "102",
    "dok_datum": "2017-04-28 00:00:00",
    "avsnittsrubrik": "Aktuell debatt om attentatet i Stockholm",
    "underrubrik": null,
    "kammaraktivitet": "aktuell debatt",
    "anforande_id": "fe989fe0-bc3b-e711-9452-00262d0d0c40",
    "anforande_nummer": "18",
    "talare": "Statsrådet Anders Ygeman (S)",
    "parti": "S",
    "anforandetext": "<p>Herr talman! Först vill jag säga att jag tycker att både Linda Sneckers och Adam Marttinens inlägg tydligt illustrerar varför de inte har blivit inbjudna till de fortsatta samtalen om terrorism.</p><p>Sedan måste man fråga sig varför Sverigedemokraterna har begärt den här debatten när de inte ens vågar debattera sina egna förslag. Jag svarade på Adam Marttinens fråga, men han svarade inte på min fråga. </p><p>Dessutom förefaller han ju ljuga, eller han har åtminstone ändrat uppfattning om Sverigedemokraternas tidigare förslag. Jag ska för Adam Marttinens skull citera SD:s rättspolitiska talesperson om utvisning när man riskerar död eller tortyr: \"Vid utvisning ska noll och ingen hänsyn tas till om de riskerar tortyr eller dödsstraff.\" Det är ett ganska tydligt uttalande. Har ni nu svängt, när den rättspolitiska talespersonen väntar på domstolsprövning för misshandel? Då får du väl ge uttryck för det i talarstolen, Adam Marttinen.</p><p>Jag svarade på Adam Marttinens fråga. Adam Marttinen försökte inte ens debattera eller besvara min fråga om Sverigedemokraternas förslag. Varför tycker Sverigedemokraterna att det är angeläget att polis och säkerhetspolis ska kunna registrera homosexuella? Varför tycker Sverigedemokraterna att polis eller säkerhetspolis ska kunna registrera fackföreningsmedlemmar? På vilket sätt anser Sverigedemokraterna att denna möjlighet skulle göra Sverige säkrare?</p><p> STYLEREF Kantrubrik \\* MERGEFORMAT Aktuell debatt om attentatet i Stockholm</p><p>Nu har Adam Marttinen och Sverigedemokraterna begärt en debatt i Sveriges riksdag. Ta då chansen att försöka debattera, och svara på frågor, som demokratiska partier gör!</p><p>(Applåder)</p>",
    "intressent_id": "0744993950910",
    "rel_dok_id": "H4C120170428ad",
    "replik": "N",
    "systemdatum": "2017-05-18 13:27:08"
  }
}