﻿{
  "anforande": {
    "dok_hangar_id": "4703370",
    "dok_id": "H409101",
    "dok_titel": "Protokoll 2016/17:101 Torsdagen den 27 april",
    "dok_rm": "2016/17",
    "dok_nummer": "101",
    "dok_datum": "2017-04-27 00:00:00",
    "avsnittsrubrik": "Frågestund",
    "underrubrik": "Regeringen och Saudiarabiens medlemskap i FN:s kvinnokommission",
    "kammaraktivitet": "frågestund",
    "anforande_id": "d779ecae-bb3b-e711-9452-00262d0d0c40",
    "anforande_nummer": "29",
    "talare": "Statsrådet Isabella Lövin (MP)",
    "parti": "MP",
    "anforandetext": "<p>Fru talman! Tack, Tina Ghasemi, för frågan!</p><p>Vi instämmer i ledamotens beskrivning av Saudiarabien. FN består dock av alla sina medlemsländer, och regionerna utser ofta själva sina representanter i olika utskott, vilket sedan konfirmeras i FN:s ekonomiska och sociala råd genom acklamation. Saudiarabien hade utsetts till representant i sin regionala grupp.</p><p>Hur man röstade är något som varken den här eller någon annan regering avslöjar offentligt. Utrikesministern avser dock att dela med sig av detta under sekretess i Utrikesnämnden, vilket hon redan har berättat.</p>",
    "intressent_id": "0911490574010",
    "rel_dok_id": "H4C120170427fs",
    "replik": "N",
    "systemdatum": "2017-05-18 13:18:57"
  }
}