﻿{
  "anforande": {
    "dok_hangar_id": "4703963",
    "dok_id": "H409102",
    "dok_titel": "Protokoll 2016/17:102 Fredagen den 28 april",
    "dok_rm": "2016/17",
    "dok_nummer": "102",
    "dok_datum": "2017-04-28 00:00:00",
    "avsnittsrubrik": "Svar på interpellation 2016/17:367 om medicinsk åldersbedömning",
    "underrubrik": null,
    "kammaraktivitet": "interpellationsdebatt",
    "anforande_id": "0d999fe0-bc3b-e711-9452-00262d0d0c40",
    "anforande_nummer": "27",
    "talare": "Justitie- och migrationsministern Morgan Johansson (S)",
    "parti": "S",
    "anforandetext": "<p>Svar på interpellationer</p><p>Herr talman! Johanna Jönsson har frågat mig vad jag och regeringen kommer att göra för att barn som felaktigt skrivits upp i ålder utan en medicinsk åldersbedömning inte ska utvisas till ett oordnat mottagande.</p><p>Inledningsvis vill jag påminna om att det inom asylprocessen är den sökande som har bevisbördan och att det endast krävs att den sökande gör sin identitet inklusive ålder sannolik. Det är ett lägre beviskrav än vad som gäller i andra migrationsärenden. Inom asylrätten gäller även en särskild bevislättnadsregel: principen om tvivelsmålets fördel, benefit of the doubt. Många asylsökande kan göra sin identitet inklusive ålder sannolik utan medicinsk åldersbedömning, till exempel genom pass och andra identitetshandlingar eller annan bevisning.</p><p>Det är dock viktigt för förtroendet för asylprocessen att det vid behov även finns möjlighet att erbjuda den sökande ett tillfälle att genomgå en medicinsk åldersbedömning. En sådan blir bara aktuell om sökanden inte har kunnat göra sin ålder sannolik på annat sätt, och den får utföras endast om sökanden har gett sitt skriftliga samtycke.</p><p>Systemet med medicinska åldersbedömningar upphörde emellertid i praktiken att fungera under den förra regeringsperioden. För den nuvarande regeringen har det varit angeläget att finna en ordning för hur sådana ska kunna genomföras som har ett brett stöd. Regeringen gav därför Rättsmedicinalverket i uppdrag att i samarbete med Migrationsverket utforma ett sådant system. Detta är nu på plats sedan den 13 mars i år. Hittills har Migrationsverket beställt medicinska åldersbedömningar från Rättsmedicinalverket i mer än 2 200 ärenden.</p><p>Asylsökande som fått sin ålder korrigerad i samband med ett avslagsbeslut kan överklaga beslutet om avslag på asylansökan till migrationsdomstol. Vid en sådan överklagan blir även åldersfrågan föremål för domstolens prövning. Det är upp till domstolen att bedöma om Migrationsverket har haft ett fullgott beslutsunderlag för att pröva frågan om ålder. Domstolen får då också ta ställning till vilka åtgärder som bör vidtas, exempelvis om den sökande ska erbjudas att genomgå en medicinsk åldersbedömning.</p><p> STYLEREF Kantrubrik \\* MERGEFORMAT Svar på interpellationer</p><p>Avslutningsvis vill jag betona att EU:s återvändandedirektiv och utlänningslagen ställer ett krav på ordnat mottagande vid ett återvändande när det handlar om ensamkommande barn och att det inte finns något utrymme för svenska myndigheter att avvika från detta krav. Det är upp till Polismyndigheten, Migrationsverket och migrationsdomstolarna att i verkställighetsstadiet bedöma om det finns hinder mot att verkställa ett av eller utvisningsbeslut. I samband med den verkställighetsprövningen kan inhibition beslutas om skäl finns därtill.</p>",
    "intressent_id": "0473783431010",
    "rel_dok_id": "H410367",
    "replik": "N",
    "systemdatum": "2017-05-18 13:27:15"
  }
}