﻿{
  "anforande": {
    "dok_hangar_id": "4703370",
    "dok_id": "H409101",
    "dok_titel": "Protokoll 2016/17:101 Torsdagen den 27 april",
    "dok_rm": "2016/17",
    "dok_nummer": "101",
    "dok_datum": "2017-04-27 00:00:00",
    "avsnittsrubrik": "Medborgarskap, Migration och asylpolitik, Anhöriginvandring och Arbetskraftsinvandring",
    "underrubrik": null,
    "kammaraktivitet": "ärendedebatt",
    "anforande_id": "be79ecae-bb3b-e711-9452-00262d0d0c40",
    "anforande_nummer": "6",
    "talare": "Johan Forssell (M)",
    "parti": "M",
    "anforandetext": "<p>Fru ålderspresident! Jag tror att det är dags att Yilmaz Kerimo uppdaterar sina talepunkter lite grann. För att ta Täby som ett exempel har Täby kommun precis tecknat ett stort avtal med Migrationsverket om att överta befintliga strukturer för att ge bostad till nyanlända.</p><p>I S-styrda Haninge vill man nu däremot ha ett undantag från kommunplaceringarna. Det är Socialdemokraterna som styr där. Vi har redan nämnt Malmö, där Socialdemokraterna också styr och där man i praktiken inte vill ha fler nyanlända via denna lagstiftning.</p><p>Det är alltså lite mer komplicerat än att detta skulle handla om partifärg, Yilmaz Kerimo. Jag ska berätta vad det handlar om: Det handlar om att de nödvändiga reglerna för att på kort tid ta fram väldigt många nya bostäder inte finns på plats. Detta sa Alliansens partier redan hösten 2015 - det var därför vi fick in det i den överenskommelse som vi slöt.</p><p>Därefter har det i praktiken gjorts väldigt lite från regeringens sida. Alliansen har tillsammans presenterat en motion med konkreta förslag på hur vi kan minska krånglet och öka möjligheterna att bygga i nya lägen, på nya sätt och med nya strukturer för att klara av det här problemet.</p><p>Problemet är dock att regeringspartierna väljer att avslå detta. Frågan är om det inte snarast är Yilmaz Kerimo som är svaret skyldig. Om ni nu verkligen på kort tid vill få fram dessa bostäder, varför presenterar ni då inga förslag för att ta fram dem? Och varför avslår ni de konkreta reformer som Alliansens partier har lagt på riksdagens bord?</p>",
    "intressent_id": "0126797549328",
    "rel_dok_id": "H401SfU14, H401SfU15, H401SfU16, H401SfU17",
    "replik": "Y",
    "systemdatum": "2017-05-18 13:18:52"
  }
}