﻿{
  "anforande": {
    "dok_hangar_id": "4706363",
    "dok_id": "H409103",
    "dok_titel": "Protokoll 2016/17:103 Tisdagen den 2 maj",
    "dok_rm": "2016/17",
    "dok_nummer": "103",
    "dok_datum": "2017-05-02 00:00:00",
    "avsnittsrubrik": "Svar på interpellation 2016/17:441 om Centralbron i Stockholm",
    "underrubrik": null,
    "kammaraktivitet": "interpellationsdebatt",
    "anforande_id": "dc1f8197-5344-e711-9450-00262d0d7125",
    "anforande_nummer": "113",
    "talare": "Erik Ottoson (M)",
    "parti": "M",
    "anforandetext": "<p>Herr talman! Tack, statsrådet för det kompletterande svaret!</p><p>En del i det förslag som har kommit från Moderaterna i Stockholms stad är att det på ungefär motsvarande plats ska förläggas en ny cykelväg från centrala Stockholm till Södermalm för att skapa bättre förbindelser och bättre förutsättningar för att på ett säkert sätt transportera sig med cykel i Stockholm - någonting som vi alla som har försökt att cykla i Stockholms innerstad uppskattar. Hur långt man kan gå med det är inte någonting som jag och statsrådet kan utröna under den en och en halva minuten som återstår av min talartid.</p><p>Det är intressant att höra statsrådets resonemang. Jag tror inte heller att man kan \"knö\" in detta i någon Sverigeförhandling i så här sent skede. Jag tror inte heller att det går att \"knö\" in det i någonting annat, med undantag av om en modig regering skulle initiera ett projekt i denna riktning som andra regeringar har försökt för att hitta samverkansformer över de olika uppdelningarna nationellt, regionalt och kommunalt för hitta synergieffekter och gemensamma finansieringslösningar.</p><p>Men jag tolkar det som att det inte finns någon sådan öppning i dag utöver de konventionella processerna, och det är egentligen svar nog på frågan.</p>",
    "intressent_id": "0832311880029",
    "rel_dok_id": "H410441",
    "replik": "N",
    "systemdatum": "2017-05-29 11:46:43"
  }
}