﻿{
  "anforande": {
    "dok_hangar_id": "4706363",
    "dok_id": "H409103",
    "dok_titel": "Protokoll 2016/17:103 Tisdagen den 2 maj",
    "dok_rm": "2016/17",
    "dok_nummer": "103",
    "dok_datum": "2017-05-02 00:00:00",
    "avsnittsrubrik": "Svar på interpellationerna 2016/17:402, 403, 404, 405 och 406 om fjärrstyrd flygledning",
    "underrubrik": null,
    "kammaraktivitet": "interpellationsdebatt",
    "anforande_id": "d51f8197-5344-e711-9450-00262d0d7125",
    "anforande_nummer": "106",
    "talare": "Edward Riedl (M)",
    "parti": "M",
    "anforandetext": "<p>Herr talman! Vi kommer nog att ha skäl att återkomma till denna debatt. </p><p>I grunden handlar det om att regeringen gick till val på att man skulle flytta jobb från Stockholm ut i landet. Statliga myndighetsjobb skulle ut i landet, men i själva verket blev det tvärtom. </p><p>Regeringen kan faktiskt påverka de statliga bolagen. Vill man flytta ut jobb i landet är det fullt möjligt. Om tekniken möjliggör det ministern säger kan man alltså flytta jobben från Stockholm ut i landet i stället för att göra precis tvärtom.</p><p>Låt mig återvända till den granskning som Sveriges Television gjorde. Här ställdes en del rimliga frågor, och man tog också upp en del farhågor. Jag tycker att kritiken är rimlig och att man bör ta den till sig. Faktum är att Luftfartsverkets egna siffror, alltså inte dem som SVT tog fram, visar på en besparingspotential på 1 promille. Jag hänvisar inte till någon lönekonsult, som SVT gjorde och kunde peka på att det till och med skulle bli negativt, men bedömningen blir rimligen densamma. </p><p>Om Luftfartsverkets beräkningar bygger på att man har simultana landningar, det vill säga att <em>en</em> trafikledare kan hantera flera flygplatser, och att man därigenom kan bespara en hel promille av verksamhetens kostnader och de flesta tycker att man absolut inte bör göra detta funderar jag på om det verkligen blir en besparing i slutänden. Här ger ministern inget rimligt svar.</p><p> STYLEREF Kantrubrik \\* MERGEFORMAT Svar på interpellationer</p><p>Det finns också kritik mot själva affärsupplägget, men det hinner jag inte ta.</p>",
    "intressent_id": "0273506284025",
    "rel_dok_id": "H4C120170502ip",
    "replik": "N",
    "systemdatum": "2017-05-29 11:46:41"
  }
}