﻿{
  "anforande": {
    "dok_hangar_id": "4702552",
    "dok_id": "H409100",
    "dok_titel": "Protokoll 2016/17:100 Onsdagen den 26 april",
    "dok_rm": "2016/17",
    "dok_nummer": "100",
    "dok_datum": "2017-04-26 00:00:00",
    "avsnittsrubrik": "Nya utstationeringsregler",
    "underrubrik": null,
    "kammaraktivitet": "ärendedebatt",
    "anforande_id": "05a891a8-413a-e711-9452-00262d0d0c40",
    "anforande_nummer": "32",
    "talare": "Magnus Manhammar (S)",
    "parti": "S",
    "anforandetext": "<p>Fru talman! Den här debatten har varit konstig. Att döma av nästan alla replikskiften med de borgerliga partierna verkar det som att de inte förstår hur den svenska arbetsmarknaden fungerar. Det är olyckligt. Det kan också vara på det sättet att de spelar att de inte känner till hur den svenska arbetsmarknaden fungerar.</p><p>Det är lite sorgligt att de på olika sätt lägger ord i munnen på oss - vad vi ska tycka.</p><p>Jag citerade tidigare vad Mats Åkerlind har sagt om förslaget. Jag har också läst de invändningar man har. Men i grunden är man positiv till att förslaget ligger på riksdagens bord och till att vi i dag ska fatta ett positivt beslut om det. Man är i grunden positiv, även om man har vissa invändningar som kan behöva finnas med i det fortsatta arbetet. Men man ser också att det är ett steg på vägen.</p><p>Den svenska modellen är - återigen - att det är parterna, i det här fallet Byggnads och Sveriges Byggindustrier, som ska tycka till om det här. Om parterna är överens, vilket de faktiskt är om detta, tycker jag att vi i riksdagen också ska vara positiva till det. Den svenska modellen innebär ingenting annat.</p><p>Den svenska modellen innebär att det är parterna som har bäst koll på hur arbetsmarknaden ska skötas. Vi ska också låta dem sköta det.</p>",
    "intressent_id": "025967059622",
    "rel_dok_id": "H401AU9",
    "replik": "Y",
    "systemdatum": "2017-05-16 16:12:46"
  }
}