﻿{
  "anforande": {
    "dok_hangar_id": "4702552",
    "dok_id": "H409100",
    "dok_titel": "Protokoll 2016/17:100 Onsdagen den 26 april",
    "dok_rm": "2016/17",
    "dok_nummer": "100",
    "dok_datum": "2017-04-26 00:00:00",
    "avsnittsrubrik": "Straffskalorna för vissa allvarliga våldsbrott",
    "underrubrik": null,
    "kammaraktivitet": "ärendedebatt",
    "anforande_id": "2ba891a8-413a-e711-9452-00262d0d0c40",
    "anforande_nummer": "65",
    "talare": "Annika Hirvonen Falk (MP)",
    "parti": "MP",
    "anforandetext": "<p> STYLEREF Kantrubrik \\* MERGEFORMAT Straffskalorna för vissa allvarliga våldsbrott</p><p>Fru ålderspresident! Det vore kanske att överdriva att säga att den tidigare borgerliga regeringen inte gjorde någonting som kunde förebygga brott. Men faktum kvarstår ändå att klyftorna ökade, antalet utsatta områden ökade och stödet till Brottsförebyggande rådets arbete för att stötta kommunerna i konkret brottsförebyggande arbete låg still under alla de år som Anti Avsans parti ansvarade för dessa frågor. </p><p>Under den sittande regeringen har vi flerdubblat stödet till Brottsförebyggande rådets brottsförebyggande arbete, någonting som är starkt efterfrågat ute i kommunerna. Vad gäller verktyg till socialtjänsten är det absolut viktigaste verktyget för att socialtjänsten ska kunna ingripa, både mot barn som begår brott och för att skydda barn som är utsatta för brott, fler kollegor. Därför spelar det en enormt stor roll att regeringen har tillskjutit generella statsbidrag på 10 miljarder till kommunerna och att det görs särskilda satsningar just på socialtjänsten. Detta är det som verkligen kan få effekt brett för att minska brottsligheten både mot unga och av unga. </p><p>Jag ska återgå till dagens ärende. Jag vill inte hävda att straff inte skulle ha någon betydelse. Men med tanke på den betydelse som straffen har gör vi dessa förändringar just för att uppnå en proportionalitet och ekvivalens i straffsystemet. Jag tycker verkligen att könsstympning av kvinnor är det tydligaste exemplet där det inte har varit ändamålsenligt. </p><p>Överläggningen var härmed avslutad. </p><p>(Beslut fattades under § 15.)</p>",
    "intressent_id": "0819601620927",
    "rel_dok_id": "H401JuU14",
    "replik": "Y",
    "systemdatum": "2017-05-16 16:12:50"
  }
}