﻿{
  "anforande": {
    "dok_hangar_id": "4703370",
    "dok_id": "H409101",
    "dok_titel": "Protokoll 2016/17:101 Torsdagen den 27 april",
    "dok_rm": "2016/17",
    "dok_nummer": "101",
    "dok_datum": "2017-04-27 00:00:00",
    "avsnittsrubrik": "Frågestund",
    "underrubrik": "Den vetenskapliga grunden för regeringens klimatsatsningar",
    "kammaraktivitet": "frågestund",
    "anforande_id": "047aecae-bb3b-e711-9452-00262d0d0c40",
    "anforande_nummer": "74",
    "talare": "Jonas Jacobsson Gjörtler (M)",
    "parti": "M",
    "anforandetext": "<p>Fru talman! Problemet är lite grann hur man räknar, och det är klart att om man räknar laddstolpar och stöd till dem 16 gånger får man ju fram siffror som kan se bättre ut än vad de kanske egentligen borde vara.</p><p>Vi har motsvarande problem på andra områden, som jag nämnde, till exempel när det gäller ekologisk livsmedelsproduktion. Där har forskare vid SLU konstaterat att ekoproduktionen inte är hälsosammare, inte mer klimatsmart och inte heller bättre för miljön än den konventionella produktionen.</p><p></p><p>Det skulle vara intressant att höra om regeringen är beredd att ompröva sin ståndpunkt i de här frågorna.</p>",
    "intressent_id": "0495314169413",
    "rel_dok_id": "H4C120170427fs",
    "replik": "N",
    "systemdatum": "2017-05-18 13:18:58"
  }
}