﻿{
  "anforande": {
    "dok_hangar_id": "4703370",
    "dok_id": "H409101",
    "dok_titel": "Protokoll 2016/17:101 Torsdagen den 27 april",
    "dok_rm": "2016/17",
    "dok_nummer": "101",
    "dok_datum": "2017-04-27 00:00:00",
    "avsnittsrubrik": "Medborgarskap, Migration och asylpolitik, Anhöriginvandring och Arbetskraftsinvandring",
    "underrubrik": null,
    "kammaraktivitet": "ärendedebatt",
    "anforande_id": "cf79ecae-bb3b-e711-9452-00262d0d0c40",
    "anforande_nummer": "23",
    "talare": "Johanna Jönsson (C)",
    "parti": "C",
    "anforandetext": "<p>Fru ålderspresident! Jag trodde att jag var tydlig i mitt anförande, Paula Bieler. Jag kan vara tydlig igen. Jag vet att även min partiledare har varit tydlig om och om igen i frågan, så du har nog hört svaret tidigare. Jag gissar att du egentligen vet vad jag kommer att svara.</p><p>Självfallet anser vi att det behövs regler. Det behöver vara ordnat när människor ska komma hit. I detta finns såklart också en konflikt. Människor kommer att få avslag. Det kommer att finnas människor i landet som inte ens ansöker om ett tillstånd och som på det sättet lever i ett skuggsamhälle eller vad man nu vill kalla det.</p><p>Detta är otroligt svåra och komplicerade frågor - komplexa frågor. Vi vet att hela asylsystemet är uppbyggt på regler som aldrig fullt ut kommer att kunna omfatta alla. Det kommer att finnas personer som ljuger sig igenom systemet och på så vis får ett uppehållstillstånd för att de har skyddsskäl fast de egentligen inte har det. Det kommer på samma sätt att finnas personer som trillar ut och som inte får skydd fast de borde ha det. Det behöver man ha en förståelse för när man jobbar med de här frågorna.</p><p>Givetvis är utgångspunkten att den som har fått ett avslag och som inte har någon annan typ av uppehållstillstånd ska lämna landet. Det är även Centerpartiets inställning.</p><p>När det gäller de konkreta åtgärderna har vi bland annat talat om återtagandeavtal, eller, som du var inne på också, hur man ska få andra länder att ta sitt ansvar. Varje land har ju ett ansvar enligt folkrätten att ta emot sina medborgare, men många gör inte det, framför allt inte på ett sätt som också följer mänskliga rättigheter. Vi har ju sett många fall där länder direkt tar människor i förvar när de kommer tillbaka enbart för att de har sökt asyl någon annanstans och ibland misshandlar eller mördar dem.</p><p>Det finns alltså svårigheter här på många olika sätt. Vi har också till exempel talat om mer resurser till gränspolisen. Jag kan återkomma med exempel på fler åtgärder i nästa replik.</p>",
    "intressent_id": "0495218011521",
    "rel_dok_id": "H401SfU14, H401SfU15, H401SfU16, H401SfU17",
    "replik": "Y",
    "systemdatum": "2017-05-18 13:18:53"
  }
}