﻿{
  "anforande": {
    "dok_hangar_id": "4703370",
    "dok_id": "H409101",
    "dok_titel": "Protokoll 2016/17:101 Torsdagen den 27 april",
    "dok_rm": "2016/17",
    "dok_nummer": "101",
    "dok_datum": "2017-04-27 00:00:00",
    "avsnittsrubrik": "Frågestund",
    "underrubrik": "Regeringens mål för ekologisk produktion",
    "kammaraktivitet": "frågestund",
    "anforande_id": "117aecae-bb3b-e711-9452-00262d0d0c40",
    "anforande_nummer": "87",
    "talare": "Statsrådet Sven-Erik Bucht (S)",
    "parti": "S",
    "anforandetext": "<p>Fru talman! När vi tillträdde hade Alliansen faktiskt 400 miljoner i landsbygdsprogrammet för att stödja övergången till eko, så det här är en total svängning.</p><p>Det behövs inte så mycket vetenskap. Går man runt i handeln ser man att det är tomt på ekologiskt i hyllorna i de svenska butikerna.</p><p>(Applåder)</p>",
    "intressent_id": "0781357446917",
    "rel_dok_id": "H4C120170427fs",
    "replik": "N",
    "systemdatum": "2017-05-18 13:18:58"
  }
}