﻿{
  "anforande": {
    "dok_hangar_id": "4702552",
    "dok_id": "H409100",
    "dok_titel": "Protokoll 2016/17:100 Onsdagen den 26 april",
    "dok_rm": "2016/17",
    "dok_nummer": "100",
    "dok_datum": "2017-04-26 00:00:00",
    "avsnittsrubrik": "Bostadspolitik och Planering och byggande",
    "underrubrik": null,
    "kammaraktivitet": "ärendedebatt",
    "anforande_id": "44a891a8-413a-e711-9452-00262d0d0c40",
    "anforande_nummer": "88",
    "talare": "Lars Eriksson (S)",
    "parti": "S",
    "anforandetext": "<p>Fru ålderspresident! Jag tycker att Ola Johanssons anförande var rappt och väldigt intressant. Kanske tar jag i lite nu - lite gammalt var det också.</p><p>Det var några saker jag reagerade på. Ola tog bland annat upp att diskussionen inte bara bör handla om <em>att</em> det byggs utan också om <em>åt vem</em>. Det tyckte jag var intressant. En sådan grupp kan till exempel vara unga och studenter.</p><p>Jag tittade snabbt igenom listan över dem som ansökt om investeringsstöd för att bygga studentbostäder. Jag hittade kommuner som Örebro, Perstorp, Lund och Kalmar, och även Stockholms län med flera, som nu bygger studentbostäder för att man får tillgång till investeringsstöden.</p><p>Ola Johansson har, tycker jag, en lite felaktig bild av hur det gick till när kommunerna fick del av byggbonusen. Det var inte så att de bara fick byggbonus, utan de fick ansöka; det var en aktiv handling. Man skulle ha uppfyllt ett antal kriterier: Man skulle ha tagit emot nyanlända, man skulle ha påbörjat eller byggt bostäder, man skulle ha en översiktsplan och man skulle ha en bostadsförsörjningsplan.</p><p> STYLEREF Kantrubrik \\* MERGEFORMAT Bostadspolitik och Planering och byggande</p><p>Detta har dragit igång en febril aktivitet i många kommuner. Det kommer att vara många fler som klarar av att göra detta nästa gång, eftersom flera kommuner som har ett tungt byggande faktiskt inte ens har kunnat ansöka eftersom man inte uppfyllt alla kriterier.</p><p>Så min fråga till Ola Johansson är: Vad har ni egentligen gjort för att öka byggandet av bostäder för unga och studenter?</p>",
    "intressent_id": "0988383147219",
    "rel_dok_id": "H401CU14, H401CU15",
    "replik": "Y",
    "systemdatum": "2017-05-16 16:12:54"
  }
}