﻿{
  "anforande": {
    "dok_hangar_id": "4703370",
    "dok_id": "H409101",
    "dok_titel": "Protokoll 2016/17:101 Torsdagen den 27 april",
    "dok_rm": "2016/17",
    "dok_nummer": "101",
    "dok_datum": "2017-04-27 00:00:00",
    "avsnittsrubrik": "Skogspolitik",
    "underrubrik": null,
    "kammaraktivitet": "ärendedebatt",
    "anforande_id": "7f7aecae-bb3b-e711-9452-00262d0d0c40",
    "anforande_nummer": "190",
    "talare": "Stina Bergström (MP)",
    "parti": "MP",
    "anforandetext": "<p>Fru ålderspresident! Tack, Johan Hultberg!</p><p>Jag vill bara säga till Johan Hultberg att mitt anförande från början var ungefär dubbelt så långt. Jag har plockat bort allt bra som regeringen har gjort, för det har jag tänkt att jag kan använda i mina repliker.</p><p></p><p>Jag är väldigt stolt över den extra naturvårdsmiljard varje år som vår regering har anslagit för att skydda och sköta värdefull natur. Den gör faktiskt att vi skulle kunna närma oss det mål för hur mycket natur som ska skyddas som er regering satte upp 2014. Det skulle ni inte ha möjlighet att göra med den budget ni har.</p><p>Det tycker jag är väldigt bekymmersamt, för när vi tillträdde som regering var det faktiskt många skogsägare som stod i kö och inte fick sina pengar fast länsstyrelsen hade pekat ut områden som måste skyddas och göras till naturreservat. Nu har man kunnat beta av den kön, och det tycker jag är väldigt glädjande.</p><p>När det gäller nyckelbiotopsinventeringen tycker jag att det är lite märkligt. Den startade på 90-talet i samband med att vi fick den nya skogsvårdslagen, där det talas om ett handslag mellan skogsbrukarna och miljöintressena och frihet under ansvar. Man startade också certifieringen, för det hör ihop med detta.</p><p>En certifierad skogsägare får inte avverka nyckelbiotoper. Man ska också skydda 5 procent av den produktiva skogsmarken. Men som skogsägare måste man också veta var man har nyckelbiotoper. Det bestämdes då att Skogsstyrelsen hjälper de privata skogsägarna att inventera så att de vet vad de har för nyckelbiotoper. De stora bolagen kan göra detta själva.</p><p>Detta har man gjort, men man behöver göra mer av det så att jag som skogsägare vet att jag inte bryter mot en certifiering.</p>",
    "intressent_id": "0401968752713",
    "rel_dok_id": "H401MJU13",
    "replik": "Y",
    "systemdatum": "2017-05-18 13:19:12"
  }
}