﻿{
  "anforande": {
    "dok_hangar_id": "4703370",
    "dok_id": "H409101",
    "dok_titel": "Protokoll 2016/17:101 Torsdagen den 27 april",
    "dok_rm": "2016/17",
    "dok_nummer": "101",
    "dok_datum": "2017-04-27 00:00:00",
    "avsnittsrubrik": "Frågestund",
    "underrubrik": "Den vetenskapliga grunden för regeringens klimatsatsningar",
    "kammaraktivitet": "frågestund",
    "anforande_id": "037aecae-bb3b-e711-9452-00262d0d0c40",
    "anforande_nummer": "73",
    "talare": "Statsrådet Isabella Lövin (MP)",
    "parti": "MP",
    "anforandetext": "<p>Fru talman! Tack, Jonas Jacobsson Gjörtler, för den väldigt vida frågan!</p><p>Jag skulle vilja ifrågasätta påståendet att Klimatklivet inte har ett faktabaserat underlag. Vi har mycket data från Naturvårdsverket som talar om att de 4 miljarder kronor som delas ut i Klimatklivet och som går till kommuner, landsting och den privata sektorn kommer att leda till årliga utsläppsminskningar som motsvarar, hittills, 140 000 bensinbilar om året. Klimatklivet är en succé!</p><p>Jag ser i allra högsta grad att man behöver ha en faktabaserad politik, och därför är vi väldigt för den kostnadseffektiva åtgärden inom Klimatklivet - 156 kronor per ton, inte 3 000 kronor per ton som Jonas Jacobsson Gjörtler tidigare har anfört flera gånger här i kammaren.</p>",
    "intressent_id": "0911490574010",
    "rel_dok_id": "H4C120170427fs",
    "replik": "N",
    "systemdatum": "2017-05-18 13:18:58"
  }
}