﻿{
  "anforande": {
    "dok_hangar_id": "4706363",
    "dok_id": "H409103",
    "dok_titel": "Protokoll 2016/17:103 Tisdagen den 2 maj",
    "dok_rm": "2016/17",
    "dok_nummer": "103",
    "dok_datum": "2017-05-02 00:00:00",
    "avsnittsrubrik": "Återrapportering från Europeiska rådets möte den 29 april",
    "underrubrik": null,
    "kammaraktivitet": null,
    "anforande_id": "721f8197-5344-e711-9450-00262d0d7125",
    "anforande_nummer": "12",
    "talare": "Pavel Gamov (SD)",
    "parti": "SD",
    "anforandetext": "<p>Herr talman! Jag vill tacka statsministern för svaren på mina frågor. Jag kan dock konstatera att det faktiskt är så att EU behöver Storbritannien mer än vad Storbritannien behöver EU. Storbritannien kan vända sig till andra marknader om man nu vill bestraffa britterna på det här sättet och avvakta med förhandlingar om frihandelsavtal.</p><p>Jag och mitt parti ser det som direkt kontraproduktivt att EU vill sätta sig på tvären och att även Sveriges statsminister på detta sätt vill sätta sig på tvären och möjligtvis avvakta i flera år med förhandlingarna om frihandelsavtal. Det är absolut en process som kan löpa parallellt med utträdesprocessen, som vi ser det.</p><p>Herr talman! Stefan Löfven vill inte använda sin vetorätt. Sveriges statsminister vill inte använda sin vetorätt för att garantera att Sverige inte får en högre medlemsavgift. Jag känner mycket väl till att det kommer att bli en förhandling om den nya budgeten. Men Sverige har ändå vetorätt, och Stefan Löfven kan, om han vill, garantera att Sveriges medlemsavgift inte kommer att öka.</p>",
    "intressent_id": "0504711999229",
    "rel_dok_id": null,
    "replik": "N",
    "systemdatum": "2017-05-29 11:46:20"
  }
}