﻿{
  "anforande": {
    "dok_hangar_id": "4546972",
    "dok_id": "H40910",
    "dok_titel": "Protokoll 2016/17:10 Onsdagen den 28 september",
    "dok_rm": "2016/17",
    "dok_nummer": "10",
    "dok_datum": "2016-09-28 00:00:00",
    "avsnittsrubrik": "Riksrevisionens rapport om ekonomiska risker för staten i fråga om gruvavfall",
    "underrubrik": null,
    "kammaraktivitet": null,
    "anforande_id": "33d5f233-e195-e611-9441-00262d0d7125",
    "anforande_nummer": "40",
    "talare": "Jens Holm (V)",
    "parti": "V",
    "anforandetext": "<p>Fru talman! Jag vill börja med att säga att jag självklart står bakom alla Vänsterpartiets reservationer, men för tids vinnande yrkar jag bifall bara till reservation 3.</p><p>Vi diskuterar här ärendet om Riksrevisionens rapport om ekonomiska risker för staten i fråga om gruvavfall. Det var en mycket gedigen rapport som Riksrevisionen gjorde i fjol och som just hanterar frågan om de stora mängder avfall som uppkommer från gruvindustrin. Vi ska veta att gruvindustrin ensam är den sektor som producerar absolut mest avfall i Sverige. Den står för 80 procent av den totala svenska avfallsproduktionen. Därför tycker jag att den här granskningen från Riksrevisionen är mycket viktig. Vi från Vänsterpartiet har tagit fasta på en del av Riksrevisionens viktiga och angelägna förslag. Jag återkommer till dem.</p><p>Den här diskussionen förs i ett sammanhang då gruvindustrin och malmproduktionen slår nya rekord i Sverige. Nya gruvor öppnas - visserligen läggs vissa andra ned - och koncessioner för att prospektera efter nya fyndigheter ges på löpande band av vår myndighet Bergsstaten.</p><p>Vi i Sverige har de lägsta avgifterna och skatterna för gruvindustrin i den utvecklade världen. Vår mineralavgift är bara 2 promille av det landade värdet. Det här har till exempel konstaterats i en jämförelse som Världsbanken gjorde för ett tag sedan. Vi från Vänsterpartiet tycker att det är uppenbart att gruvindustrin i Sverige måste ta ett mycket större ansvar. Det tycker vi av flera skäl. Vi tycker det av sociala och arbetsmarknadspolitiska skäl. Vi vill inte ha en industri som är fly-in/fly-out, som är här för snabba vinster och sedan drar härifrån - en industri som inte investerar i lokalsamhället utan bara är ute efter kortsiktig vinst.</p><p> STYLEREF Kantrubrik \\* MERGEFORMAT Riksrevisionens rapport om ekono-miska risker för staten i fråga om gruvavfall</p><p>Vi vill ha långsiktiga och hållbara investeringar, och vi tror också att vi genom att ställa rätt former av ekonomiska och miljömässiga krav på den här branschen kan få ett större ansvarstagande. Vi tycker inte att den så kallade mineralstrategin som den tidigare borgerliga regeringen presenterade räcker på långa vägar.</p><p>Riksrevisionen sätter fokus på några viktiga saker, och det gäller vem som ska ta det ekonomiska ansvaret för de stora ingrepp i miljön som gruvverksamhet innebär.</p><p>Som jag sa tidigare står gruvverksamheten för de i särklass största avfallsmängderna som produceras i Sverige. Riksrevisionen konstaterar att under de senaste 40 åren har avfallet från just gruvindustrin ökat lavinartat.</p><p>Även om det sägs att branschen ska ta det ekonomiska ansvaret för att återställa och sanera efter en gruvverksamhet är det inte helt självklart att den gör det, tvärtom. Ofta skickas fakturan till staten och till oss skattebetalare. </p><p>Som exempel kan nämnas Blaikendagbrottet i Västerbotten. Den gruvan öppnades för ungefär tio år sedan för att man skulle bryta bland annat zink, guld och bly. Gruvan öppnades av ett företag som hette Scanmining. Ganska snart därefter gick det bolaget i konkurs och blev uppköpt av ett annat bolag som i sin tur gick i konkurs för ungefär fem år sedan.</p><p>Nu kan det konstateras att det inte finns några pengar kvar för att återställa efter de stora ingrepp som har skett i miljön och en näraliggande sjö. Advokat Jan Lindahl uttalade i media för några månader sedan: När det kommer till den slutliga efterbehandlingen är det staten och skattebetalarnas pengar som kommer att användas.</p><p>Så där ser det tyvärr ut i flera fall i Sverige. Vi i Vänsterpartiet menar att det beror på att lagstiftningen är alldeles för tam.</p><p>Vi i Vänsterpartiet har ett antal förslag som är baserade på det som Riksrevisionen tar upp.</p><p>För det första vill vi se en långsiktig branschfinansierad fond för just efterbehandling och sanering. Fonden ska också användas för kontroll av det avfall som gruvindustrin producerar. Då uppfyller man det som sägs i vår miljölagstiftning, nämligen att det är förorenaren som ska betala. Om branschen går ihop och satsar pengar i en fond finns det en säkerhet i de fall där det är oklart vem som ska betala.</p><p>För det andra anser vi att miljöbalken behöver stärkas. Vi i Vänsterpartiet skulle vilja se att det är miljöbalken som ska vara styrande när det gäller tillstånd och de krav som ställs på gruvindustrin. Minerallagen borde alltså införas i miljöbalken.</p><p>Om miljöbalken kan justeras så att det ställs krav på ekonomisk säkerhet på bolagen och deras eventuella dotterbolag när de öppnar en gruva får vi också en extra garanti för att det rör sig om seriösa aktörer och inte om några kortsiktiga lycksökare. Ett annat av våra förslag är alltså att miljöbalken ska justeras så att det ställs krav på ekonomisk säkerhet.</p><p>För det tredje vill vi att det ska ställas högre krav på tillståndsgivarna när det gäller så kallade bearbetningskoncessioner, alltså när ett bolag får provborra efter malmfyndigheter. I dag ges det tillståndet på ganska lösa boliner och på löpande band av Bergsstaten. Bergsstaten borde kunna gå in och ställa krav på att man ska budgetera för kostnader för avfallshantering och efterbehandling.</p><p> STYLEREF Kantrubrik \\* MERGEFORMAT Riksrevisionens rapport om ekono-miska risker för staten i fråga om gruvavfall</p><p>Vi förstår att det inte är så enkelt att ange en exakt summa som bolagen ska fondera, men man måste ta höjd för att det ska finnas en ekonomisk säkerhet redan på provborrningsstadiet. Det tror jag att alla seriösa aktörer skulle förstå, om man ställde dessa krav.</p><p>Detta skulle också vara ett sätt att sålla bort de kortsiktiga, oseriösa lycksökarna så att de som är ute efter långsiktiga och hållbara investeringar blir kvar. </p><p>Detta framgår av vår reservation 3 som jag yrkar bifall till.</p><p>Avslutningsvis vill jag understryka det krav som vi från Vänsterpartiet har lyft fram vid ett flertal tillfällen, nämligen att vi vill att mineralavgiften ska höjas från dagens 2 promille till 10 procent. Dessa pengar ska gå tillbaka till regionen, till staten och även till andra som påverkas av gruvbrytningen. Pengarna ska självklart också gå till markägarna.</p><p>Genom att mineralavgiften höjs kommer vi i Sverige ur det bottenträsk som vi nu befinner oss i. Vi har de lägsta avgifterna och skatterna i hela den utvecklade världen för gruvbrytning och mineralutvinning. På det sättet skulle man få in mer pengar som kan investeras i en mängd viktiga verksamheter.</p>",
    "intressent_id": "0216534495014",
    "rel_dok_id": null,
    "replik": "N",
    "systemdatum": "2016-10-19 11:49:08"
  }
}