﻿{
  "anforande": {
    "dok_hangar_id": "4546972",
    "dok_id": "H40910",
    "dok_titel": "Protokoll 2016/17:10 Onsdagen den 28 september",
    "dok_rm": "2016/17",
    "dok_nummer": "10",
    "dok_datum": "2016-09-28 00:00:00",
    "avsnittsrubrik": "Regional anpassning av arbetsmarknadsutbildning",
    "underrubrik": null,
    "kammaraktivitet": "ärendedebatt",
    "anforande_id": "19d5f233-e195-e611-9441-00262d0d7125",
    "anforande_nummer": "18",
    "talare": "Fredrik Malm (L)",
    "parti": "L",
    "anforandetext": "<p>Herr talman! Vi har i Sverige en alltmer tudelad arbetsmarknad och en allt tydligare tudelning av den grupp som inte har jobb.</p><p> STYLEREF Kantrubrik \\* MERGEFORMAT Regional anpassning av arbetsmarknads-utbildning</p><p>Vi har en stor grupp människor som snabbt får ett nytt jobb, som kanske är borta några månader. Det är unga människor med utbildning som blir arbetslösa och sedan ganska snabbt kommer tillbaka in på arbetsmarknaden. Så har det alltid varit, och så kommer det förmodligen alltid att vara. Det är viktigt att det finns människor som företag kan anställa snabbt.</p><p>Sedan har vi en större grupp människor som står längre bort från arbetsmarknaden, som har varit borta länge. Många av dem är också nyanlända; det är ungdomar utan utbildningskvalifikationer eller utan examen som kanske aldrig kommer in på arbetsmarknaden.</p><p>Detta innebär att ju längre den här tudelningen fortsätter och ju längre tid som går utan att integrationen riktigt fungerar i Sverige, desto större blir den grupp människor som står allt längre bort från arbetsmarknaden.</p><p>Det vi i Liberalerna menar är att man måste fokusera särskilt på den här gruppen. Man måste göra det mer. Vi menar att Arbetsförmedlingen eller den myndighet som kommer i dess ställe måste ha ett uppdrag som motsvarar den arbetsmarknad och den situation bland de arbetslösa som finns i Sverige. Vi menar att den inte har det i dag.</p><p>Därtill kan vi inte bortse från förtroendeproblematiken. Om väldigt många arbetsgivare i Sverige, uppemot 90 procent - eller 70 eller 80, någonstans där - känner att de inte vill gå till Arbetsförmedlingen när de behöver utlysa tjänster eftersom de inte får den kompetens som deras företag behöver, om väldigt många arbetssökande känner att de inte får jobb genom Arbetsförmedlingen och undrar varför de ska delta i dess program och om allmänheten upplever att den här myndigheten inte levererar, då menar vi att man måste göra någonting från politiskt håll.</p>",
    "intressent_id": "0766496753128",
    "rel_dok_id": "H401AU3",
    "replik": "Y",
    "systemdatum": "2016-10-19 11:49:04"
  }
}