﻿{
  "anforande": {
    "dok_hangar_id": "4703370",
    "dok_id": "H409101",
    "dok_titel": "Protokoll 2016/17:101 Torsdagen den 27 april",
    "dok_rm": "2016/17",
    "dok_nummer": "101",
    "dok_datum": "2017-04-27 00:00:00",
    "avsnittsrubrik": "Medborgarskap, Migration och asylpolitik, Anhöriginvandring och Arbetskraftsinvandring",
    "underrubrik": null,
    "kammaraktivitet": "ärendedebatt",
    "anforande_id": "c179ecae-bb3b-e711-9452-00262d0d0c40",
    "anforande_nummer": "9",
    "talare": "Paula Bieler (SD)",
    "parti": "SD",
    "anforandetext": "<p>Fru ålderspresident! Tack, Johan Forssell, för frågan!</p><p>Jag kan börja med att säga att jag som hastigast nämnde att arbete är ett fullt legitimt och ofta nödvändigt, bra och positivt skäl att söka sig till vårt land. Jag kan fortsätta med att jag håller med om problembeskrivningen. Det är absolut ett problem att en alltför snäv syn på byråkratiska regler gör att personer med hög kompetens som vi har behov av på vår arbetsmarknad utvisas.</p><p>Problemet är att när det gäller de förslag som Alliansen har presenterat, så som de lagts fram, handlar det om att man ska vara lite mer generös i hur man tolkar befintlig lagstiftning för att undvika de förståeliga hål som finns. Men dagens lagstiftning är ju alldeles för generös.</p><p>Vi fick alldeles nyligen en skrivelse som behandlar en rapport om arbetskraftsinvandringen till Sverige. Den visar tydligt att den största arbetskraftsinvandringsgruppen till Sverige är bärplockare. Vi har fortfarande en stor invandring av personer till lågkvalificerade yrken.</p><p>Sverigedemokraterna har varit tydliga med att vi står bakom blåkortsdirektivet och att vi vill återinföra en ordentlig syn på behovsprövad arbetskraftsinvandring. Vi ska öppna upp och möjliggöra för personer att komma och verka i de branscher där vi har kompetensbrist, när det finns personer som har denna kompetens.</p><p></p><p>Men allianspartierna lägger fram förslag som fortfarande bygger på den generösa, allmänna hållningen att man ska ha rätt att vara här så snart man kan uppvisa ett arbetstillstånd, så som det har blivit i praktiken. Samtidigt är det också där vi har behov av att skärpa regelverket och ha tillsyn. Tack och lov fäller vi regeringen i dag när det gäller att ytterligare steg behöver tas här.</p><p>Innan jag ser att systemet fungerar är jag tyvärr inte beredd att öppna upp för ytterligare liberaliseringar.</p>",
    "intressent_id": "0182800488922",
    "rel_dok_id": "H401SfU14, H401SfU15, H401SfU16, H401SfU17",
    "replik": "Y",
    "systemdatum": "2017-05-18 13:18:53"
  }
}