﻿{
  "anforande": {
    "dok_hangar_id": "4703370",
    "dok_id": "H409101",
    "dok_titel": "Protokoll 2016/17:101 Torsdagen den 27 april",
    "dok_rm": "2016/17",
    "dok_nummer": "101",
    "dok_datum": "2017-04-27 00:00:00",
    "avsnittsrubrik": "(forts. från § 11) Tillgång till betalkonto med grundläggande funktioner (forts. FiU33)",
    "underrubrik": null,
    "kammaraktivitet": null,
    "anforande_id": "3b7aecae-bb3b-e711-9452-00262d0d0c40",
    "anforande_nummer": "124",
    "talare": "Håkan Svenneling (V)",
    "parti": "V",
    "anforandetext": "<p>Herr ålderspresident! Moderaterna uttrycker oro. Anette Åkesson gör det i sitt anförande och även tillsammans med sina borgerliga kollegor i det särskilda yttrandet. Men de kommer med få konkreta förslag. De vill, som Anette var inne på, i stället utreda detta i den parlamentariska riksbanksutredningen.</p><p>Vår interna utfrågning i finansutskottet visade på att det finns ett antal alternativ mellan olika aktörer. Antingen lägger man ett stort ansvar på staten, på handeln eller på bankerna. Men en stor brist med Riksbanksutredningen är att man bara tittar på Riksbankens del, alltså inte ens på hela staten och inte alls på handel och banker.</p><p>Riksbanken sa därför på vår interna utfrågning att man vill se tilläggsdirektiv, och Finansinspektionen uttryckte att det var fel form av utredning att utreda frågan i. Det enda som egentligen talar för att utreda den i utredningen om riksbankslagen är just att den är parlamentarisk, alltså att alla partier sitter med, och att alla partier delar samma oro men inte riktigt har kommit fram till någon lösning.</p><p>Jag tror att det finns en stor risk med de här direktiven att man bara landar i att det blir Riksbanken som ska göra någonting och att man inte ser de andra aktörerna. Det finns en principiell skillnad mellan vilken typ av åtgärd vi vidtar - om vi lägger ansvaret bara på det offentliga eller om det privata också har något slags ansvar.</p><p>Jag undrar: Vad vill egentligen Moderaterna göra?</p>",
    "intressent_id": "0682989845822",
    "rel_dok_id": null,
    "replik": "Y",
    "systemdatum": "2017-05-18 13:19:08"
  }
}