﻿{
  "anforande": {
    "dok_hangar_id": "4546972",
    "dok_id": "H40910",
    "dok_titel": "Protokoll 2016/17:10 Onsdagen den 28 september",
    "dok_rm": "2016/17",
    "dok_nummer": "10",
    "dok_datum": "2016-09-28 00:00:00",
    "avsnittsrubrik": "Regional anpassning av arbetsmarknadsutbildning",
    "underrubrik": null,
    "kammaraktivitet": "ärendedebatt",
    "anforande_id": "1ad5f233-e195-e611-9441-00262d0d7125",
    "anforande_nummer": "19",
    "talare": "Raimo Pärssinen (S)",
    "parti": "S",
    "anforandetext": "<p>Herr talman! Då måste man göra någonting själv, och då måste man naturligtvis bli vassare på matchningen så att man kan möta arbetsgivarna. Man ska i djupa samtal komma överens om vilka behoven är och på vilket sätt man kan tillgodose dem. Man måste ju jobba med frågan, Fredrik Malm! Ni kan inte bara gå ut och säga: \"Nu lägger vi ned, och så startar vi något nytt. Häpp!\" Det funkar ju inte.</p><p>Vart vill Liberalerna gå när det gäller samhällsbygget? Ni säger att vi måste förändra vår arbetsmarknad, och då ska vi gå tillbaka till en gammal arbetsmarknad där det var låg produktivitet som motsvarades av låga löner. Det är fler som får jobb då. Det är den gamla sanningen.</p><p>Men Sverige har inte vuxit och fått sitt välstånd genom att ha lågkvalificerade jobb i mängder. Tvärtom har vi byggt upp att vi har mer kvalificerade jobb, högre teknik, högre kunskap, högre mervärde och högre exportvärde så att vi kan få in pengar och bygga samhället. Det är ju ditåt vi ska gå. Vi ska inte gå mot att få tillbaka skoputsare och annat. Och vad menar Fredrik Malm med enkla jobb? Vad är det för någonting? Var kommer den definitionen ifrån? Och hur bygger man det? Det är ju att gå baklänges.</p><p>Vi ska bli konkurrenskraftiga i det här landet, och för det behövs det ett kunskapslyft. Det viktiga för att minska tudelningen är naturligtvis att se till att alla människor får bättre förutsättningar och bättre kunskaper. Det kommer att kräva stora resurser som i sin tur kräver att fler är med och bidrar på olika sätt - inte skattesänkningar eller lönesänkningar och inte att lägga ned Arbetsförmedlingen!</p><p> STYLEREF Kantrubrik \\* MERGEFORMAT Regional anpassning av arbetsmarknads-utbildning</p><p>(Applåder)</p>",
    "intressent_id": "0113077554312",
    "rel_dok_id": "H401AU3",
    "replik": "Y",
    "systemdatum": "2016-10-19 11:49:04"
  }
}