﻿{
  "anforande": {
    "dok_hangar_id": "4702552",
    "dok_id": "H409100",
    "dok_titel": "Protokoll 2016/17:100 Onsdagen den 26 april",
    "dok_rm": "2016/17",
    "dok_nummer": "100",
    "dok_datum": "2017-04-26 00:00:00",
    "avsnittsrubrik": "Arbetsmiljö och arbetstid ",
    "underrubrik": null,
    "kammaraktivitet": "ärendedebatt",
    "anforande_id": "1aa891a8-413a-e711-9452-00262d0d0c40",
    "anforande_nummer": "52",
    "talare": "Ali Esbati (V)",
    "parti": "V",
    "anforandetext": "<p>Fru talman! Jag ska inte fördjupa mig i frågan om huruvida det är rolig läsning att ta del av hur VPK har röstat. Jag tycker i och för sig att det är rolig läsning på många sätt, om man tittar på hur vårt parti har arbetat för att vidga demokratiska rättigheter på alla punkter i Sverige, inte minst när det gäller arbetsrättsliga frågeställningar. Men jag skulle inte för den skull hävda att det är en del av vanligt hyfs att Moderaterna ska samarbeta med oss för det. Det får man ju ta politisk ställning till. Moderaterna föredrar uppenbarligen att inleda ett närmande till det rasistiska parti vars företrädare sitter här bakom oss. Det får stå för Moderaterna.</p><p> STYLEREF Kantrubrik \\* MERGEFORMAT Arbetsmiljö och arbetstid</p><p>Jag fick frågan hur det kan komma sig att man har höga sjukskrivningar i de politiskt styrda verksamheterna. Jag har försökt förklara detta mycket långt och detaljerat i mitt anförande. Om man arbetar med människor och har ett stort ansvar för människors väl och ve och inte får tillräckliga resurser kommer det att skapa en stor belastning, och många av dem som arbetar i denna situation är kvinnor. </p><p>Man har lägre personaltäthet i privat styrda men offentligt finansierade verksamheter. Då blir naturligtvis trycket extra hårt. Många inom dessa verksamheter byts dock ut, och då är det andra som får betala den sjukskrivning som kommer. Om man byter ut personal på löpande band är det fortfarande ett stort samhällsproblem, men det kanske inte syns på samma sätt på arbetsplatsen. Några av de allra sämsta arbetsplatserna är tyvärr de privata tjänsteföretagen. Där kan man inte tala om att ha stort inflytande över sitt arbete. Det borde man naturligtvis ha i mycket större utsträckning, och för att få det behöver vi ha starkare fackliga rättigheter.</p>",
    "intressent_id": "014386615025",
    "rel_dok_id": "H401AU10",
    "replik": "Y",
    "systemdatum": "2017-05-16 16:12:46"
  }
}