﻿{
  "anforande": {
    "dok_hangar_id": "4546972",
    "dok_id": "H40910",
    "dok_titel": "Protokoll 2016/17:10 Onsdagen den 28 september",
    "dok_rm": "2016/17",
    "dok_nummer": "10",
    "dok_datum": "2016-09-28 00:00:00",
    "avsnittsrubrik": "Riksrevisionens rapport om ekonomiska risker för staten i fråga om gruvavfall",
    "underrubrik": null,
    "kammaraktivitet": null,
    "anforande_id": "43d5f233-e195-e611-9441-00262d0d7125",
    "anforande_nummer": "56",
    "talare": "Stina Bergström (MP)",
    "parti": "MP",
    "anforandetext": "<p>Fru talman! När det gäller frågan om hur lång tid regeringen tänker att det här arbetet ska pågå tycker jag att det är ett gott tecken att regeringen faktiskt satte igång arbetet innan man gjorde sin skrivelse och lämnade den till riksdagen. Man talar inte bara om vad man tänker göra, utan man talar också om att man redan har påbörjat det arbetet.</p><p>Sedan gäller det frågan om provborrning. Ja, jag tycker självklart att principen är rätt: att man bör kunna visa att man kan återställa området efter provborrningen. Men hur det ska gå till och hur man ska räkna ut den kostnaden får ingå i regeringens utredning.</p><p>Sedan var det frågan om arbetet med en översyn av miljöbalken och minerallagen. Nej, det vet jag inte heller. Men jag tror inte att man kommer att göra så mycket av det i det här skedet, i arbetet med just Riksrevisionens rapport. Men det är någonting som man måste göra i framtiden, anser jag, eftersom vi har en regering som säger att man vill att Sverige ska bli ett föregångsland för en hållbar gruvnäring. Då ligger det i botten att vi måste ha en lagstiftning som möter det, den visionen och den viljeyttringen.</p>",
    "intressent_id": "0401968752713",
    "rel_dok_id": null,
    "replik": "Y",
    "systemdatum": "2016-10-19 11:49:09"
  }
}