﻿{
  "anforande": {
    "dok_hangar_id": "4703370",
    "dok_id": "H409101",
    "dok_titel": "Protokoll 2016/17:101 Torsdagen den 27 april",
    "dok_rm": "2016/17",
    "dok_nummer": "101",
    "dok_datum": "2017-04-27 00:00:00",
    "avsnittsrubrik": "Medborgarskap, Migration och asylpolitik, Anhöriginvandring och Arbetskraftsinvandring",
    "underrubrik": null,
    "kammaraktivitet": "ärendedebatt",
    "anforande_id": "c379ecae-bb3b-e711-9452-00262d0d0c40",
    "anforande_nummer": "11",
    "talare": "Paula Bieler (SD)",
    "parti": "SD",
    "anforandetext": "<p>Fru ålderspresident! Jag kan bolla tillbaka och säga att jag anser att allianspartierna är lika medskyldiga till detta. Det finns ingen tvekan alls hos Sverigedemokraterna om man ska kunna komma hit när det finns en behovsgrund.</p><p>När det gäller EU:s blåkort har vi varit tydliga med att vi ställer vi oss bakom det till fullo. Kanske kan man åtminstone tänka sig att börja med att lätta upp där och säga att det är dagens situation som ska gälla om de villkor som ställs inom dessa lagar - EU:s blå kort eller om man inför något slags kontroll gentemot arbetsmarknaden - uppfylls. Då ska inte gamla misstag från tidigare arbetsgivare kunna ligga till grund för att personer tvingas lämna landet så som i dag.</p><p></p><p>Så länge man envist vill omfatta hela lagstiftningen uppstår problem. Tyvärr har vi, även bland dem som får permanent uppehållstillstånd, en icke obetydlig del som kommer till lågkvalificerade yrken där vi inte har behov av arbetskraftsinvandrare. Det är ett system som jag inte kan hålla liv i och där jag inte med gott samvete kan öppna upp för en ännu mer vidlyftig tolkning, inte förrän vi har ordentliga kontroller på plats i andra änden. Jag säger det än en gång: Tyvärr.</p><p>Jag är fullt beredd att föra samtal och se över hur vi kan ta ett helhetsgrepp, kanske till och med lägga fram ett utskottsinitiativ för att få något ordnat på plats på kort tid. Vi har tack och lov den skrivelse som kommer att behandlas inom kort. Kanske kan vi nå samförstånd där.</p><p>Men att som helhet, för all arbetskraftsinvandring, öppna upp för att misstag ska kunna göras och att det sedan inte får konsekvenser, vilket skulle kunna bli följden av de skrivningar och formuleringar som Alliansen använt, är inte något som vi sverigedemokrater kan ställa oss bakom.</p>",
    "intressent_id": "0182800488922",
    "rel_dok_id": "H401SfU14, H401SfU15, H401SfU16, H401SfU17",
    "replik": "Y",
    "systemdatum": "2017-05-18 13:18:53"
  }
}