﻿{
  "anforande": {
    "dok_hangar_id": "4703370",
    "dok_id": "H409101",
    "dok_titel": "Protokoll 2016/17:101 Torsdagen den 27 april",
    "dok_rm": "2016/17",
    "dok_nummer": "101",
    "dok_datum": "2017-04-27 00:00:00",
    "avsnittsrubrik": "Väg- och fordonsfrågor",
    "underrubrik": null,
    "kammaraktivitet": "ärendedebatt",
    "anforande_id": "687aecae-bb3b-e711-9452-00262d0d0c40",
    "anforande_nummer": "168",
    "talare": "Lars Tysklind (L)",
    "parti": "L",
    "anforandetext": "<p></p><p>Fru ålderspresident! Det var ju bra att Leif Pettersson kom in på skogen här. Ni kan ju sitta kvar och lyssna på nästa debatt och diskutera skogens användningsområden. Ni är välkomna att vara med!</p><p>Jag tog upp sjöfartens regelverk, men jag hann inte prata färdigt om det. Den utveckling som pågår när det gäller regelverket är positiv. Man går från detaljstyrning till en styrning av funktioner och att man uppfyller vissa villkor. Man kan uppfylla villkoren på lite olika sätt, men man ska kunna visa att man uppfyller dem. Detta är något som rimligtvis gör sjöfarten mer konkurrenskraftig.</p><p>Leif Pettersson talar om biobränslen och var gränsen ska gå. Om jag får ha en personlig vision om detta ska jag säga att jag är ganska övertygad om att personbilsflottan kommer att elektrifieras. Det kommer att vara den stora delen. En del av den tunga trafiken kommer också att elektrifieras i stora stråk. Men biobränslena kommer ändå att krävas både inom vägtrafiken och inom sjöfarten och flyget.</p><p>Det måste ju fungera i praktiken också. Vi kan inte bara införa 74tonsekipage och längre lastbilar samtidigt som vi begränsar vägnätet. Någon ska ju investera i dessa fordon, och då måste de kunna användas i rimlig omfattning; annars finns ju ingen lönsamhet. Precis som Leif Pettersson sa: Till syvende och sist är det marknaden som styr. Det måste vara lönsamt, kostnadseffektivt och konkurrenskraftigt. Då är det bra om man kan kombinera det med miljömässiga hänsyn och minskade utsläpp. Det är precis detta som den här diskussionen handlar om.</p>",
    "intressent_id": "0535526562910",
    "rel_dok_id": "H401TU14",
    "replik": "Y",
    "systemdatum": "2017-05-18 13:19:09"
  }
}