﻿{
  "anforande": {
    "dok_hangar_id": "4703370",
    "dok_id": "H409101",
    "dok_titel": "Protokoll 2016/17:101 Torsdagen den 27 april",
    "dok_rm": "2016/17",
    "dok_nummer": "101",
    "dok_datum": "2017-04-27 00:00:00",
    "avsnittsrubrik": "(forts. från § 8) Medborgarskap, Migration och asylpolitik, Anhöriginvandring och Arbetskraftsinvandring (forts. SfU14, SfU15, SfU16 och SfU17)",
    "underrubrik": null,
    "kammaraktivitet": null,
    "anforande_id": "2b7aecae-bb3b-e711-9452-00262d0d0c40",
    "anforande_nummer": "113",
    "talare": "Paula Bieler (SD)",
    "parti": "SD",
    "anforandetext": "<p>Fru talman! Jag gav beröm till Liberalerna för att de lyfter fram just det viktiga i detta. Sverigedemokraterna har under lång tid pekat på just vikten av att vi ska hjälpa mer på plats i de direkta närområdena och säkerställa att de som är i akut behov av stöd också är de som får stöd, i stället för att vi har en i praktiken näst intill oreglerad migration till Sverige. Och vi vet inte säkert vilka som kommer hit och om de skäl som dessa människor anför är korrekta eller inte. Vi har under lång tid motsatt oss avräkningar men mött motstånd bland annat från Liberalerna när det gäller våra reservationer om detta.</p><p>Jag ska gå tillbaka till anhöriginvandringen. Fredrik Malm vill inte spekulera i vilka skäl som finns. Men det måste man ändå göra. Man måste inse att all politik som man har får flera olika effekter. Pulleffekter är inte något som det spekuleras i. Det är ett faktum att våra regler påverkar vad som motiverar personer att söka sig hit och hur de väljer att söka sig hit. </p><p>Fredrik Malm hänvisar också till de regler som finns om när man har rätt till anhöriginvandring. Men Liberalerna vill utöka dessa rättigheter. Jag och mitt parti har påpekat att man redan nu kanske borde tydliggöra att det inte nödvändigtvis är i just Sverige som familjer ska återförenas. Vi anser att man ska säkerställa att man upprätthåller tydliga krav på vilka som får komma hit och vilka följdeffekter som det får, detta just för att inte uppmuntra till att familjer splittras genom att enskilda familjemedlemmar skickas till Sverige för att de senare ska kunna ta hit andra familjemedlemmar. Detta är vad som gäller nu. </p><p></p><p>Liberalerna har både ett särskilt yttrande och reservationer där de faktiskt lyfter fram att de vill utöka möjligheterna ännu mer. Oavsett skyddsskäl ska personer kunna ta hit exempelvis sin familj. </p><p>Inser Liberalerna att resultatet av detta blir pulleffekter, där familjer faktiskt splittras på grund av att vi gör det så gynnsamt att först skicka hit en ung person från en familj för att fler sedan ska kunna komma hit? </p>",
    "intressent_id": "0182800488922",
    "rel_dok_id": null,
    "replik": "Y",
    "systemdatum": "2017-05-18 13:18:57"
  }
}