﻿{
  "anforande": {
    "dok_hangar_id": "4706363",
    "dok_id": "H409103",
    "dok_titel": "Protokoll 2016/17:103 Tisdagen den 2 maj",
    "dok_rm": "2016/17",
    "dok_nummer": "103",
    "dok_datum": "2017-05-02 00:00:00",
    "avsnittsrubrik": "Svar på interpellation 2016/17:456 om ålfiske som kulturarv",
    "underrubrik": null,
    "kammaraktivitet": "interpellationsdebatt",
    "anforande_id": "f31f8197-5344-e711-9450-00262d0d7125",
    "anforande_nummer": "136",
    "talare": "Kultur- och demokratiministern Alice Bah Kuhnke (MP)",
    "parti": "MP",
    "anforandetext": "<p>Herr talman! Maria Malmer Stenergard har frågat mig om jag kommer att vidta några åtgärder för att föra upp ålafisket längs Hanöbukten på Unescos lista över immateriella kulturarv. Jag har också fått frågan om jag avser att ompröva beslutet att inte föra upp andra immateriella kulturarv på denna lista.</p><p>Inom ramen för arbetet med Unescos konvention om tryggande av det immateriella kulturarvet, som Sverige ratificerade 2011, har medlemsländerna möjlighet att nominera till en lista över immateriella kulturarv i behov av omedelbart tryggande till den representativa listan över mänsklighetens immateriella kulturarv och till ett register över goda metodiska exempel.</p><p>Sveriges åtagande enligt konventionen handlar bland annat om att säkerställa tryggandet av det immateriella kulturarvet inom landet, att identifiera och definiera de olika delarna av det immateriella kulturarvet i samråd med det civila samhällets aktörer och att upprätta en eller flera nationella förteckningar.</p><p> STYLEREF Kantrubrik \\* MERGEFORMAT Svar på interpellationer</p><p>Institutet för språk och folkminnen, som är den myndighet som har huvudansvaret för det svenska arbetet med det immateriella kulturarvet, har hittills främst arbetat med att bygga upp en nationell förteckning. Ett fortsatt arbete med denna är enligt myndigheten nödvändigt för att i framtiden kunna nominera till Unescos internationella listor. Institutet för språk och folkminnen bedömer att det även finns svåra metodiska utmaningar som löpande behöver hanteras i det fortsatta arbetet. </p><p>Regeringen anser att det är rimligt att lyssna till den bedömning som expertmyndigheten gör i frågan. Återhållsamhet avseende nomineringar till Unescos listor är på intet sätt unikt för Sverige - när nu Norge valt att nominera är det första gången ett nordiskt land väljer att så göra.</p><p>Det råder dock ingen tvekan om att immateriella kulturyttringar utgör en viktig del av kulturarvet och att konventionen är viktig i arbetet med att bevara och utveckla dessa. I den kulturarvspolitiska propositionen gör regeringen bedömningen att det internationella registret över goda exempel på arbete med att bevara det immateriella kulturarvet redan nu spelar en viktig roll i det svenska arbetet med konventionen. Därför har regeringen nyligen nominerat Sagobygden i Kronoberg till registret.</p><p>Om det nationella förteckningsarbetet utvecklas vidare och de metodiska utmaningar som finns inom arbetet kan hanteras kan regeringen i framtiden komma att göra en annan bedömning avseende nominering till Unescos listor över det immateriella kulturarvet. Sådana eventuella nomineringar ska då vila på solid vetenskaplig grund och utgå från den expertkunskap som finns hos Institutet för språk och folkminnen och andra berörda kunskapsinstitutioner. Sådana nomineringar måste också formas i demokratiska arbetsprocesser som säkerställer det civila samhällets inflytande.</p><p>Huruvida ålafisket vid Hanöbukten i framtiden skulle kunna vara aktuellt att nominera är alltså i första hand en fråga för expertisen att avgöra.</p>",
    "intressent_id": "0787584650516",
    "rel_dok_id": "H410456",
    "replik": "N",
    "systemdatum": "2017-05-29 11:46:48"
  }
}