﻿{
  "anforande": {
    "dok_hangar_id": "4706363",
    "dok_id": "H409103",
    "dok_titel": "Protokoll 2016/17:103 Tisdagen den 2 maj",
    "dok_rm": "2016/17",
    "dok_nummer": "103",
    "dok_datum": "2017-05-02 00:00:00",
    "avsnittsrubrik": "Svar på interpellation 2016/17:447 om bidrag till organisationer som motverkar demokratiska principer",
    "underrubrik": null,
    "kammaraktivitet": "interpellationsdebatt",
    "anforande_id": "f11f8197-5344-e711-9450-00262d0d7125",
    "anforande_nummer": "134",
    "talare": "Roger Haddad (L)",
    "parti": "L",
    "anforandetext": "<p>Herr talman! Det här är en anmärkningsvärd debatt. Varför kommer då statsrådet, demokratiministern, över huvud taget till kammaren och besvarar min interpellation om demokratiska principer när det gäller bidrag och organisationer som inte omfattas av översynen när det gäller trossamfund? Demokratiministern kanske skulle ha överlämnat interpellationen till sin kollega. Dessutom är hon och hela regeringen kollektivt ansvariga för det man har gjort och inte har gjort när det gäller de här frågorna.</p><p>Det räcker inte att säga att det är fruktansvärt och att de här organisationerna inte ska ha några pengar. Faktum är att de organisationerna fortfarande får statliga bidrag från olika typer av myndigheter.</p><p>Vi har också frågat regeringen om man kan göra någonting från nationell nivå när det gäller de kommuner och regioner som på olika sätt är med och finansierar, med lokaler och föreningsbidrag, och där kontrollen är dålig. Det finns oerhört många exempel där det inte fungerar.</p><p>Demokratiministern refererar själv i sitt svar att hon har gett det ena och det andra uppdraget, att hon har gett Statskontoret uppdrag. Man kan inte i ena stunden säga \"Nej, jag har inte ansvar för den här frågan\" för att andra stunder företräda regeringen, i interpellationssvaret och i varenda mediekommentar när det gäller bidrag till extrema organisationer. Det är ohållbart.</p><p>Herr talman! Jag inser att demokratiminister Alice Bah Kuhnke inte vill ha ansvar. Hon har egentligen inte gjort särskilt mycket åt problemet, trots att hon skrev en jättelång artikel den 1 juni 2016 och trots att hon tycker att det här är fruktansvärt och oacceptabelt. Jag kan bara konstatera att våldsbejakande extremister, imamer som vill kasta tolvåringar i helvetet och de som har en fientlig kvinnosyn fortsätter att få bidrag från svenska staten. Det är helt oacceptabelt.</p>",
    "intressent_id": "0308306375022",
    "rel_dok_id": "H410447",
    "replik": "N",
    "systemdatum": "2017-05-29 11:46:47"
  }
}