﻿{
  "anforande": {
    "dok_hangar_id": "4703963",
    "dok_id": "H409102",
    "dok_titel": "Protokoll 2016/17:102 Fredagen den 28 april",
    "dok_rm": "2016/17",
    "dok_nummer": "102",
    "dok_datum": "2017-04-28 00:00:00",
    "avsnittsrubrik": "Svar på interpellation 2016/17:368 om arbetskraftsinvandring",
    "underrubrik": null,
    "kammaraktivitet": "interpellationsdebatt",
    "anforande_id": "14999fe0-bc3b-e711-9452-00262d0d0c40",
    "anforande_nummer": "34",
    "talare": "Justitie- och migrationsministern Morgan Johansson (S)",
    "parti": "S",
    "anforandetext": "<p>Herr talman! Johanna Jönsson har frågat mig huruvida jag och regeringen fortfarande avser att främja arbetskraftsinvandring eller om det kan bli aktuellt att införa någon form av myndighetsprövning av bristyrken.</p><p>Något arbete med att återinföra arbetsmarknadsprövningar pågår inte i Regeringskansliet. Den diskussion som Johanna Jönsson refererar till har förts inför den socialdemokratiska partikongressen.</p><p>På ett antal sätt står det dock klart att dagens regelverk, som tillkom under den borgerliga regeringen, har visat sig ha stora brister och måste förändras. Regeringen har därför vidtagit en rad åtgärder både vad gäller effektivare kontroller och kortare handläggningstider.</p><p>Regeringen beslutade den 2 juli 2015 att tillsätta utredningen Åtgärder för att stärka arbetskraftsinvandrares ställning på arbetsmarknaden. Strax före jul tog jag emot utredningens betänkande.</p><p>Regeringen går nu vidare med utredningens förslag om möjligheten att underlåta återkallelse av arbetstillstånd när arbetsgivaren på eget initiativ har vidtagit rättelse.</p><p>Regeringen går även vidare för att utreda en möjlighet att rätta mindre, icke uppsåtliga misstag efter det att Migrationsverket påpekat brister i villkoren under tillståndsperioderna.</p><p>Utredningen presenterade även bland annat förslag om straffansvar för arbetsgivare som uppsåtligen inte har uppfyllt villkoren som legat till grund för ett arbetstillstånd. De frågorna bereds nu vidare inom Regeringskansliet. </p><p>Regeringen har i årets regleringsbrev även gett Migrationsverket i uppdrag att ta fram en handlingsplan för hur handläggning av både nya ärenden och förlängningsärenden inom arbetstillstånd kan förkortas betydligt.</p><p>Migrationsverket har därutöver fått i uppdrag att ta fram en strategi för en mer ändamålsenlig tillgänglighet och service till sökande och intressenter, till exempel företag.</p><p> STYLEREF Kantrubrik \\* MERGEFORMAT Svar på interpellationer</p><p>Sammantaget syftar dessa åtgärder till att stärka kompetensförsörjningen för svenska företag och för Sverige som kunskapsnation. Sverige behöver ett system för arbetskraftsinvandring som möter de behov som finns av att rekrytera kompetens utomlands. Sverige ska även vara ett attraktivt land för innovativa och kunskapsintensiva företag. Ett välfungerande regelverk är ett av många instrument som kan bidra till en positiv utveckling i detta avseende.</p>",
    "intressent_id": "0473783431010",
    "rel_dok_id": "H410368",
    "replik": "N",
    "systemdatum": "2017-05-18 13:27:17"
  }
}