﻿{
  "anforande": {
    "dok_hangar_id": "4702552",
    "dok_id": "H409100",
    "dok_titel": "Protokoll 2016/17:100 Onsdagen den 26 april",
    "dok_rm": "2016/17",
    "dok_nummer": "100",
    "dok_datum": "2017-04-26 00:00:00",
    "avsnittsrubrik": "Bostadspolitik och Planering och byggande",
    "underrubrik": null,
    "kammaraktivitet": "ärendedebatt",
    "anforande_id": "47a891a8-413a-e711-9452-00262d0d0c40",
    "anforande_nummer": "91",
    "talare": "Ola Johansson (C)",
    "parti": "C",
    "anforandetext": "<p>Fru ålderspresident! I betänkandet om Attefallshusen fanns fler förslag. Det handlade om andra regelförenklingar - möjligheten att bygga takkupor och att göra mindre ombyggnader - plus möjligheten att uppföra ett 25 kvadratmeter stort hus som kan användas för bostadsändamål.</p><p>Jag nämnde i mitt huvudanförande att det lades fram 110 konkreta förslag till ställningstaganden. Det som Lars Eriksson nämner är ett eller möjligen två av dessa förslag. Det finns alltså mängder av förslag, men Lars Eriksson kan nog inte beskylla mig för att vara den som fällde dessa yttranden, med stora förväntningar på just reformen med Attefallshus. Däremot ser jag att det skapar möjligheter för den som vill.</p><p>Nu har det regelverk som kringgärdar denna reform ändå blivit sådant att det är en hög tröskel för många. Jag skulle önska att regeringen, om man vurmar för regelförenklingar, antingen drog tillbaka en sådan populär reform eller skapade bättre förutsättningar för reformen att få genomslag.</p><p>När det gäller studentbostäderna säger jag som Ewa Thalén Finné gjorde i sitt anförande: Vem tackar nej till statliga pengar? Problemet är när studentbostadsföretag eller allmännyttiga bostadsföretag görs beroende av ett investeringsstöd och man får en dopad bostadsmarknad.</p><p>Detta är inte ett önskvärt läge. Jag skulle gärna se att vi tog bort investeringsstödet. Men om Lars Eriksson förfäktar ett bevarande av det skulle jag gärna se att han erkänner att det är missriktat, att det finns mängder av kommuner som inte kan bygga på ett sådant sätt att man kan tillgodogöra sig investeringsstödet och att det kanske är i de kommunerna som stödet - om det ska finnas kvar - hade behövts allra mest.</p>",
    "intressent_id": "0934639939611",
    "rel_dok_id": "H401CU14, H401CU15",
    "replik": "Y",
    "systemdatum": "2017-05-16 16:12:54"
  }
}