﻿{
  "anforande": {
    "dok_hangar_id": "4546972",
    "dok_id": "H40910",
    "dok_titel": "Protokoll 2016/17:10 Onsdagen den 28 september",
    "dok_rm": "2016/17",
    "dok_nummer": "10",
    "dok_datum": "2016-09-28 00:00:00",
    "avsnittsrubrik": "Fler elever i fler skolor",
    "underrubrik": null,
    "kammaraktivitet": "ärendedebatt",
    "anforande_id": "22d5f233-e195-e611-9441-00262d0d7125",
    "anforande_nummer": "26",
    "talare": "Daniel Riazat (V)",
    "parti": "V",
    "anforandetext": "<p>Herr talman! Jag tänkte börja mitt anförande med att kommentera det kunskapslösa uttalandet från Stefan Jakobsson, som inte ens känner till vilka detta berör.</p><p> STYLEREF Kantrubrik \\* MERGEFORMAT Fler elever i fler skolor</p><p>Det skulle också vara bra om Stefan kunde komplettera sitt uttalande med en källa. Jag har dock själv hittat denna källa efter att ha googlat under de senaste minuterna. Det är den högerextrema tidningen Fria Tider som har bestämt att 80 procent av de nyanlända ungdomarna i Norge har ljugit om sin ålder. Fria Tider anses av Statens medieråd vara en radikal högerpopulistisk tidning med rasistiskt och islamofobiskt innehåll. Om det är vad en riksdagsledamot ska använda sig av som källa är det nog bäst att avsäga sig uppdraget.</p><p>Herr talman! Vänsterpartiet har under lång tid kritiserat snedfördelningen i de fristående skolorna. Gång på gång har siffror presenterats som tydligt visar att de kommunala skolorna har tagit ett större ansvar och att de fristående skolorna har tagit ett väldigt litet ansvar när det gäller de nyanlända.</p><p>Vi är samtidigt glada över att fler och fler fristående skolor har ställt sig positiva till att förändra lagstiftningen för att möjliggöra en bättre fördelning av de nyanlända eleverna.</p><p>Även om vi är positiva vill jag dock rikta lite kritik mot friskolorna. Det är inte enbart köreglerna som har varit anledningen till att man inte har tagit emot nyanlända. För mig som vänsterpartist hänger det också ihop med att man inte har kunnat göra jättestora vinster på de nyanlända eleverna. Med detta vill jag också säga att den kritiken enbart rör de vinstdrivande friskolorna, inte de friskolor som drivs som stiftelser, kooperativ eller i andra icke vinstdrivande former.</p><p>Vi anser inte att detta kommer att lösa alla problem - tyvärr kommer det att vara frivilligt - men det är ett steg i rätt riktning.</p><p>Flyktingarna har inte slutat att fly. Att Sverige och EU har skrivit på ett vidrigt avtal med staten Turkiet betyder inte att vi inte kommer att stå inför fler utmaningar. Fler människor kommer att söka sig till Sverige för att få en fristad.</p><p>Thomas Strand sa det väldigt bra: Det är inte bra att alla nyanlända elever hamnar i samma skolor. Jag håller med om det, men man skulle kunna vända på det - som ett tillägg - och säga att det inte heller är bra att alla blonda barn från en viss samhällsklass går i samma skolor.</p><p>Herr talman! I utskottets överväganden och i de bestämmelser som finns i dokumentet står att de urvalsgrunder som har funnits för skolor med kö är anmälningsdatum, syskonförtur, geografisk närhet, förtur för de elever som går i förskoleklass som tillhör skolenheten samt ett par andra organisatoriska urvalsgrunder. Detta betyder ju att det har funnits en möjlighet för vissa skolor att ta emot elever, till exempel när det gäller geografisk närhet.</p><p>Vänsterpartiet ser fram emot att se hur detta betänkande faller ut i praktiken. Vi vill också passa på att säga att det är intressant att se en stor majoritet av riksdagens partier ifrågasätta det fria skolvalet, vilket detta innebär. Det kanske betyder att det fria skolvalet inte har fungerat fullt ut, eftersom vi har fått en sådan snedfördelning. Det kanske betyder att det kösystem som finns för friskolor - eller kösystemen över huvud taget, som de ser ut - delar upp elever på fel sätt. Det kanske också betyder att vinster inte är det bästa incitamentet för att bedriva skolverksamhet. Med det sagt vill jag yrka bifall till förslaget i betänkandet.</p>",
    "intressent_id": "07012286624",
    "rel_dok_id": "H401UbU3",
    "replik": "N",
    "systemdatum": "2016-10-19 11:49:05"
  }
}