﻿{
  "anforande": {
    "dok_hangar_id": "4703370",
    "dok_id": "H409101",
    "dok_titel": "Protokoll 2016/17:101 Torsdagen den 27 april",
    "dok_rm": "2016/17",
    "dok_nummer": "101",
    "dok_datum": "2017-04-27 00:00:00",
    "avsnittsrubrik": "Fiskeripolitik",
    "underrubrik": null,
    "kammaraktivitet": "ärendedebatt",
    "anforande_id": "a37aecae-bb3b-e711-9452-00262d0d0c40",
    "anforande_nummer": "225",
    "talare": "Jens Holm (V)",
    "parti": "V",
    "anforandetext": "<p>Fru ålderspresident! Detta om trålningsförbudet i Östersjön, som jag tror har funnits sedan någon gång på 1930-talet, står i en forskningsrapport som vi nämner i vår rapport. Jag tror att det var Havsmiljöinstitutet som tog fram den.</p><p>Det är ju fler än fiskarna som fiskar som vet hur det ser ut under havsytan. Det är till exempel forskare, och många forskare konstaterar att bottentrålning, åtminstone i dess konventionella mening, har en väldigt negativ inverkan på den biologiska mångfalden bland havslevande bottenarter.</p><p></p><p>Det är också därför, Roland Utbult, som Sverige har fattat beslut om att sträcka ut ett bottentrålningsförbund så långt ut som EU tillåter. En fråga där till Kristdemokraterna: Är det ett dåligt beslut? Är det ett beslut som Kristdemokraterna vill riva upp? Om ni inte tycker det, då tillstår ni ju faktiskt att det är viktigt att vidta åtgärder mot bottentrålning.</p><p>Vad gäller kamerakontrollen nämner vi som sagt inga detaljer i rapporten, men självklart ska kamerorna sitta på båtarna. Det är ju hela tanken. Att hela båtarna behöver filmas tror jag inte att det är någon som tänker sig, utan det är selektivt mot det som landar. Det är i alla fall det som vi har resonerat kring.</p>",
    "intressent_id": "0216534495014",
    "rel_dok_id": "H401MJU14",
    "replik": "Y",
    "systemdatum": "2017-05-18 13:19:12"
  }
}