﻿{
  "anforande": {
    "dok_hangar_id": "4703370",
    "dok_id": "H409101",
    "dok_titel": "Protokoll 2016/17:101 Torsdagen den 27 april",
    "dok_rm": "2016/17",
    "dok_nummer": "101",
    "dok_datum": "2017-04-27 00:00:00",
    "avsnittsrubrik": "Frågestund",
    "underrubrik": "Tillgången till socialt och ekologiskt hållbara varor",
    "kammaraktivitet": "frågestund",
    "anforande_id": "137aecae-bb3b-e711-9452-00262d0d0c40",
    "anforande_nummer": "89",
    "talare": "Statsrådet Per Bolund (MP)",
    "parti": "MP",
    "anforandetext": "<p>Fru talman! Jag tackar för en viktig fråga.</p><p>När konsumenterna visar att de vill göra skillnad men samtidigt tydligt pekar mot oss politiker och säger att de behöver bättre verktyg, information och hjälp för att kunna agera hållbart som konsumenter har regering och riksdag ett stort ansvar att möjliggöra för konsumenterna att göra skillnad.</p><p>När svensk handel frågar konsumenter svarar en stor majoritet att de vill göra skillnad, men en lika stor majoritet svarar att det är för svårt. Därför har regeringen lanserat en strategi för hållbar konsumtion, där vi tittar på många olika bitar. </p><p>Det handlar om att öka kunskapen. Vi ger resurser till Konsumentverket att kunna vara aktivt och ge stöd och information till konsumenterna genom till exempel Hallå konsument. Vi har också använt skattesystemet och sänkt kostnaden för reparationstjänster för cyklar, kläder, skor och i hemmet. </p><p></p><p>Vi har gjort detta för att det ska vara lätt att göra rätt som konsument och för att man ska få ekonomiska incitament att handla hållbart.</p>",
    "intressent_id": "0956444284814",
    "rel_dok_id": "H4C120170427fs",
    "replik": "N",
    "systemdatum": "2017-05-18 13:18:59"
  }
}