﻿{
  "anforande": {
    "dok_hangar_id": "4703370",
    "dok_id": "H409101",
    "dok_titel": "Protokoll 2016/17:101 Torsdagen den 27 april",
    "dok_rm": "2016/17",
    "dok_nummer": "101",
    "dok_datum": "2017-04-27 00:00:00",
    "avsnittsrubrik": "Frågestund",
    "underrubrik": "Åtgärdsprogram för landsbygden",
    "kammaraktivitet": "frågestund",
    "anforande_id": "fa79ecae-bb3b-e711-9452-00262d0d0c40",
    "anforande_nummer": "64",
    "talare": "Marianne Pettersson (S)",
    "parti": "S",
    "anforandetext": "<p>Fru talman! Sverige är ett land som glider isär mellan stad och landsbygd. Landsbygdsfrågan har varit något som flera regeringar inte har tagit på allvar.</p><p>Nu har vi en regering som har satt som mål att ändra på detta. En bred parlamentarisk kommitté har för första gången lagt fram ett brett åtgärdsprogram för att hitta vägar att hålla ihop Sverige.</p><p>Min fråga går till landsbygdsminister Sven-Erik Bucht, som har rest runt i landet på en Sverigeresa. Vilka idéer och reflektioner för det fortsatta arbetet för att hålla ihop Sverige har statsrådet?</p>",
    "intressent_id": "0341628241813",
    "rel_dok_id": "H4C120170427fs",
    "replik": "N",
    "systemdatum": "2017-05-18 13:18:58"
  }
}