﻿{
  "anforande": {
    "dok_hangar_id": "4546972",
    "dok_id": "H40910",
    "dok_titel": "Protokoll 2016/17:10 Onsdagen den 28 september",
    "dok_rm": "2016/17",
    "dok_nummer": "10",
    "dok_datum": "2016-09-28 00:00:00",
    "avsnittsrubrik": "Ett svenskt tonnagebeskattningssystem",
    "underrubrik": null,
    "kammaraktivitet": "ärendedebatt",
    "anforande_id": "2bd5f233-e195-e611-9441-00262d0d7125",
    "anforande_nummer": "34",
    "talare": "Olle Felten (SD)",
    "parti": "SD",
    "anforandetext": "<p>Fru talman! I vår reservation har vi, som jag sa tidigare, pekat på bristen i förslaget när det gäller att gynna den svenska nationella sjöfarten - kustsjöfarten och skärgårdstrafiken. Den utesluts i de allra flesta fall helt ur tonnagebeskattningssystemet. Det gäller till exempel Gotlandstrafiken.</p><p>Utöver de riktigt stora rederierna i Sverige har vi i Sverige i dag ungefär 117 skärgårdsrederier som bedriver verksamhet i skärgårdsmiljöerna, på kanalerna och i de stora insjöarna. Det kan till exempel vara Motala Kanaltrafik AB, som med två passagerarfartyg trafikerar Vättern och Göta kanal med kryssningstrafik och annat. Det kan vara Blidösundsbolaget, som utför en stor kulturgärning genom att upprätthålla persontrafik med den gamla koleldade ångbåten s/s Blidösund och fyra andra fartyg. Man driver dessutom ett vandrarhem i skärgårdsmiljö. Det kan vara Seacab AB på Möja, som med fyra vanliga fartyg och en svävare bedriver båttaxiverksamhet och reguljärtrafik och med detta bidrar till en levande skärgård.</p><p>Dessa och alla de andra skärgårdsrederierna bedriver en mycket viktig verksamhet som det finns all anledning att underlätta med bra lagstiftning. För många av dessa rederier skulle ett tonnagebeskattningssystem innebära att de kan utöka och säkerställa sin verksamhet. Det skulle gynna hela skärgårdsutvecklingen och öppna möjligheterna att bo i skärgården året runt, vilket i sin tur skulle bidra till en positiv utveckling för Sverige.</p><p>Varför är ni i MP så avogt inställda till att underlätta för den här typen av verksamheter? Vill ni inte att hela Sverige ska leva? Det vill vi sverigedemokrater.</p>",
    "intressent_id": "046426524512",
    "rel_dok_id": "H401SkU6",
    "replik": "Y",
    "systemdatum": "2016-10-19 11:49:06"
  }
}