﻿{
  "anforande": {
    "dok_hangar_id": "4702552",
    "dok_id": "H409100",
    "dok_titel": "Protokoll 2016/17:100 Onsdagen den 26 april",
    "dok_rm": "2016/17",
    "dok_nummer": "100",
    "dok_datum": "2017-04-26 00:00:00",
    "avsnittsrubrik": "Nya utstationeringsregler",
    "underrubrik": null,
    "kammaraktivitet": "ärendedebatt",
    "anforande_id": "fca791a8-413a-e711-9452-00262d0d0c40",
    "anforande_nummer": "23",
    "talare": "Arbetsmarknads- och etableringsministern Ylva Johansson (S)",
    "parti": "S",
    "anforandetext": "<p>Herr ålderspresident! Det som Annika Qarlsson säger är helt riktigt. Jag har inga illusioner om att den här propositionen löser alla de stora problem vi har med framväxten av ett skuggsamhälle på svensk arbetsmarknad. Jag kommer att återkomma till riksdagen med ytterligare förslag. Det kommer vi att behöva göra på en lång rad områden, både på mitt område och på andra ministrars områden, för att säkerställa detta. En del har vi gjort, och mer kommer att komma. I den här frågan är vi överens om att det ligger till på det sättet.</p><p>Med nuvarande lagstiftning finns det möjlighet för en individ som är utstationerad i Sverige att gå till svensk domstol och utkräva lön enligt svenska kollektivavtals miniminivåer. Detta är möjligt att göra.</p><p>Det är dock inte ett system som egentligen är särskilt svenskt. Den svenska modellen bygger på att man har ett avtal som man går till Arbetsdomstolen för att säkerställa. Om Arbetsdomstolen bedömer att arbetsgivaren inte har följt avtalet utdöms en sanktion mot arbetsgivaren. Om man i stället bedöms ha agerat okynnesaktigt kan den fackliga organisationen själv få betala rättegångskostnaderna.</p><p>Det är så det fungerar, och denna modell har fungerat ganska väl. Vi har inte byggt upp ett system som bygger på att individen själv går till domstol för att få ut sin lön. Dessutom finns det då ingenting som säkerställer att det utdöms någon sanktion mot arbetsgivaren om denna har betalat felaktig lön.</p><p>Detta är ett annat sätt att jobba på. Jag accepterar att man kan välja det sättet, men då borde man rimligen använda sig av den modellen även i övrigt. Det blir konstigt om vi ska ha ett system som gäller på större delen av den svenska arbetsmarknaden men ett annat system som gäller för utstationerad arbetskraft, där vi inte har tagit fram de verktyg som skulle behövas för att vi ska kunna leva upp till våra åtaganden.</p><p>Jag har respekt för om man vill göra detta, men det är konstigt om man inte vill något alls utöver att fortsätta som vi gör nu, när vi inte kan säkerställa lönerna för utstationerad arbetskraft.</p>",
    "intressent_id": "011731125914",
    "rel_dok_id": "H401AU9",
    "replik": "Y",
    "systemdatum": "2017-05-16 16:12:45"
  }
}