﻿{
  "anforande": {
    "dok_hangar_id": "4706363",
    "dok_id": "H409103",
    "dok_titel": "Protokoll 2016/17:103 Tisdagen den 2 maj",
    "dok_rm": "2016/17",
    "dok_nummer": "103",
    "dok_datum": "2017-05-02 00:00:00",
    "avsnittsrubrik": "Svar på interpellation 2016/17:401 om terrorhotet och återvändande terroriststridande",
    "underrubrik": null,
    "kammaraktivitet": "interpellationsdebatt",
    "anforande_id": "ea1f8197-5344-e711-9450-00262d0d7125",
    "anforande_nummer": "127",
    "talare": "Anti Avsan (M)",
    "parti": "M",
    "anforandetext": "<p> STYLEREF Kantrubrik \\* MERGEFORMAT Svar på interpellationer</p><p>Herr talman! Jag tycker nog att det jag frågade om när det gäller kommunernas ansvar är någonting som också är kultur- och demokratiministerns ansvar. Det ligger helt i linje med det som beskrivs i den nationella strategin mot våldsbejakande extremism som kommer från den nationella samordnaren. Det här måste ändå vara det som ligger inom kultur- och demokratiministerns ansvar.</p><p>När man ser på de åtgärder som vidtas frapperas man lite grann av vad det handlar om. Att förhindra på denna nivå handlar om två saker: stöd till avhoppare och en verksamhet som delvis har varit ganska kritiserad, nämligen en stödtelefon. Jag tycker nog att det är ganska torftigt, herr talman. Det borde finnas någonting mer.</p><p>Visst är det bra med stöd till avhoppare. Det är bra om man bygger ut avhopparverksamheter. Men det här är i så fall definitionsmässigt personer som själva har bestämt sig för att de ska lämna denna miljö. Hur gör vi med alla dessa människor som har radikaliserats men som själva inte har påverkats av andra att göra nya och bättre livsval än dem de har växlat in på? Här handlar det om att identifiera denna typ av personer och att försöka uppsöka dem och förmå dem att ändra sig. Nu vet vi att säkerhetspolisen har vissa samtal, men här kan man göra mycket mer.</p><p>Jag tycker nog att kultur- och demokratiministern i den mån hon kan, i enlighet med vad hon själv har sagt under denna debatt, ska förmå sitt fögderi och den nationella samordnaren att lägga till lite mer för att förhindra. Lösningen kan inte bara vara stöd till avhoppare och en stödtelefon.</p>",
    "intressent_id": "0338458649710",
    "rel_dok_id": "H410401",
    "replik": "N",
    "systemdatum": "2017-05-29 11:46:45"
  }
}