﻿{
  "anforande": {
    "dok_hangar_id": "4702552",
    "dok_id": "H409100",
    "dok_titel": "Protokoll 2016/17:100 Onsdagen den 26 april",
    "dok_rm": "2016/17",
    "dok_nummer": "100",
    "dok_datum": "2017-04-26 00:00:00",
    "avsnittsrubrik": "Policyramverk för svenskt utvecklingssamarbete och humanitärt bistånd",
    "underrubrik": null,
    "kammaraktivitet": "ärendedebatt",
    "anforande_id": "6ba891a8-413a-e711-9452-00262d0d0c40",
    "anforande_nummer": "122",
    "talare": "Sofia Damm (KD)",
    "parti": "KD",
    "anforandetext": "<p>Herr ålderspresident! Jag är glad att Isabella Lövin talar om att stärka bristfälliga regeringar. I policyramverket står att en demokratisk utveckling bara kan byggas på fria, rättvisa, pluralistiska och transparenta valprocesser. Fungerande demokrati med ansvarstagande, ansvarsutkrävande och representativitet förutsätter också ett demokratiskt flerpartisystem.</p><p>I anförandet nämnde statsrådet civilsamhället och dess aktörer. Men jag hörde inte att statsrådet poängterade just vikten av ansvarstagande representativa politiska partier och ett politiskt system. När det gäller stöd till politiska aktörer saknar jag ofta uttalanden och även insatser. Det vi ser med minskat utrymme för civilsamhällets aktörer är otroligt allvarligt.</p><p>Om vi kämpar för att människor ska kunna hävda sina rättigheter, vilket är grunden i biståndspolitiken, och för att de här människorna ska kunna gå till valurnorna och avlägga sin röst måste vi samtidigt se till att det finns vettiga människor att lägga sin röst på. Det måste finnas vettiga företrädare i politiken för att göra livet bättre för medborgarna.</p><p>Vore det möjligt för biståndsministern att utveckla något hur ramverket kan bidra till ett nytänkande när det gäller stöd till den politiska demokratiutvecklingen, om man kan uttrycka det så, i diktaturer och nya demokratier?</p>",
    "intressent_id": "0306286538528",
    "rel_dok_id": "H401UU11",
    "replik": "Y",
    "systemdatum": "2017-05-16 16:13:00"
  }
}