﻿{
  "anforande": {
    "dok_hangar_id": "4703370",
    "dok_id": "H409101",
    "dok_titel": "Protokoll 2016/17:101 Torsdagen den 27 april",
    "dok_rm": "2016/17",
    "dok_nummer": "101",
    "dok_datum": "2017-04-27 00:00:00",
    "avsnittsrubrik": "(forts. från § 11) Tillgång till betalkonto med grundläggande funktioner (forts. FiU33)",
    "underrubrik": null,
    "kammaraktivitet": null,
    "anforande_id": "377aecae-bb3b-e711-9452-00262d0d0c40",
    "anforande_nummer": "120",
    "talare": "Börje Vestlund (S)",
    "parti": "S",
    "anforandetext": "<p>Herr ålderspresident! Jag känner inte till att jag har druckit kaffe med några bankdirektörer någon gång. Det är möjligt att man från regeringen har gjort det och att Vänsterpartiet gör det, men jag har i alla fall inte gjort det.</p><p>För att se lite seriöst på det här kan vi snabbt konstatera att det tydligen bara är Vänsterpartiet som är det fina partiet i den här salen. Men till skillnad från Vänsterpartiet har vi den bestämda uppfattningen att innan man går fram med lagstiftning bör man pröva vad som är den lämpliga vägen. Därför måste man analysera var de här lagstiftningsåtgärderna behövs. Då är det inte självklart att man gör det enligt den modell som Vänsterpartiet vill ha, att varje bank ska kunna sköta det här. Det är av två skäl.</p><p>Det ena är att risken är ganska stor att man då skulle lägga ned ännu fler bankkontor. Frågan är om inte detta skulle ske i ännu större utsträckning på landsbygden, där det försvinner bankkontor just nu. I städerna har de ju redan försvunnit i stor utsträckning.</p><p></p><p>Det andra är att vi har tillsatt Riksbanksutredningen. Jag har uppfattat signaler från enskilda ledamöter om att man vill att frågan ska lösas där. Jag tycker också att man ska se tiden an, för jag är ganska säker på att man måste komma med ett förslag här.</p><p>Vi delar Riksbankens oro över att man håller på att montera ned infrastrukturen för just kontanthantering. Därför behöver det tas fram förslag. Men det måste ske på ett sådant sätt att man gör rätt saker och inte bara säger att nu ska vi genomföra det här efter Håkan Svennelings huvud, för då är jag säker på att det blir katastrof, utan det här måste utredas ordentligt.</p><p>(Applåder)</p>",
    "intressent_id": "0720249554818",
    "rel_dok_id": null,
    "replik": "Y",
    "systemdatum": "2017-05-18 13:19:08"
  }
}