﻿{
  "anforande": {
    "dok_hangar_id": "4546972",
    "dok_id": "H40910",
    "dok_titel": "Protokoll 2016/17:10 Onsdagen den 28 september",
    "dok_rm": "2016/17",
    "dok_nummer": "10",
    "dok_datum": "2016-09-28 00:00:00",
    "avsnittsrubrik": "Regional anpassning av arbetsmarknadsutbildning",
    "underrubrik": null,
    "kammaraktivitet": "ärendedebatt",
    "anforande_id": "0ed5f233-e195-e611-9441-00262d0d7125",
    "anforande_nummer": "7",
    "talare": "Raimo Pärssinen (S)",
    "parti": "S",
    "anforandetext": "<p>Herr talman! Det är tvärtom så, skulle jag vilja säga, att Niklas Wykman nu precis har beskrivit den trend som var 2014 och så vidare. Det var ett resultat av den moderatledda regeringens arbetsmarknadspolitik. Mätningen är ju inom den tidsrymden. Det var ni som försämrade det här. Att då komma och säga att det var vi som gjorde det är nästan too much, höll jag på att säga.</p><p>Det har visat sig att jobbskatteavdragen fungerar. Ja, men det finns en dödvikt i det hela. Ungefär 60 procent hade fått jobb ändå. Men jag hoppas att Niklas Wykman nu håller med om att det är jättebra att vi gör de här begränsningarna när det gäller nystartsjobben. Vi såg inslag i tv om att taxibranschen är sönderslagen därför att detta missbrukats. Nu gör vi förändringar för att göra nystartsjobben ännu mer effektiva. Det hoppas jag verkligen att Niklas Wykman ställer upp på.</p><p>Sedan gäller det detta med skatter. Det är klart att vi ändrar skatterna - det gör vi. Vi hörde i går att ni i Moderaterna själva säger att man måste höja en del skatter. Det vill vi också göra. Och vad vi har gjort är att vi har börjat skala ned jobbskatteavdraget. Vi kommer att fortsätta att göra det. Men vi gör det i en takt så att vi kan få ekonomin att gå ihop, så att vi kan stärka resurserna för välfärd. Vi kommer nu att satsa 10 miljarder på välfärden i kommunerna.</p><p> STYLEREF Kantrubrik \\* MERGEFORMAT Regional anpassning av arbetsmarknads-utbildning</p><p>Niklas Wykman drömmer om ett sjätte jobbskatteavdrag. På det sättet tror han att det blir fler jobb. Det tror inte vi, och det tror jag att en majoritet av svenska folket förstår efter att de har sett resultatet av er moderatledda regering.</p><p>(Applåder)</p>",
    "intressent_id": "0113077554312",
    "rel_dok_id": "H401AU3",
    "replik": "Y",
    "systemdatum": "2016-10-19 11:49:04"
  }
}