﻿{
  "anforande": {
    "dok_hangar_id": "4703370",
    "dok_id": "H409101",
    "dok_titel": "Protokoll 2016/17:101 Torsdagen den 27 april",
    "dok_rm": "2016/17",
    "dok_nummer": "101",
    "dok_datum": "2017-04-27 00:00:00",
    "avsnittsrubrik": "Frågestund",
    "underrubrik": "Stöd till samlingslokaler på landsbygden",
    "kammaraktivitet": "frågestund",
    "anforande_id": "de79ecae-bb3b-e711-9452-00262d0d0c40",
    "anforande_nummer": "36",
    "talare": "Ola Johansson (C)",
    "parti": "C",
    "anforandetext": "<p></p><p>Fru talman! Jag har en fråga till landsbygdsministern.</p><p>Det finns stora förhoppningar på regeringen i anslutning till landsbygdsutredningen. Det övergripande målet är att medborgarna ska få likvärdiga förutsättningar för att arbeta, bo och leva i landsbygderna. För att förbättra tillgången till välfärd, kultur och service föreslås att likvärdiga förutsättningar ska ges för att utöva och uppleva kultur, oberoende av bostadsort.</p><p>Ett allsidigt utbud av kultur och fritidsaktiviteter och, inte minst, möten mellan människor med olika bakgrund kräver ytor som är moderna, tillgängliga och öppna för alla. Mötesplatser i form av allmänna samlingslokaler drivs huvudsakligen ideellt, med stöd av kommuner, stat och de respektive intresseorganisationerna.</p><p>Frågan till ministern är: Är han beredd att ge samlingslokalerna en roll i förverkligandet av Landsbygdskommitténs förslag?</p>",
    "intressent_id": "0934639939611",
    "rel_dok_id": "H4C120170427fs",
    "replik": "N",
    "systemdatum": "2017-05-18 13:18:57"
  }
}