﻿{
  "anforande": {
    "dok_hangar_id": "4706363",
    "dok_id": "H409103",
    "dok_titel": "Protokoll 2016/17:103 Tisdagen den 2 maj",
    "dok_rm": "2016/17",
    "dok_nummer": "103",
    "dok_datum": "2017-05-02 00:00:00",
    "avsnittsrubrik": "Svar på interpellation 2016/17:401 om terrorhotet och återvändande terroriststridande",
    "underrubrik": null,
    "kammaraktivitet": "interpellationsdebatt",
    "anforande_id": "e51f8197-5344-e711-9450-00262d0d7125",
    "anforande_nummer": "122",
    "talare": "Kultur- och demokratiministern Alice Bah Kuhnke (MP)",
    "parti": "MP",
    "anforandetext": "<p>Herr talman! Anti Avsan har frågat mig om terrorhotet och återvändande terroriststridande och efterfrågat min syn på det faktum att många kommuner saknar handlingsplaner för att arbeta med återvändande terroriststridande. Jag har också fått frågan vilka initiativ regeringen tänker ta för att samtliga kommuner ska ha handlingsplaner och riktlinjer för arbetet med återvändande terroriststridande samt vilka initiativ regeringen kommer att ta för att återvändande terroriststridande ska följas upp av individuella handlingsplaner för avradikalisering.</p><p>Låt mig börja med att understryka att arbetet mot våldsbejakande extremism och terrorism är mycket högt prioriterat av regeringen. Efter det fruktansvärda attentatet den 7 april i centrala Stockholm fortsätter nu arbetet med full kraft. Vi är många som är djupt berörda av hur många människor som slöt upp till stöd för det öppna och demokratiska samhället och hur våra myndigheter och centrala samhällsfunktioner agerade i samband med attentatet. Vi måste fortsatt göra allt vi kan för att det inte ska ske igen. Det förebyggande arbetet är långsiktigt och måste ständigt utvecklas. Arbetet mot våldsbejakande extremism utgår från den överenskommelse regeringen har med Moderaterna, Centerpartiet, Liberalerna och Kristdemokraterna.</p><p>Den självklara utgångspunkten är att den person som begått terroristbrottslighet ska åtalas och straffas. Förundersökning om brott ska inledas när det finns skäl att misstänka brott. Det är rättsväsendet och Säkerhetspolisen som har ansvar för att hantera personer som utgör hot mot Sverige och som är brottsmisstänkta. Regeringen har tagit initiativ för att skärpa lagstiftningen och kraftigt stärka rättsväsendets kapacitet i dessa frågor.</p><p>Gör Säkerhetspolisen och Polismyndigheten bedömningen att det inte finns anledning att misstänka att en återvändare gjort sig skyldig till brott innebär det inte att samhället ska kliva tillbaka. Kommunerna har olika förutsättningar att hantera denna typ av situationer. När kommunala verksamheter, genom Säkerhetspolisen eller Polismyndigheten, får information om återvändare är det viktigt att det finns stöd och expertis för att guida de kommunala verksamheterna rätt.</p><p> STYLEREF Kantrubrik \\* MERGEFORMAT Svar på interpellationer</p><p>Flertalet kommuner har utvecklat riktlinjer och handlingsplaner samt en beredskap för att hantera dessa frågor. Det konstaterar de aktörer som har att stödja kommunerna i detta arbete. I flertalet kommuner och stadsdelar behöver dock arbetet kontinuerligt uppdateras och bli bättre. Som Polismyndighetens rapport om utsatta områden visar har flera av de områden som haft problem med rekrytering till strider i utlandet också andra mycket allvarliga problem. Kontinuerlig kunskapsutveckling och uppföljning krävs för att arbetet mot extremism ska prioriteras i kommunerna. Den nationella samordnaren kommer under 2017 att tillsammans med länsstyrelserna möta samtliga kommuner. Inom kort kommer även samordnaren att ge ut en vägledning för hur kommuner kan ta fram lägesbilder samt revidera vägledningen för handlingsplaner. I juli kommer samordnaren att publicera lägesbilder över den våldsbejakande extremismen i Sverige och vad som görs på kommunnivå för att motverka sådan extremism.</p><p>För att tydliggöra ansvarskedjan och respektive myndighets och kommuns ansvar avser regeringen att ge Socialstyrelsen i uppdrag att ta fram en nationell vägledning i samverkan med berörda myndigheter, såsom Säkerhetspolisen och Polismyndigheten. Vägledningen ska bland annat klargöra ansvarsfördelning och samverkansformer för återvändare från strider i utlandet. Regeringen avser också att tillsätta en utredning som tittar på sekretesslagstiftningen vad gäller informationsutbyte mellan samverkande myndigheter i det förebyggande arbetet mot våldsbejakande extremism och terrorism. När den nationella samordnarens verksamhet görs permanent i början av 2018, vid en existerande myndighet, är även avsikten att arbetet gentemot kommunerna ska bli mer operativt.</p><p>Regeringen prioriterar det förebyggande arbetet mot våldsbejakande extremism och terrorism. Vi kan inte skydda oss mot allt, men vi ska göra allt vi kan för att skydda oss.</p>",
    "intressent_id": "0787584650516",
    "rel_dok_id": "H410401",
    "replik": "N",
    "systemdatum": "2017-05-29 11:46:45"
  }
}