﻿{
  "anforande": {
    "dok_hangar_id": "4703370",
    "dok_id": "H409101",
    "dok_titel": "Protokoll 2016/17:101 Torsdagen den 27 april",
    "dok_rm": "2016/17",
    "dok_nummer": "101",
    "dok_datum": "2017-04-27 00:00:00",
    "avsnittsrubrik": "Frågestund",
    "underrubrik": null,
    "kammaraktivitet": "frågestund",
    "anforande_id": "d579ecae-bb3b-e711-9452-00262d0d0c40",
    "anforande_nummer": "27",
    "talare": "TREDJE VICE TALMANNEN",
    "parti": "TREDJE VICE TALMANNEN",
    "anforandetext": "<p>Frågestund</p><p>Jag vill hälsa statsråden välkomna. Frågor besvaras i dag av statsrådet Isabella Lövin, statsrådet Sven-Erik Bucht, statsrådet Per Bolund och statsrådet Ardalan Shekarabi.</p><p>En fråga ska vara av övergripande och allmänpolitiskt slag eller avse ett ämne som faller inom statsrådets ansvarsområde och rör dennes tjänsteutövning. Statsrådet Isabella Lövin besvarar såväl allmänpolitiska frågor som frågor inom sitt eget ansvarsområde.</p>",
    "intressent_id": null,
    "rel_dok_id": "H4C120170427fs",
    "replik": "N",
    "systemdatum": "2017-05-18 13:18:56"
  }
}