﻿{
  "anforande": {
    "dok_hangar_id": "4703370",
    "dok_id": "H409101",
    "dok_titel": "Protokoll 2016/17:101 Torsdagen den 27 april",
    "dok_rm": "2016/17",
    "dok_nummer": "101",
    "dok_datum": "2017-04-27 00:00:00",
    "avsnittsrubrik": "Medborgarskap, Migration och asylpolitik, Anhöriginvandring och Arbetskraftsinvandring",
    "underrubrik": null,
    "kammaraktivitet": "ärendedebatt",
    "anforande_id": "b979ecae-bb3b-e711-9452-00262d0d0c40",
    "anforande_nummer": "1",
    "talare": "Yilmaz Kerimo (S)",
    "parti": "S",
    "anforandetext": "<p>Fru ålderspresident! Dagens debatt behandlar fyra motionsbetänkanden som rör medborgarskap, migrations- och flyktingpolitik, anhöriginvandring och arbetskraftsinvandring och berör ett stort antal kommittémotioner och enskilda motioner från allmänna motionstiden.</p><p>Jag yrkar bifall till reservation 5 i SfU17. I övrigt yrkar jag bifall till utskottets förslag och avslag på samtliga reservationer.</p><p>Fru ålderspresident! Jag kan inledningsvis konstatera att den omläggning av politiken på dessa områden som regering och riksdag i bred enighet har beslutat om också kommer till uttryck i dessa utskottsbetänkanden. Den politik som regeringen för har bredast möjliga majoritet och är den enda möjliga om man ser till de förslag som framförs från riksdagens samtliga partier.</p><p>Förslagen bygger på utgångspunkten att det måste vara ordning och reda i flyktingpolitiken. Det är en politik som är väl avvägd utifrån de förutsättningar som gäller i vår omvärld. Det är en politik som bygger på en reglerad invandring som är hållbar.</p><p>Vi kan inte ha en politik som vitt skiljer sig från den i andra länder i Europa. Det är också därför som det är viktigt att vi driver på inom EU för en gemensam migrationspolitik där alla länder tar ett gemensamt ansvar.</p><p>Migrationen i världen ökar, och Sverige är en del i den utvecklingen. En förutsättning för att på sikt kunna hantera denna utveckling är att ha en långsiktigt hållbar och rättssäker migrationspolitik som värnar asylrätten. Asylrätten är en rättighet som är fastställd i internationella konventioner.</p><p>Antalet asylsökande som sökte sig till Sverige under 2015 var rekordhögt, och utmaningarna för det svenska asylsystemet var därför stora. Situationen i mottagandet är i dagsläget under kontroll, även om det fortfarande finns utmaningar.</p><p>För att hantera den akuta flyktingsituationen och upprätthålla asylrätten behövdes det en begränsning i flyktingmottagandet i Sverige. Det svenska regelverket anpassades därför tillfälligt till EU-rättens och internationella konventioners miniminivå genom tidsbegränsade insatser, exempelvis tidsbegränsade uppehållstillstånd och tillfälliga id- och gränskontroller.</p><p>De åtgärder som vidtogs tillsammans med politiska förändringar i andra länder och inom EU gjorde att betydligt färre personer sökte asyl i Sverige under 2016.</p><p>Enligt utskottet var de tillfälliga åtgärder som vidtogs i en mycket ansträngd situation nödvändiga och tillräckliga.</p><p>Jag vill framhålla att begränsningarna av möjligheten att få uppehållstillstånd i Sverige är tillfälliga och att regeringen redan efter två år avser att bedöma behovet av att lagen ska gälla även under det sista året av giltighetstiden.</p><p>Även om regeringens politik har lett till att vi är på rätt väg i migrationspolitiken finns det utmaningar. En del av dessa utmaningar har funnits länge, och jag kan bara beklaga att tidigare regering inte påbörjade det nödvändiga förändringsarbetet.</p><p></p><p>Vi kan dock glädjas åt att detta arbete nu har satts igång. Det gäller exempelvis frågan om åldersbedömningar, där vi nu har en ny fungerande ordning på plats. Samma sak gäller boendefrågan, där alla kommuner nu måste dela på ansvaret för mottagandet av nyanlända. Detta är ett gemensamt ansvar för hela landet.</p><p>Vi har nu också en regering som är aktiv i EU-samarbetet för att påverka EU:s gemensamma regelverk, så att alla EU länder ska dela på ansvaret för de flyktingar som kommer till EU.</p><p>Inom samtliga berörda politikområden pågår mycket arbete, antingen i pågående utredningar eller i förslag som förbereds av regeringen. Många motionsyrkanden har därför avstyrkts med just det argumentet. Det gäller exempelvis förslag som berör det europeiska asylsystemet, mottagandet av asylsökande, verkställigheten av avvisnings- och utvisningsbeslut och frågan om lagliga vägar.</p><p>När det gäller studenters och forskares möjligheter att få stanna i Sverige har reglerna utvidgats. Förutsättningarna för utländska studenter att stanna kvar efter avslutade studier för att söka arbete eller undersöka förutsättningarna för att bedriva näringsverksamhet är nu bättre - detta för att öka Sveriges attraktionskraft.</p><p>Utskottet noterar också att ett nytt direktiv har beslutats inom EU med regler om inresa och vistelse för bland annat studenter och forskare från länder utanför EU. Direktivet ska nu genomföras i medlemsstaterna. Enligt utskottets mening bör detta arbete avvaktas.</p><p>När det gäller EU-blåkort är det värt att nämna att det inom EU pågår ett arbete med ett nytt blåkortsdirektiv som ska upphäva och ersätta det nu gällande. Utskottet anser att detta arbete bör avvaktas. Enligt utskottet saknas det skäl för riksdagen att göra ett tillkännagivande om ändring av utlänningslagstiftningen.</p><p>Regeringens särskilda utredare presenterade i december 2016, i betänkandet <em>Stärkt ställning för arbetskraftsinvandrare på arbetsmarknaden</em>, ett antal förslag till åtgärder för att stärka arbetskraftsinvandrares ställning på arbetsmarknaden.</p><p>I utredningens betänkande finns även förslag om att Migrationsverket ska ges möjlighet till direktåtkomst till vissa uppgifter hos andra myndigheter och att regeringen ska få meddela ytterligare föreskrifter om Migrationsverkets genomförande och redovisning av kontroll av arbetstillstånd.</p><p>Migrationsverket föreslås få direktåtkomst till vissa särskilt angivna uppgifter från Skatteverket, Kronofogdemyndigheten, Försäkringskassan och Pensionsmyndigheten om uppgifterna behövs för hantering av ansökningar om vissa uppehållstillstånd och arbetstillstånd eller för kontroll av sådana arbetstillstånd.</p><p>Utredaren påpekar att direktåtkomst innebär särskilda risker för otillbörligt integritetsintrång. Frågan om en myndighet bör få direktåtkomst till information som finns hos en annan myndighet bör därför bedömas genom en avvägning mellan de skäl som talar för en sådan åtkomst och de integritetsskäl som talar emot.</p><p>Frågan om att motverka missbruk av reglerna för arbetskraftsinvandring måste tas på största allvar. Samtidigt kan det konstateras att frågan behandlats i en nyligen avlämnad utredning och att beredning pågår inom Regeringskansliet. Frågan om direktåtkomst är dock, vilket utredaren pekar på, komplicerad, och hänsyn måste tas till risken för integritetskränkningar.</p><p></p><p>Försämrade villkor och förutsättningar för arbetskraftsinvandrare, såsom långa handläggningstider hos Migrationsverket och ökad risk att få uppehållstillståndet återkallat på grund av mindre misstag begångna av arbetsgivaren, minskar Sveriges attraktionskraft och riskerar att hindra en nödvändig kompetensinvandring.</p><p>Vi utgår från att regeringen återkommer med förslag så snart det är möjligt. Ett tillkännagivande i denna fråga kan och bör inte enligt vår bedömning påskynda den grundliga beredning av frågan som vi anser är nödvändig. Motionerna, som får anses i huvudsak tillgodosedda, bör därför avstyrkas.</p><p>Fru ålderspresident! Med detta yrkar jag bifall till Socialdemokraternas och Miljöpartiets gemensamma reservation 5 i SfU17 och i övrigt bifall till utskottets förslag.</p><p>(Applåder)</p>",
    "intressent_id": "0515990253512",
    "rel_dok_id": "H401SfU14, H401SfU15, H401SfU16, H401SfU17",
    "replik": "N",
    "systemdatum": "2017-05-18 13:18:52"
  }
}