﻿{
  "anforande": {
    "dok_hangar_id": "4703370",
    "dok_id": "H409101",
    "dok_titel": "Protokoll 2016/17:101 Torsdagen den 27 april",
    "dok_rm": "2016/17",
    "dok_nummer": "101",
    "dok_datum": "2017-04-27 00:00:00",
    "avsnittsrubrik": "Fiskeripolitik",
    "underrubrik": null,
    "kammaraktivitet": "ärendedebatt",
    "anforande_id": "9e7aecae-bb3b-e711-9452-00262d0d0c40",
    "anforande_nummer": "220",
    "talare": "Lars Tysklind (L)",
    "parti": "L",
    "anforandetext": "<p>Fru ålderspresident! Det är det här som blir lite av ett problem när vi diskuterar: att vi kanske diskuterar olika saker lite grann. Då är det bra om vi reder ut begreppen.</p><p>Trålfiske efter räkor är bottentrålning per definition. Sedan kan inte en sådan bottentrål beskrivas som att den plöjer bottnen, för de båtar man har, åtminstone i det småskaliga fisket, har ingen möjlighet att dra en trål som plöjer i bottnen. En stor del av den redskapsutveckling som har skett har handlat om bränsleförbrukning. Då gäller det att man lyfter upp redskapen så mycket som det över huvud taget är möjligt och får så lite friktion som möjligt. Detta har det av rent ekonomiska skäl varit viktigt att utveckla.</p><p>När det gäller det här med selektiviteten och att det blir mycket enklare om man får en selekterad och färdigsorterad fångst selekterar man först själva räkfångsten, och redan innan dess har man risten som sorterar bort fisken. Det är alltså ett mycket sofistikerat redskap.</p><p>När man sänder signalen till Bohusläns räkfiskare att ett parti vill förbjuda bottentrålning är budskapet alldeles klart och de känner sig hotade till sin existens. Om det inte handlar om att förbjuda svenskt räkfiske får väl Socialdemokraterna gå ut och tolka detta så att det blir tydligt.</p>",
    "intressent_id": "0535526562910",
    "rel_dok_id": "H401MJU14",
    "replik": "Y",
    "systemdatum": "2017-05-18 13:19:12"
  }
}