﻿{
  "anforande": {
    "dok_hangar_id": "4702552",
    "dok_id": "H409100",
    "dok_titel": "Protokoll 2016/17:100 Onsdagen den 26 april",
    "dok_rm": "2016/17",
    "dok_nummer": "100",
    "dok_datum": "2017-04-26 00:00:00",
    "avsnittsrubrik": "Bostadspolitik och Planering och byggande",
    "underrubrik": null,
    "kammaraktivitet": "ärendedebatt",
    "anforande_id": "35a891a8-413a-e711-9452-00262d0d0c40",
    "anforande_nummer": "73",
    "talare": "Roger Hedlund (SD)",
    "parti": "SD",
    "anforandetext": "<p>Fru ålderspresident! I dag har vi en bred bostadspolitisk debatt som innehåller många frågor som berör många områden. Flera av förslagen har redan diskuterats vid ett flertal tillfällen i andra debatter. För den som lyssnar och inte tycker att det är något \"hugg\" i debatten kan det vara en av orsakerna.</p><p>Vi har lagt fram flera förslag som det kommer att fattas beslut om i dag. De rör möjligheten att få en bostad, att skapa ökat byggande, långsiktighet och trygghet i bostadsområdena.</p><p>Jag vill framför allt passa på att lyfta fram ett förslag som Sverigedemokraterna har med i betänkandet. Det är en fråga som är aktuell i den rådande bostadskrisen.</p><p>I dag finns det ett system i många kommuner med bostadsköer. Man ställer sig i kö för att få tillgång till en bostad. Man kan få stå ganska länge i bostadskön innan man får en bostad. </p><p>Vi vet också att det är väldigt många kommuner som gör undantag för asylsökande, nyanlända invandrare och personer som har fått uppehållstillstånd i Sverige. Det är kommunerna själva som väljer att göra undantag och ge förtur till dessa personer. Men de kan också tvingas till det utifrån domstolsbeslut.</p><p>Om man ska kunna anta jobberbjudanden eller en utbildningsplats på en högskola eller ett universitet, om man har blivit kär och vill flytta ihop med en blivande sambo, om man vill utöka familjen eller om man vill flytta hemifrån är det helt avgörande i dag att få en bostad. Det är i allra högsta grad viktiga skäl för att få tillgång till en bostad som så många andra grupper i samhället efterfrågar.</p><p> STYLEREF Kantrubrik \\* MERGEFORMAT Bostadspolitik och Planering och byggande</p><p>Det är också därför som vi från Sverigedemokraterna har lagt fram ett förslag som innebär att man inte ska kunna göra undantag i bostadskön för personer som har fått uppehållstillstånd i Sverige. Det ska vara lika möjligheter för alla på det området. Man ska inte utgå från etnicitet eller annan bakgrund.</p><p>I slutet av 2015 kom det en dom från hovrätten där Hedemorabostäder AB tvingades att fortsätta att hyra ut till Migrationsverket som tilldelar ett antal lägenheter till personer som söker asyl eller som har fått uppehållstillstånd. Det är alltså ett sätt att kringgå bostadskön och få förtur till dessa bostäder. Det här är någonting som måste ses över, anser Sverigedemokraterna. De här möjligheterna ska inte kunna finnas i dagens Sverige.</p><p>Vidare innehåller det betänkande som ligger på bordet i dag en hel del förslag från Sverigedemokraterna. Vi pratar till exempel om att skapa säkrare polisiär närvaro i förorten och om en nationell handlingsplan för otrygga områden. Det är frågor som i allra högsta grad berör tryggheten i bostadsområdena. Vi vill skapa ökat byggande genom att se över möjligheten till ökad konkurrens på byggmarknaden. Vi vill ha regional bostadsplanering för att kunna förstärka kommunernas kunskap på bostadsplaneringsområdet. För att skapa långsiktighet har vi föreslagit en bostads- och infrastrukturberedning. Vi vill också se över bostadsfinansieringen och utreda hur både unga och andra grupper ska få möjlighet att äga sitt eget boende.</p><p>För tids vinnande, fru ålderspresident, väljer jag att yrka bifall bara till två reservationer. I CU14 är det reservation 7, i CU15 är det reservation 26.</p>",
    "intressent_id": "0773497241728",
    "rel_dok_id": "H401CU14, H401CU15",
    "replik": "N",
    "systemdatum": "2017-05-16 16:12:53"
  }
}