﻿{
  "anforande": {
    "dok_hangar_id": "4702552",
    "dok_id": "H409100",
    "dok_titel": "Protokoll 2016/17:100 Onsdagen den 26 april",
    "dok_rm": "2016/17",
    "dok_nummer": "100",
    "dok_datum": "2017-04-26 00:00:00",
    "avsnittsrubrik": "Nya utstationeringsregler",
    "underrubrik": null,
    "kammaraktivitet": "ärendedebatt",
    "anforande_id": "00a891a8-413a-e711-9452-00262d0d0c40",
    "anforande_nummer": "27",
    "talare": "Arbetsmarknads- och etableringsministern Ylva Johansson (S)",
    "parti": "S",
    "anforandetext": "<p>Herr ålderspresident! Jag ske ge de fyra borgerliga partierna rätt på en punkt. Det kan ju vara så att rörligheten blir ännu större om man får dumpa löner och inte behöver betala minimilön, men jag tror inte att ni vill ha det så. Jag tror faktiskt att ni vill stå upp för att minimilöner ska gälla enligt direktivet. Om vi då ska säkerställa att den lagstiftning som gäller på EU-nivå också på riktigt verkställs i Sverige kan det hända att det finns företag som inte kommer hit därför att de tycker att det inte är lönsamt nog, eftersom de har betalat sina anställda 30, 40 eller 50 kronor i timmen. Så kan det naturligtvis bli, men vi vill ju inte ha det så att man kommer hit för att kunna ge människor usla villkor.</p><p> STYLEREF Kantrubrik \\* MERGEFORMAT Nya utstationerings-regler</p><p>Om vi är överens om att miniminivån ska gälla enligt utstationeringsdirektivet finns det ingenting i förslaget som skulle minska rörligheten eller göra att färre kommer hit, utan man får betala precis det som man redan i dag ska betala. Men där är vi oense om huruvida man verkligen betalar det eller inte.</p><p>Nej, Désirée Pethrus, vi har inte tvång på kollektivavtal i Sverige. Det kommer det inte heller att bli för utstationerade företag, utan det blir samma modell.</p><p>Vi har en modell som ger facket en långtgående rättighet att kräva kollektivavtal, också ytterst med stridsåtgärder, och vi har kunnat lita på att facket har gjort det utan diskriminering, det vill säga för alla. Vi måste nu säkerställa att svenska företag inte diskrimineras genom att facket de facto inte upplever sig kunna ställa samma krav, alltså göra sin del av avtalet, sin del av arbetsuppgifterna på svensk arbetsmarknad, så att det blir likabehandling av svenska företag och företag som utstationerar i Sverige. Det är vad vi förväntar oss att svenska företag ska mötas av när de utstationerar eller säljer tjänster i ett annat land.</p>",
    "intressent_id": "011731125914",
    "rel_dok_id": "H401AU9",
    "replik": "Y",
    "systemdatum": "2017-05-16 16:12:45"
  }
}