﻿{
  "anforande": {
    "dok_hangar_id": "4703963",
    "dok_id": "H409102",
    "dok_titel": "Protokoll 2016/17:102 Fredagen den 28 april",
    "dok_rm": "2016/17",
    "dok_nummer": "102",
    "dok_datum": "2017-04-28 00:00:00",
    "avsnittsrubrik": "Aktuell debatt om attentatet i Stockholm",
    "underrubrik": null,
    "kammaraktivitet": "aktuell debatt",
    "anforande_id": "04999fe0-bc3b-e711-9452-00262d0d0c40",
    "anforande_nummer": "24",
    "talare": "Roger Haddad (L)",
    "parti": "L",
    "anforandetext": "<p>Herr talman! Vi blir anklagade av Sverigedemokraterna för att vi inte har drivit till exempel kriminalisering av strid utomlands och samröre och så vidare. Men läs gärna våra motioner från hösten 2014! Vi har återkommande, oberoende av de tragiska terrorattentaten, drivit dessa frågor. Det vet förhoppningsvis Sverigedemokraterna om.</p><p> STYLEREF Kantrubrik \\* MERGEFORMAT Aktuell debatt om attentatet i Stockholm</p><p>Sedan gäller det Liberalernas fokus i denna debatt. Jag hoppas att det blir på det lokala brottsförebyggande arbetet mot våldsbejakande extremism och radikalisering. Det har vi lyft upp i vår budgetmotion i riksdagen. Vi tar också upp vikten av att få ut fler områdespoliser för att förstärka polisen i yttre tjänst nära dessa områden, så att vi snabbt kan identifiera riskpersoner och kan hantera detta tillsammans med skola och socialtjänst. Det är därför som vi också sedan ett och ett halvt år tillbaka aktivt driver frågan om att Säkerhetspolisens regler kring sekretess och offentlighet måste förändras, så att man enklare kan dela med sig av information om extremister och återvändare till skola och socialtjänst. Det är en avgörande punkt när det gäller att möta hotet och dem som faktiskt uppmanar till detta och rekryterar och finansierar terrorister som begår terrorattentat i Sverige och inte minst utomlands.</p><p>Sverigedemokraterna har begärt den här debatten. Man kan ibland fundera över vad de vill uppnå med att begära en sådan debatt. Vi som är politiker och nationella politiker har ett extra stort ansvar för vad vi säger och hur vi säger det. Jag tror inte att Sverigedemokraterna uppnår målet om mindre extremism och mindre radikalisering om man fortsätter att agera aggressivt, överdriva och ta in en viss målgrupp eller en viss religion. Jag tror att det blir precis tvärtom, och det kommer vi inte att bidra till från Liberalernas sida.</p><p>(Applåder)</p>",
    "intressent_id": "0308306375022",
    "rel_dok_id": "H4C120170428ad",
    "replik": "N",
    "systemdatum": "2017-05-18 13:27:09"
  }
}