﻿{
  "anforande": {
    "dok_hangar_id": "4703370",
    "dok_id": "H409101",
    "dok_titel": "Protokoll 2016/17:101 Torsdagen den 27 april",
    "dok_rm": "2016/17",
    "dok_nummer": "101",
    "dok_datum": "2017-04-27 00:00:00",
    "avsnittsrubrik": "Medborgarskap, Migration och asylpolitik, Anhöriginvandring och Arbetskraftsinvandring",
    "underrubrik": null,
    "kammaraktivitet": "ärendedebatt",
    "anforande_id": "c279ecae-bb3b-e711-9452-00262d0d0c40",
    "anforande_nummer": "10",
    "talare": "Johan Forssell (M)",
    "parti": "M",
    "anforandetext": "<p>Fru ålderspresident! Bilden att majoriteten av arbetskraftsinvandringen avser enklare jobb eller lågutbildad arbetskraft kan man ha lite olika uppfattningar om. En analys av de permanenta tillstånden visar att det i de allra flesta fall snarare är hög- eller medelutbildade personer som kommer till Sverige.</p><p>Sedan tycker åtminstone jag att det är ett problem att arbetskraftsinvandringen överlag har sjunkit. Detta är inte någon ny företeelse som jag nämner i ett anförande, utan det är något som har byggt Sverige under decennier - att människor har kunnat komma till vårt land för att arbeta. En faktor där Sverige har utmärkt sig på ett annat sätt jämfört med många andra länder är att vi har haft en väldigt låg andel arbetskraftsinvandring och en hög andel asylinvandring.</p><p>Man kan fundera mycket på vilka lagar och regler man ska ha och om dessa ska vara liberala eller mindre liberala. Men denna fråga gäller om man ska kunna göra en helhetsbedömning av de lagar som finns eller om de ska tolkas med väldigt skarpa hörn. Detta är vad frågan handlar om.</p><p>Vi känner till följden av det regelverk som nu finns och tolkningen av det. Arbetskraft som ofta är högutbildad kan välja att ha sitt arbetsfält över hela världen. Är det i Stockholm jag ska sätta ned bopålarna och tjäna gott om pengar och betala mycket i skatt, eller är det i London eller San Francisco? Människor som vill vara i Sverige och bli en del av det svenska samhället, i alla fall för en tid, får inte det, utan de utvisas.</p><p>Jag har förståelse för att man kan tycka olika när det gäller om det ska vara liberalt eller mindre liberalt, men helt ärligt: Vi kan ju inte ha det så här. Medan alliansförslaget avslås fortsätter problemen att växa. Sverigedemokraterna är medskyldiga till detta tillsammans med Socialdemokraterna, Miljöpartiet och Vänsterpartiet.</p>",
    "intressent_id": "0126797549328",
    "rel_dok_id": "H401SfU14, H401SfU15, H401SfU16, H401SfU17",
    "replik": "Y",
    "systemdatum": "2017-05-18 13:18:53"
  }
}