﻿{
  "anforande": {
    "dok_hangar_id": "4703370",
    "dok_id": "H409101",
    "dok_titel": "Protokoll 2016/17:101 Torsdagen den 27 april",
    "dok_rm": "2016/17",
    "dok_nummer": "101",
    "dok_datum": "2017-04-27 00:00:00",
    "avsnittsrubrik": "Frågestund",
    "underrubrik": "En gemensam statlig molntjänst för myndigheternas it-drift",
    "kammaraktivitet": "frågestund",
    "anforande_id": "277aecae-bb3b-e711-9452-00262d0d0c40",
    "anforande_nummer": "109",
    "talare": "Statsrådet Ardalan Shekarabi (S)",
    "parti": "S",
    "anforandetext": "<p>Fru talman! Det är definitivt en vinst för den offentliga sektorn, för miljön och för sammanhållningen i vårt land om vi använder digitaliseringen som ett verktyg för att modernisera offentliga verksamheter.</p><p>De senaste tio åren har vi tappat fart. Flera av våra grannländer har gått om oss. Men vi ska ändra på det.</p><p>Det krävs styrning. Och den här rapporten är ett bra underlag för det fortsatta arbetet.</p>",
    "intressent_id": "0922497728524",
    "rel_dok_id": "H4C120170427fs",
    "replik": "N",
    "systemdatum": "2017-05-18 13:18:59"
  }
}