﻿{
  "anforande": {
    "dok_hangar_id": "4702552",
    "dok_id": "H409100",
    "dok_titel": "Protokoll 2016/17:100 Onsdagen den 26 april",
    "dok_rm": "2016/17",
    "dok_nummer": "100",
    "dok_datum": "2017-04-26 00:00:00",
    "avsnittsrubrik": "Nya utstationeringsregler",
    "underrubrik": null,
    "kammaraktivitet": "ärendedebatt",
    "anforande_id": "f9a791a8-413a-e711-9452-00262d0d0c40",
    "anforande_nummer": "20",
    "talare": "Jessika Roswall (M)",
    "parti": "M",
    "anforandetext": "<p>Herr ålderspresident! Jag vet inte var jag ska börja. Det är möjligt att jag inte förstår. </p><p>Vi har en lag, nämligen lex Laval. Den tycker vi har fungerat väl för att bevara och bevaka den svenska modellen samtidigt som vi har slagit vakt om den fria rörligheten. Jag känner mig inte alls ensam om att tycka det; jag tycker bland annat att Lagrådet är väldigt tydligt. Jag behöver inte läsa upp det, men det står på s. 2 varför Lagrådet inte tycker att det som påstås är ett behov. </p><p>Det var den fria rörligheten. Den andra frågan som ministern tog upp i sitt anförande var transparensen. Jag tycker att många saker som sas var bra, men grundläggande för att säkerställa goda villkor är att man ska kunna känna till vad som gäller när man kommer till Sverige. Än så länge är det dock, som flera har varit inne på, väldigt få fackförbund som har lämnat in kollektivavtalen - trots att det har krävts. Jag och flera med mig förstår inte varför regeringen inte vill införa sanktioner för att komma till rätta med dessa problem. </p>",
    "intressent_id": "0718034011110",
    "rel_dok_id": "H401AU9",
    "replik": "Y",
    "systemdatum": "2017-05-16 16:12:45"
  }
}