﻿{
  "anforande": {
    "dok_hangar_id": "4702552",
    "dok_id": "H409100",
    "dok_titel": "Protokoll 2016/17:100 Onsdagen den 26 april",
    "dok_rm": "2016/17",
    "dok_nummer": "100",
    "dok_datum": "2017-04-26 00:00:00",
    "avsnittsrubrik": "Bostadspolitik och Planering och byggande",
    "underrubrik": null,
    "kammaraktivitet": "ärendedebatt",
    "anforande_id": "45a891a8-413a-e711-9452-00262d0d0c40",
    "anforande_nummer": "89",
    "talare": "Ola Johansson (C)",
    "parti": "C",
    "anforandetext": "<p>Fru ålderspresident! Det är intressant att Lars Eriksson lyfter studentbostäderna när jag faktiskt har med mig ett pressmeddelande från Studentbostadsföretagen, med rubriken <em>Få studentbostadsföretag kommer använ</em><em></em><em>da investeringsstödet</em>. \"Majoriteten av de aktörer som färdigställer studentbostäder från 2017 och framåt anger att de inte kommer använda sig av investeringsstödet. Det visar en enkätundersökning som branschorganisationen Studentbostadsföretagen genomfört.\" Det är alltså alternativa fakta som Lars Eriksson framför i debatten, och det har jag svårt för.</p><p>Att, som vi har gjort under många år, verka för exempelvis det som jag är säker på att Emma Hult kommer att ta upp i debatten, synen på bullerriktvärden och möjligheterna att bygga tajtare och mer ändamålsenliga bostäder för studenter, är ett sätt.</p><p>Sedan handlar det också om att få en bättre fungerande bostadsmarknad generellt sett, där studenter kanske inte bara är hänvisade till studentbostäder utan exempelvis kan hyra en bostad i andra hand. Vi har ökat summan för den skattefria uthyrningen från tidigare 20 000 till 40 000 kronor. Det är ett sätt. Det finns många sätt att lösa studentbostadsfrågan, som inte bara handlar om att bygga explicita studentbostäder.</p><p>Om jag har några sekunder kvar, fru ålderspresident, kan jag inte låta bli att lyfta fram vilka kommuner som har tagit emot mest i form av byggbonusar. Det är de stora städer och de tillväxtkommuner som jag berättade om tidigare, där det redan byggs och planeras.</p><p>De flesta kommuner tar emot nyanlända, men det är inte alla som har byggt bostäder eller som har aktuella bostadsförsörjningsprogram eller översiktsplaner. Det har de nämligen inte haft användning för under många år. Det är sanningen, och därför får de inte del av dessa bonusar.</p><p>Det rör sig om helt felriktade satsningar! De går bara till storstäder och tillväxtregioner, som skulle ha byggt ändå.</p>",
    "intressent_id": "0934639939611",
    "rel_dok_id": "H401CU14, H401CU15",
    "replik": "Y",
    "systemdatum": "2017-05-16 16:12:54"
  }
}