﻿{
  "anforande": {
    "dok_hangar_id": "4703963",
    "dok_id": "H409102",
    "dok_titel": "Protokoll 2016/17:102 Fredagen den 28 april",
    "dok_rm": "2016/17",
    "dok_nummer": "102",
    "dok_datum": "2017-04-28 00:00:00",
    "avsnittsrubrik": "Aktuell debatt om attentatet i Stockholm",
    "underrubrik": null,
    "kammaraktivitet": "aktuell debatt",
    "anforande_id": "f5989fe0-bc3b-e711-9452-00262d0d0c40",
    "anforande_nummer": "9",
    "talare": "Andreas Carlson (KD)",
    "parti": "KD",
    "anforandetext": "<p>Herr talman! Attentatet på Drottninggatan lämnar ingen oberörd. Vi hedrar de fem personer som dödades. Vi tänker på deras anhöriga och vänner.</p><p>Herr talman! Den våldsbejakande islamismen attackerar inte stater eller strukturer. Dess mål är inte politiska ledare, militärer eller institutioner. Utövarna lämnar ingen förvarning och visar ingen ånger. Från Syriens och Iraks slagfält till de senaste årens attentat i Frankrike, Belgien, Tyskland, Storbritannien och Sverige är budskapet lika enkelt som svart: Den som inte är som vi förtjänar att dö.</p><p>Terrordådet i Stockholm har i allt mörker också visat Sveriges stora styrkor. Orädda poliser lyckades snabbt gripa en misstänkt terrorist. Räddningspersonal gick bortom sina normala plikter för att rädda liv. Stockholmarna gick man ur huse för att visa solidaritet och gemenskap. Så mycket blommor lämnades vid Åhléns att ett staket var nära att kollapsa.</p><p>Herr talman! Signalen var tydlig: Sverige viker sig inte för terroristerna.</p><p> STYLEREF Kantrubrik \\* MERGEFORMAT Aktuell debatt om attentatet i Stockholm</p><p>Vår uppgift nu är att se till att Sverige fortsätter att stå starkt. Det är viktigt att förstå att dessa attentat sker i ett sammanhang. Även om vi ännu inte känner till alla detaljer eftersom utredningen pågår tycks den nu gripne misstänkte terroristen ha varit inspirerad av och sympatiserat med IS. Självmordsbombaren Taimour Abdulwahab, som slog till på Drottninggatan kring julen 2010, ska ha haft kontakt med al-Qaida och hänvisade själv till IS. Även om de tycks ha agerat ensamma är de inte ensamma galningar, utan en del av en våldsbejakande islamistisk rörelse som måste bekämpas.</p><p>Den våldsbejakande islamismen är det största säkerhetshotet mot Sverige, enligt säkerhetspolisen. Samtidigt är islamisterna inte ensamma i villigheten att använda våld och terror i sin kamp. I Göteborg har tre nazister med kopplingar till Nordiska motståndsrörelsen häktats för bombattentat mot Syndikalistiskt forum och ett flyktingboende samt ett misslyckat dåd mot ytterligare ett flyktingboende. Vi kan aldrig, aldrig acceptera organiserat politiskt våld.</p><p>Vi måste stå enade mot terrorn. Därför har vi välkomnat regeringens inbjudan till nya samtal som en fortsättning på den överenskommelse mot terrorism som vi slöt i december 2015. I dessa samtal tar vi kristdemokrater med våra förslag för att stärka svensk polis och för att motverka terrorism. Sverige kan och ska göra mer i kampen mot terrorism. Vi måste höja vår terrorbekämpningsförmåga ytterligare, och vi måste samtidigt bekämpa terrorns rötter.</p><p>Herr talman! Polisen måste ges resurser att utföra sin grundläggande uppgift: att garantera ordning och trygghet. Fler poliser behövs för att förebygga terror. Vi har föreslagit 10 000 fler poliser. Vi har också hört Socialdemokraterna nyligen föreslå 10 000 fler polisanställda - detta trots att de så sent som i mars kallade bland annat våra förslag om fler poliser för en \"polisauktion\" som de inte tänkte ge sig in i. Även om vi välkomnar tvärvändningen från Anders Ygeman och hans kamrater i regeringen och Socialdemokraterna kan jag konstatera att det är en anmärkningsvärd svängning.</p><p>Diskussionen får dock inte stanna vid antalet poliser. Det viktigaste för att få fler poliser är att höja attraktiviteten för yrket genom att göra en kraftfull satsning på ökade polislöner och bättre arbetsvillkor.</p><p>De poliser som är först på plats vid terrorattentat är vanliga poliser i yttre tjänst, och därför behöver de ha rätt utbildning men också rätt utrustning för att kunna hantera och agera vid terrorattentat. Vi såg fantastiska insatser här i Stockholm från polisens sida, men vi har också hört uppgifter från flera poliser om att rätt utrustning saknades och att en del var i fel storlek.</p><p>Vi från Kristdemokraterna har i vår skuggbudget föreslagit en kraftfull satsning på bättre skyddsutrustning så att fler poliser har hjälmar, tunga västar och förstärkningsvapen i bilarna. Vi tycker också att det är nödvändigt att Polismyndigheten får egna övnings- och utbildningsanläggningar, vilket är något som saknas i dag enligt Polismyndigheten. Vi tror att det är otroligt viktigt att polisen har övningsplatser för taktisk övning för att ytterligare kunna stärka terrorbekämpningsförmågan.</p><p>Polisen har också efterlyst att man ska kunna öka möjligheterna för att ha stöd från Försvarsmakten för skydd och bevakning vid terrorattentat. I dag kan polisen inte begära hjälp för bevakning vid allmän plats utan bara vid särskilda skyddsobjekt. Det är en lagändring som Polismyndigheten själv har föreslagit.</p><p> STYLEREF Kantrubrik \\* MERGEFORMAT Aktuell debatt om attentatet i Stockholm</p><p>Vi tror också att det är nödvändigt att se över hur kameraövervakning kan användas mer av polisen. Vi såg, som flera har varit inne på i debatten, hur viktig kameraövervakningen var inom SL:s kameraövervakningsnät. Vi tror att också polisen ska kunna använda kameraövervakning på fler strategiska platser.</p><p>Detta är sammantaget åtgärder som polisen själv har efterfrågat. Vi från Kristdemokraternas sida tycker att vi måste ge polisen de redskap och resurser som krävs för att bekämpa terror och öka vår trygghet och för att vi ska stå ännu bättre rustade om det skulle ske ytterligare terrorattentat.</p><p>Det här är förslag som vi har lagt fram i vår budget men också förslag som vi för fram i de samtal som pågår med regeringen. Jag vill välkomna andra partier att också ansluta i de konstruktiva samtal som pågår.</p><p>(Applåder)</p>",
    "intressent_id": "0542160909628",
    "rel_dok_id": "H4C120170428ad",
    "replik": "N",
    "systemdatum": "2017-05-18 13:27:08"
  }
}