﻿{
  "anforande": {
    "dok_hangar_id": "4703370",
    "dok_id": "H409101",
    "dok_titel": "Protokoll 2016/17:101 Torsdagen den 27 april",
    "dok_rm": "2016/17",
    "dok_nummer": "101",
    "dok_datum": "2017-04-27 00:00:00",
    "avsnittsrubrik": "Väg- och fordonsfrågor",
    "underrubrik": null,
    "kammaraktivitet": "ärendedebatt",
    "anforande_id": "617aecae-bb3b-e711-9452-00262d0d0c40",
    "anforande_nummer": "161",
    "talare": "Emma Wallrup (V)",
    "parti": "V",
    "anforandetext": "<p>Fru talman! Jag ställer mig faktiskt frågan hur Lars Tysklind tänker sig att järnvägen ska gynnas. Nu går 70-80 procent av godset med lastbil, och du menar att vi inte ska begränsa något transportslag utan gynna alla. Men hur mycket ska vi då gynna järnvägen för att effektivt få se en överflyttning, så att inte 70-80 procent av godset går på våra vägar med trafikolyckor, trängsel och en massa andra problem som följd?</p><p>Sjöfarten jobbar också väldigt mycket med miljöfrågorna i dag. Vi är världsledande på ny teknik när det gäller vår sjöfartsflotta och olika forskningsprojekt kring ny teknik och så vidare. Även svaveldirektivet har drivit fram en miljövänligare sjöfart.</p><p>Jag håller med om att det fortfarande finns saker att göra, men det är också mycket som är på gång och som är gjort. Man prövar biobränslen i stor skala, köper in elfärjor och börjar med rotorsegel. Så det finns väldigt mycket spännande på gång där.</p><p>Min fråga är framför allt: Hur tänker sig Lars Tysklind att vi får den här överflyttningen? Rent ekonomiskt bär det sig ju inte för de godsföretag som kör på järnväg i dag på grund av höga banavgifter och så vidare. Jag har inte från Alliansens sida sett de stora satsningar som skulle behöva komma till för att stärka järnvägen. Jag är väldigt nyfiken!</p>",
    "intressent_id": "0115834246514",
    "rel_dok_id": "H401TU14",
    "replik": "Y",
    "systemdatum": "2017-05-18 13:19:09"
  }
}