﻿{
  "anforande": {
    "dok_hangar_id": "4703963",
    "dok_id": "H409102",
    "dok_titel": "Protokoll 2016/17:102 Fredagen den 28 april",
    "dok_rm": "2016/17",
    "dok_nummer": "102",
    "dok_datum": "2017-04-28 00:00:00",
    "avsnittsrubrik": "Svar på interpellation 2016/17:368 om arbetskraftsinvandring",
    "underrubrik": null,
    "kammaraktivitet": "interpellationsdebatt",
    "anforande_id": "15999fe0-bc3b-e711-9452-00262d0d0c40",
    "anforande_nummer": "35",
    "talare": "Johanna Jönsson (C)",
    "parti": "C",
    "anforandetext": "<p>Herr talman! Anledningen till att jag ställde interpellationen var vissa uttalanden av näringsminister Mikael Damberg. Dels var det en DN Debatt-artikel, där han uttryckte att man vill ha behovsprövning och att det ska bli svårare för personer som inte anses höra till bristyrken eller som är okvalificerade att komma till Sverige, dels var det vissa uttalanden efter debattartikeln som jag ansåg var väldigt uppseendeväckande. Han sa bland annat att det handlar om fri invandring av snabbmatspersonal från Mellanöstern och städpersonal från Mongoliet och att det är något som Socialdemokraterna inte vill se.</p><p>När Mikael Damberg uttalar sig är det lite svårt att veta om det handlar om Socialdemokraternas linje, om det är Mikael Damberg som privatperson som känner dessa saker eller om det är näringsminister Mikael Damberg som uttalar sig för regeringens räkning. Det blir svårt för alla att veta.</p><p>Detta blir också svårt att veta för de företag som funderar på att rekrytera och som är helt beroende av den typen av kompetens för att kunna överleva, utvecklas och bidra till Sveriges tillväxt. Detta har jag fått höra på många företagsbesök som jag har varit på och i samtal, mejl och så vidare; man är djupt oroad.</p><p>Jag var hos Almega i förra veckan. Där diskuterades bland annat hur man ska kunna värna det system som vi har på plats, där människor välkomnas till Sverige om de jobbar, försörjer sig själva och bidrar till Sveriges tillväxt och där man ser att det är företagen som bäst kan avgöra vilken typ av kompetens de behöver, oavsett utbildningsnivå eller om Arbetsförmedlingen har bestämt att det är ett bristyrke eller inte.</p><p>Jag måste säga att jag är lättad över det svar jag har fått från ministern i denna fråga, att man kommer att fortsätta att värna arbetskraftsinvandringen så som den ser ut och att man inte just nu i regeringen bereder ett förslag om behovsprövning. Det är viktigt. Men det finns mycket mer som behöver göras, och jag önskar att regeringen vore mer proaktiv. Det är en sak att sitta och prata om och bereda saker, men vi har ju en akut situation där människor utvisas varje vecka, på grund av små misstag och brister som man inte har möjlighet rätta till när de framkommer. </p><p>Vi har också situationer där man har gjort allt man har kunnat när man först anställde. Man har ringt Migrationsverket och frågat vilka försäkringar som behövs och hur man kan se till att det blir rätt. Man har fått okej i en första runda, och sedan får personal ändå ett utvisningsbeslut efter fyra år. Det är helt orimligt och oerhört brådskande.</p><p>Detta gäller inte bara högkvalificerad personal, som det ibland låter som. Man pratar mycket om Spotify, till exempel. Ja, de har en väldigt svår situation, men det har även Kevin, som driver restaurangkedjan Rosegarden. Han har det oerhört svårt med sina kockar. Vissa är högkvalificerade och har lång erfarenhet och utbildning, men han har också rekryterat personer som helt enkelt bara är villiga att arbeta som kock. Dem har han tagit hit från andra länder eftersom han inte har lyckats få tag i människor här i Sverige som vill arbeta, trots att han ställer väldigt låga krav på formell kompetens. Enligt honom och många andra är det enormt svårt att få personer som är villiga att arbeta i den här typen av yrken.</p><p> STYLEREF Kantrubrik \\* MERGEFORMAT Svar på interpellationer</p><p>Eftersom jag ändå är relativt nöjd med ministerns svar på min första fråga skulle jag vilja höra när får vi se förslag som gör systemet ännu bättre.</p>",
    "intressent_id": "0495218011521",
    "rel_dok_id": "H410368",
    "replik": "N",
    "systemdatum": "2017-05-18 13:27:17"
  }
}