﻿{
  "anforande": {
    "dok_hangar_id": "4703370",
    "dok_id": "H409101",
    "dok_titel": "Protokoll 2016/17:101 Torsdagen den 27 april",
    "dok_rm": "2016/17",
    "dok_nummer": "101",
    "dok_datum": "2017-04-27 00:00:00",
    "avsnittsrubrik": "Frågestund",
    "underrubrik": "Venezuela och Sveriges agerande i FN:s säkerhetsråd",
    "kammaraktivitet": "frågestund",
    "anforande_id": "1e7aecae-bb3b-e711-9452-00262d0d0c40",
    "anforande_nummer": "100",
    "talare": "Cecilie Tenfjord-Toftby (M)",
    "parti": "M",
    "anforandetext": "<p>Fru talman! Jag ställde frågan till Lövin i och med att hon svarar på allmänpolitiska frågor i dag.</p><p>På tisdag åker jag till Miami för att delta i Freedom Conference. Där kommer bland annat ett antal från den venezuelanska oppositionen att vara på plats. Och de väntar på ett besked från bland annat Sveriges regering.</p><p>Jag ställer frågan i dag eftersom Margot Wallström har uttryckt en oro. Jag hoppas att den oron ska resultera i handling från den svenska regeringen och att det inte bara är tomma ord.</p>",
    "intressent_id": "010343930918",
    "rel_dok_id": "H4C120170427fs",
    "replik": "N",
    "systemdatum": "2017-05-18 13:18:59"
  }
}