﻿{
  "anforande": {
    "dok_hangar_id": "4703370",
    "dok_id": "H409101",
    "dok_titel": "Protokoll 2016/17:101 Torsdagen den 27 april",
    "dok_rm": "2016/17",
    "dok_nummer": "101",
    "dok_datum": "2017-04-27 00:00:00",
    "avsnittsrubrik": "Väg- och fordonsfrågor",
    "underrubrik": null,
    "kammaraktivitet": "ärendedebatt",
    "anforande_id": "5d7aecae-bb3b-e711-9452-00262d0d0c40",
    "anforande_nummer": "157",
    "talare": "Emma Wallrup (V)",
    "parti": "V",
    "anforandetext": "<p>Fru talman! Nej, vi är absolut inte emot teknikutveckling. Tvärtom! Forskning ska vi lyssna på mycket noga just nu eftersom vi står inför en farlig utveckling. Vi står och tippar precis på gränsen för om vi ska ha en civilisation eller inte. Teknikutvecklingen är otroligt viktig, och den behövs så fort som möjligt.</p><p>Jag tycker att politik, företag, näringsliv och forskare ska samarbeta så mycket som möjligt och sitta runt borden och prata om hur vi kan stödja näringslivet att ställa om så fort som möjligt och om hur vi kan stödja den forskning som behövs. Det är kanske inte rymdraketer, rymdturism och sådana saker som behövs just nu, utan det handlar om att stödja den viktiga forskning som behövs för civilisationens överlevnad. Det är fruktansvärt viktigt.</p><p>Det är bara det att FN:s klimatpanel, VTI, forskare på KTH och en lång rad instanser har sagt att teknikutvecklingen inte kommer att räcka. Det är så pass bråttom att vi även behöver effektivisera transporterna. Där talar man om samhällsplanering, och det man framför allt menar är vägsatsningar kontra järnväg.</p><p>När vi beslutade att bygga Förbifart Stockholm gick vi emot Sveriges klimatmål bara med en enda infrastruktursatsning. Forskarna talar om inducerad trafik, vilket innebär att ju mer vägar man bygger desto mer bilar blir det på de vägarna. Det finns forskning som visar att det fungerar så. Just därför är det viktigt med samhällsplanering. Vi behöver bygga ut järnvägen, vi behöver bygga ut kollektivtrafiken och vi behöver energieffektivisera bilflottan, både framöver och den bilflotta som finns här och nu, på alla sätt som är möjliga.</p><p></p><p>Jag vill verkligen att vi ska samarbeta så mycket som möjligt över alla instanser, men vi behöver också regleringar.</p>",
    "intressent_id": "0115834246514",
    "rel_dok_id": "H401TU14",
    "replik": "Y",
    "systemdatum": "2017-05-18 13:19:09"
  }
}