﻿{
  "anforande": {
    "dok_hangar_id": "4703370",
    "dok_id": "H409101",
    "dok_titel": "Protokoll 2016/17:101 Torsdagen den 27 april",
    "dok_rm": "2016/17",
    "dok_nummer": "101",
    "dok_datum": "2017-04-27 00:00:00",
    "avsnittsrubrik": "Skogspolitik",
    "underrubrik": null,
    "kammaraktivitet": "ärendedebatt",
    "anforande_id": "8d7aecae-bb3b-e711-9452-00262d0d0c40",
    "anforande_nummer": "204",
    "talare": "Stina Bergström (MP)",
    "parti": "MP",
    "anforandetext": "<p>Fru ålderspresident! Tack för berättelsen från en lång tid i skogen. Det var speciellt intressant att höra om denna stora areal, en fjärdedel av skogen, där Skogsstyrelsen har pausat inventeringen av nyckelbiotoper. Anledningen till att det finns så mycket värdefull skog är att det inte har bedrivits trakthyggesbruk i samma utsträckning utan att man har ägnat sig mer åt hyggesfritt skogsbruk. Det är intressant. Det är något som talar ännu mer för att det behövs fler former av hyggesfritt skogsbruk. Den metoden måste användas mer. Precis som jag sa i mitt anförande är det i dag bara några få procent hyggesfria skogsbruksmetoder som används.</p><p>Vi i Miljöpartiet tycker att de statliga bolagen i första hand ska använda sig av hyggesfria skogsbruksmetoder. Vänsterpartiet har här en reservation där man vill gå ännu längre.</p><p>Jens Holm och jag diskuterade frågan tidigare. Det står i reservationen att man vill ha en nationell målsättning för vilken areal kalhyggesfritt skogsbruk som ska ingå i miljökvalitetsmålet Levande skogar. Hur stor andel, Birger Lahti, tänker sig Vänsterpartiet?</p>",
    "intressent_id": "0401968752713",
    "rel_dok_id": "H401MJU13",
    "replik": "Y",
    "systemdatum": "2017-05-18 13:19:12"
  }
}