﻿{
  "anforande": {
    "dok_hangar_id": "4702552",
    "dok_id": "H409100",
    "dok_titel": "Protokoll 2016/17:100 Onsdagen den 26 april",
    "dok_rm": "2016/17",
    "dok_nummer": "100",
    "dok_datum": "2017-04-26 00:00:00",
    "avsnittsrubrik": "Arbetsmiljö och arbetstid ",
    "underrubrik": null,
    "kammaraktivitet": "ärendedebatt",
    "anforande_id": "0ea891a8-413a-e711-9452-00262d0d0c40",
    "anforande_nummer": "40",
    "talare": "TREDJE VICE TALMANNEN",
    "parti": "TREDJE VICE TALMANNEN",
    "anforandetext": "<p>Jag vill påminna ledamöterna om att ämnet är arbetsmiljö och arbetstid.</p>",
    "intressent_id": null,
    "rel_dok_id": "H401AU10",
    "replik": "N",
    "systemdatum": "2017-05-16 16:12:46"
  }
}