﻿{
  "anforande": {
    "dok_hangar_id": "4702552",
    "dok_id": "H409100",
    "dok_titel": "Protokoll 2016/17:100 Onsdagen den 26 april",
    "dok_rm": "2016/17",
    "dok_nummer": "100",
    "dok_datum": "2017-04-26 00:00:00",
    "avsnittsrubrik": "Bostadspolitik och Planering och byggande",
    "underrubrik": null,
    "kammaraktivitet": "ärendedebatt",
    "anforande_id": "4fa891a8-413a-e711-9452-00262d0d0c40",
    "anforande_nummer": "99",
    "talare": "Robert Hannah (L)",
    "parti": "L",
    "anforandetext": "<p> STYLEREF Kantrubrik \\* MERGEFORMAT Bostadspolitik och Planering och byggande</p><p>Fru talman! Mitt jobb är inte att vara snäll mot Socialdemokraterna. Jag är oppositionspolitiker. Mitt jobb är att faktiskt peka på de brister som finns i Socialdemokraternas bostadspolitik. Det är tydligt. Mitt jobb är inte att vara er kompis. Jag har kompisar utanför riksdagen som jag kan umgås med.</p><p>Sedan var det frågan om vad Socialdemokraterna har gjort eller inte gjort. Kan Lars Eriksson förklara varför ni röstade mot många av de förslag som ni nu har i ert 22-punktsprogram? Varför sa ni nej till de förslagen i riksdagen när vi styrde när ni nu säger ja till dem? Ni är nu stolta över ert 22-punktsprogram. Den logiken finns inte där för mig.</p><p>Vidare var det diskussionen om segregationen och miljonprogrammet. Miljonprogramsområdena var felkonstruerade. Områdena hamnade utanför de områden där det fanns en arbetsmarknad. Självklart har Socialdemokraterna ett ansvar för de områden de har byggt upp. Det är hyresrättsdominerade områden, och det råder höga trösklar in på arbetsmarknaden. Det innebär att människor inte kommer att lyckas. Människor som bor i de områdena flyttar därifrån om de får högre inkomst. Jag är glad om människor vill bo kvar i de områdena, men eftersom andra boendeformer saknas i de områdena finns inte möjligheten i dag.</p><p>Om man frågar svenskar vad de är oroliga för framgår det att det är för att klyftorna ska vidgas. Det pekar ni socialdemokrater själva på. Men ni har inte lagt fram några rimliga förslag på hur klyftorna ska bekämpas.</p><p>Därför har jag följande frågor till Lars Eriksson. För det första: Varför röstade ni emot de förslag som ni nu själva har lagt fram? För det andra: Är inte er bild också att klyftorna är alldeles för stora i Sverige och att politiken ska bekämpa dem? Är det inte rätt situation att se till att det finns blandade boendeformer i områdena?</p>",
    "intressent_id": "0223069839622",
    "rel_dok_id": "H401CU14, H401CU15",
    "replik": "Y",
    "systemdatum": "2017-05-16 16:12:54"
  }
}