﻿{
  "anforande": {
    "dok_hangar_id": "4706363",
    "dok_id": "H409103",
    "dok_titel": "Protokoll 2016/17:103 Tisdagen den 2 maj",
    "dok_rm": "2016/17",
    "dok_nummer": "103",
    "dok_datum": "2017-05-02 00:00:00",
    "avsnittsrubrik": "Svar på interpellation 2016/17:441 om Centralbron i Stockholm",
    "underrubrik": null,
    "kammaraktivitet": "interpellationsdebatt",
    "anforande_id": "d81f8197-5344-e711-9450-00262d0d7125",
    "anforande_nummer": "109",
    "talare": "Erik Ottoson (M)",
    "parti": "M",
    "anforandetext": "<p>Herr talman! Jag tackar statsrådet för svaret.</p><p>Frågan om att förlägga Centralbron i en tunnellösning under staden har, precis som statsrådet säger, diskuterats i olika sammanhang. Anledningen till det är att det finns uppenbara fördelar med en sådan lösning. Inte minst lösgörs stora ytor i Stockholms innerstad som skulle kunna användas till bättre saker än att köra bil på, till exempel till bostäder och arbetsplatser. Det skulle skapa en bättre närmiljö och bättre förutsättningar för tillväxt i centrala Stockholm. Men, precis som statsrådet säger, är stadsrummets utveckling i huvudsak ett kommunalt ansvar.</p><p>Det är lite mot denna bakgrund som frågan ställts till statsrådet om vad hon är villig att vidta för åtgärder.</p><p>Så här preliminärt tycker jag att statsrådets inledande svar lämnade en del intressanta öppningar som jag har en del följdfrågor till.</p><p>Man avfärdar inte helt och hållet statligt deltagande i ett sådant här projekt, tolkar jag det som. Statsrådet får gärna antingen bekräfta eller dementera det. Det sägs i interpellationssvaret att detta inte bara är ett kommunalt ansvar, utan också arbetet med den nationella planen som nu är på väg beskrivs. Både statsrådet och jag är bekant med den, men för säkerhets skull tål formalian upprepas. Man beskriver också arbetet med länsplanen i Stockholm och att det där skulle kunna finnas öppningar. </p><p>Jag vill därför fråga statsrådet: Ska detta tolkas som en öppning för statlig hjälp i arbetet med att förlägga Centralbron i en tunnellösning? Tror statsrådet i så fall att det i huvudsak skulle röra sig om hjälp genom nationell plan eller rör det sig enbart om hjälp genom länsplanen?</p>",
    "intressent_id": "0832311880029",
    "rel_dok_id": "H410441",
    "replik": "N",
    "systemdatum": "2017-05-29 11:46:43"
  }
}