﻿{
  "anforande": {
    "dok_hangar_id": "4706363",
    "dok_id": "H409103",
    "dok_titel": "Protokoll 2016/17:103 Tisdagen den 2 maj",
    "dok_rm": "2016/17",
    "dok_nummer": "103",
    "dok_datum": "2017-05-02 00:00:00",
    "avsnittsrubrik": "Svar på interpellation 2016/17:447 om bidrag till organisationer som motverkar demokratiska principer",
    "underrubrik": null,
    "kammaraktivitet": "interpellationsdebatt",
    "anforande_id": "f01f8197-5344-e711-9450-00262d0d7125",
    "anforande_nummer": "133",
    "talare": "Kultur- och demokratiministern Alice Bah Kuhnke (MP)",
    "parti": "MP",
    "anforandetext": "<p>Herr talman! Riksdagsledamot Haddad är uppeldad, med rätta. Det är fruktansvärt när skattebetalarnas pengar går till antidemokratiska krafter, till hat. Det är oacceptabelt.</p><p>Jag tror dock att man ska lugna ned sig så att man riktar kritiken till rätt person. Jag är inte ansvarigt statsråd för Myndigheten för ungdoms- och civilsamhällesfrågor. Jag är ansvarig för ett trettiotal myndigheter. Det är inte en av dem. Anna Ekström är ansvarig för den myndigheten. Om du, Roger Haddad, vill tala mer om hur den myndigheten styrs, utifrån de myndighetsdialoger som sker kontinuerligt, får du vända dig till gymnasieminister Anna Ekström.</p><p>Jag är likväl demokratiminister. Just därför har jag, nu med Anna Ekström men också tidigare med Aida Hadzialic, drivit på för att stärka och säkerställa att vi har demokratikriterier som fungerar och för att de ska handläggas likvärdigt på de olika myndigheterna. Precis som jag beskrev är det många olika myndigheter som ger stöd till det civila samhället. Det kan inte vara på det sättet att en myndighet har ett demokratikriterium och att en annan myndighet har ett helt annat kriterium, att man handlägger på olika sätt. Det måste likställas.</p><p> STYLEREF Kantrubrik \\* MERGEFORMAT Svar på interpellationer</p><p>Det är någonting som har lyfts fram under lång tid. Det väcker därför en fråga. Vi har satt en hel del aktiviteter i verket. Vi säkerställer nu att myndigheterna tvingas synliggöra hur man handlägger och arbetar med de här frågorna och vilka olika kriterier man har. Men frågan lyftes upp för fem och tio år sedan, och den tidigare regeringen gjorde ingenting åt det, trots påtryckningar och trots att frågan lyftes upp. Det är enkelt att stå och skrika nu att mycket måste ske.</p><p>Mycket rullar nu ut, äntligen. Äntligen gör vi en översyn över samtliga bidragsgivande myndigheter. Och som jag sa är det väldigt många. Det är 25 olika myndigheter. Äntligen definierar vi vad det här ska innebära, hur man ska göra. Äntligen har vi utredningar som skärper kraven. Äntligen ser vi effekter.</p><p>Men om Roger Haddad vill ha tydligare ingångar till varför en specifik myndighet arbetar på ett visst sätt får han som sagt vända sig till det ansvariga statsrådet för den myndigheten eller direkt till myndigheten.</p>",
    "intressent_id": "0787584650516",
    "rel_dok_id": "H410447",
    "replik": "N",
    "systemdatum": "2017-05-29 11:46:47"
  }
}