﻿{
  "anforande": {
    "dok_hangar_id": "4703370",
    "dok_id": "H409101",
    "dok_titel": "Protokoll 2016/17:101 Torsdagen den 27 april",
    "dok_rm": "2016/17",
    "dok_nummer": "101",
    "dok_datum": "2017-04-27 00:00:00",
    "avsnittsrubrik": "Medborgarskap, Migration och asylpolitik, Anhöriginvandring och Arbetskraftsinvandring",
    "underrubrik": null,
    "kammaraktivitet": "ärendedebatt",
    "anforande_id": "cb79ecae-bb3b-e711-9452-00262d0d0c40",
    "anforande_nummer": "19",
    "talare": "Paula Bieler (SD)",
    "parti": "SD",
    "anforandetext": "<p>Fru ålderspresident! Tack för svaret! Jag håller med om att vi behöver system för att hantera den situation som uppstår med jämna mellanrum runt om i vår värld, tyvärr, där människor tvingas fly. Men hur systemen ska utformas är vi uppenbarligen inte överens om.</p><p>Jag fick nästan fler frågor under svaret än vad jag hade innan.</p><p>Maria Ferm talar mycket om de olika reformer som har genomförts. Problemet är bara att de inte har haft någon effekt alls. Det låter snyggt att vi har infört möjligheten till olika jobb, till exempel beredskapsjobb, men de flesta har ju Arbetsförmedlingen själv anställt. Man har inte lyckats förmå verkliga nya jobb att komma in på arbetsmarknaden, som man så ofta säger. Det fungerar inte.</p><p>I går släpptes en rapport från Nordiska ministerrådet. Det låter lite grann som den debattartikel Nordiska ministerrådet skrev när man lyssnar på Maria Ferm, att allting blir bra och att vi kommer att lösa det här <em>om </em>vi ökar kapaciteten, <em>om</em> vi får in personer på arbetsmarknaden och <em>o</em>m de lär sig svenska. Men det finns inga konkreta förslag om hur detta ska genomföras och inga belägg för att det kommer att fungera. Hittills har ingenting fungerat.</p><p>Det var uppenbart - det insåg även Miljöpartiet - att man till följd av kapacitetsbristen behövde minska mottagandet i Sverige, åtminstone temporärt, under hösten 2015. Det är det enda sättet jag kan tolka att man gick med på de förändringar som genomfördes. Samtidigt är ett av de förslag som Maria Ferm lyfter fram att fler kommuner ska ta emot flyktingar och ställa sig bakom den påtvingade lagstiftningen. Från centralt håll säger man: Ni måste ta emot så här många.</p><p></p><p>Om man inser att det finns en kapacitetsbrist på riksnivå undrar jag om man är införstådd med att den givetvis också finns på kommunal nivå.</p>",
    "intressent_id": "0182800488922",
    "rel_dok_id": "H401SfU14, H401SfU15, H401SfU16, H401SfU17",
    "replik": "Y",
    "systemdatum": "2017-05-18 13:18:53"
  }
}