﻿{
  "anforande": {
    "dok_hangar_id": "4706363",
    "dok_id": "H409103",
    "dok_titel": "Protokoll 2016/17:103 Tisdagen den 2 maj",
    "dok_rm": "2016/17",
    "dok_nummer": "103",
    "dok_datum": "2017-05-02 00:00:00",
    "avsnittsrubrik": "Svar på interpellation 2016/17:447 om bidrag till organisationer som motverkar demokratiska principer",
    "underrubrik": null,
    "kammaraktivitet": "interpellationsdebatt",
    "anforande_id": "ed1f8197-5344-e711-9450-00262d0d7125",
    "anforande_nummer": "130",
    "talare": "Roger Haddad (L)",
    "parti": "L",
    "anforandetext": "<p>Herr talman! Tack, demokratiminister Alice Bah Kuhnke, för svaret på min interpellation! Liberalerna inlämnade den här interpellationen den 6 april. Bakgrunden är att vi ingick en överenskommelse med regeringen redan 2015 när det gäller åtgärder mot terrorism men också radikalisering och våldsbejakande extremism. En del i den överenskommelsen var att vi inte ska ha några offentliga medel som går till organisationer eller trossamfund som på olika sätt stöder extremism, radikalisering eller annan typ av våldsbejakande budskap.</p><p> STYLEREF Kantrubrik \\* MERGEFORMAT Svar på interpellationer</p><p>Ett konkret resultat som vi välkomnar är utredningen om översyn när det gäller trossamfunden som statsrådet har refererat till. Det vi saknar och fortfarande inte har sett något konkret om är de som inte omfattas av trossamfunden.</p><p>Herr talman! Till dem som följer den här debatten vill jag säga att när det gäller trossamfunden handlar det om drygt 90 miljoner kronor per år som fördelas till dem. Vi tycker att det är bra att den utredningen görs, men den stora ekonomiska potten på drygt 300-400 miljoner kronor per år fördelas av Myndigheten för ungdoms- och civilsamhällesfrågor. De fördelar pengar till föreningar och organisationer, och de omfattas inte, menar vi, av den här översynen.</p><p>Jag vill fortfarande få ett svar på frågan om regeringen tänker tillsätta en utredning eller göra en översyn när det gäller den delen.</p><p>Jag noterade också, herr talman, att statsrådet inte verkar ha tagit till sig de återkommande exempel som man blir alldeles mörkrädd av - föreningsordförande, religiösa företrädare och styrelseledamöter som sitter i olika organisationer som får pengar och som inte, skulle jag vilja säga, följer svensk lagstiftning eller de här demokratiska principerna som vi talar så mycket om. Statsrådet skrev ju själv en artikel för snart ett år sedan, den 1 juni, om just åtgärder mot hatpredikanter och hatorganisationer.</p><p>Då är frågan: Har stödfunktionerna och regelverket när det gäller etniska organisationer förändrats sedan förra året? Översynen när det gäller trossamfunden har påbörjats. Det vet vi. Har myndigheternas rutiner för att betala ut bidrag förändrats sedan den 1 juni förra året? Regeringen skrev i den artikeln att man är beredd att se över detta.</p><p>Herr talman! Avslutningsvis vill jag säga att regeringen här säger i sitt svar att det i flera förordningar som reglerar statsbidrag till organisationer finns demokrativillkor. Har vi ännu inte, snart ett år efter demokratiministerns artikel och två och ett halvt år sedan statsrådet tillträdde sitt uppdrag, gjort de här skärpningarna, trots återkommande blufforganisationer och extremistiska personer och organisationer som fortsätter att ta del av statens offentliga medel?</p>",
    "intressent_id": "0308306375022",
    "rel_dok_id": "H410447",
    "replik": "N",
    "systemdatum": "2017-05-29 11:46:47"
  }
}