﻿{
  "anforande": {
    "dok_hangar_id": "4706363",
    "dok_id": "H409103",
    "dok_titel": "Protokoll 2016/17:103 Tisdagen den 2 maj",
    "dok_rm": "2016/17",
    "dok_nummer": "103",
    "dok_datum": "2017-05-02 00:00:00",
    "avsnittsrubrik": "Svar på interpellation 2016/17:447 om bidrag till organisationer som motverkar demokratiska principer",
    "underrubrik": null,
    "kammaraktivitet": "interpellationsdebatt",
    "anforande_id": "ee1f8197-5344-e711-9450-00262d0d7125",
    "anforande_nummer": "131",
    "talare": "Kultur- och demokratiministern Alice Bah Kuhnke (MP)",
    "parti": "MP",
    "anforandetext": "<p>Herr talman! Tack, Roger Haddad, för frågan och debatten! Det finns få saker som gör mig så upprörd som när man utnyttjar system. Att man tar skattebetalarnas pengar och använder dem till saker som de inte är ämnade för eller att de går till organisationer som inte står på en demokratisk grund eller som bjuder in hatpredikanter gör mig så otroligt upprörd. Det finns många som kan vittna om den upprördheten.</p><p>Inte minst var det här en stor sak för mig när jag under en kort period var generaldirektör för Myndigheten för ungdoms- och civilsamhällesfrågor, utsedd av den förra regeringen, och lyfte den här frågan med bland annat dina partikamrater som då satt i regering. Det här är alltså en fråga som jag har burit med mig, inte minst som aktiv i Scouterna, Svenska kyrkan, Röda Korset och Rädda Barnen och så vidare. Det här har varit helt centralt för mig. Pengarna ska jobba på rätt sätt. Det är skattebetalarnas pengar, och de ska gå till demokratiska organisationer.</p><p>Man ska veta att det delas ut 12 miljarder kronor i statligt stöd via ca 150 olika anslag av 25 olika myndigheter till det civila samhället. Samtidigt som allt det här görs av myndigheterna är det helt avgörande också för vårt system att enskilda statsråd inte lägger sig i och pekar på vilka som ska få vad. Eller hur? Då hamnar man hos konstitutionsutskottet. Tvärtom måste vi säkerställa att våra myndigheter har tydliga föreskrifter och att dessa följs och handläggs på samma sätt.</p><p> STYLEREF Kantrubrik \\* MERGEFORMAT Svar på interpellationer</p><p>Det här har lyfts under många år, långt tidigare än när vi blev regering, och ändå gjordes inte tillräckligt mycket. Däremot har vi gjort en hel del under tiden sedan vi tillträdde.</p><p>Lyssna noga nu: Vi har uppmärksammat och debatterat det, och det är själva grunden. Vi behöver se till att få en enhetlig behandling, både när det gäller definitionen av demokrativillkoren och när det gäller hur man handlägger det här, för det har spretat. Därför har vi ett arbete där vi nu har gjort en intern översyn, och för att få en enhetlighet har vi tittat på hur alla de här olika förordningarna - det är väldigt många - på olika sätt definierar demokratikriterierna.</p><p>En organisation ska inte kunna få stöd enligt demokratikriterier från en myndighet men inte från en annan för att kriterierna ser olika ut. Vi måste mena samma saker med det vi skriver fram och med hur vi låter skattebetalarnas pengar jobba.</p><p>Samtliga departement är involverade i arbetet med tydliga demokrativillkor. Det är vi som har satt igång det här sedan vi tillträdde, och det är vi som jobbar fram det här nu.</p><p>Vi måste också förbättra myndigheternas rutiner för bidrag. Därför har jag gett Statskontoret i uppdrag att genomföra en myndighetsöversyn av Myndigheten för ungdoms- och civilsamhällesfrågor och i den särskilt analysera myndighetens bidragshantering. I det uppdraget ska de också säkerställa att MUCF har de verktyg som krävs för att kunna tillämpa demokratikriteriet fullt ut och analysera rutiner vad gäller kvalitetssäkring, uppföljning och kontroll. Det här uppdraget ska redovisas senast i september 2017.</p><p>Vi har också gett MUCF i uppdrag efter debattartikeln - just för att nå de här grupperna som Roger Haddad frågar efter, alltså de som är utanför trossamfunden - att redovisa hur de arbetar för att säkerställa de organisationer som får bidrag lever upp till demokratikriteriet. Det uppdraget ska också redovisas senast i september 2017.</p><p>Vi har också tillsatt en utredning för att se över stöden till trossamfunden. Utredaren ska bland annat föreslå ett nytt regelverk för förtydligade krav på demokratiska värderingar.</p><p>Allt detta är alltså sådant som har skett och sker efter det att vi blev regering, men det har varit diskussion om detta under många år dessförinnan.</p>",
    "intressent_id": "0787584650516",
    "rel_dok_id": "H410447",
    "replik": "N",
    "systemdatum": "2017-05-29 11:46:47"
  }
}