﻿{
  "anforande": {
    "dok_hangar_id": "4546972",
    "dok_id": "H40910",
    "dok_titel": "Protokoll 2016/17:10 Onsdagen den 28 september",
    "dok_rm": "2016/17",
    "dok_nummer": "10",
    "dok_datum": "2016-09-28 00:00:00",
    "avsnittsrubrik": "Riksrevisionens rapport om ekonomiska risker för staten i fråga om gruvavfall",
    "underrubrik": null,
    "kammaraktivitet": null,
    "anforande_id": "45d5f233-e195-e611-9441-00262d0d7125",
    "anforande_nummer": "58",
    "talare": "Stina Bergström (MP)",
    "parti": "MP",
    "anforandetext": "<p> STYLEREF Kantrubrik \\* MERGEFORMAT Riksrevisionens rapport om ekono-miska risker för staten i fråga om gruvavfall</p><p>Fru talman! Det var bra att jag fick höra att jag gjorde en felsägning med anledning av hur mycket Miljöpartiet kan vara med och bestämma. Jag menar förstås: Om Miljöpartiet helt och fullt fick bestämma gruvpolitiken och svaret på Riksrevisionens rapport etcetera kanske det skulle finnas fler bitar av det som vi har drivit och föreslagit i den motion som jag hänvisade till i mitt anförande. Vi har till exempel ett förslag i den motionen om att vi ska göra en översyn av både miljöbalken och minerallagen. Vi har förslag om hur man ska ta en större hänsyn till biologisk mångfald och dricksvattenförsörjning när man gör större ingrepp i naturen. Vi har också förslag om en utredning om en obligatorisk återställande- och saneringsförsäkring.</p><p>När det gäller provborrning vet jag inte. Lars-Axel Nordell är kanske mer insatt i vilka som gör provborrningar och när de sker. Men det finns faktiskt de som gör provborrningar som inte tänker att de själva ska göra brytningen. Jag tror nog att man ska hålla sig till detta när man gör en provborrning i ett område. Det handlar om att titta på just återställandet av området efter provborrning. Jag tror att det är viktigt att man i första hand tänker på den biten.</p>",
    "intressent_id": "0401968752713",
    "rel_dok_id": null,
    "replik": "Y",
    "systemdatum": "2016-10-19 11:49:09"
  }
}