﻿{
  "anforande": {
    "dok_hangar_id": "4703370",
    "dok_id": "H409101",
    "dok_titel": "Protokoll 2016/17:101 Torsdagen den 27 april",
    "dok_rm": "2016/17",
    "dok_nummer": "101",
    "dok_datum": "2017-04-27 00:00:00",
    "avsnittsrubrik": "Frågestund",
    "underrubrik": "Omlokaliseringen av myndigheter",
    "kammaraktivitet": "frågestund",
    "anforande_id": "e479ecae-bb3b-e711-9452-00262d0d0c40",
    "anforande_nummer": "42",
    "talare": "Leif Pettersson (S)",
    "parti": "S",
    "anforandetext": "<p>Fru talman! Tack, statsrådet, för svaret! Det är ju bra om vi kan lokalisera ut hela myndigheter, men i de glesare bebyggda delarna av landet kanske det inte handlar om hela myndigheter utan mer om att behålla den statliga närvaron på olika sätt. Här finns det tidigare utredningar och förslag, framför allt från tiden före 2006 då vi satt vid regeringsmakten. Finns det något där som vi skulle kunna ta upp igen?</p>",
    "intressent_id": "0365797008114",
    "rel_dok_id": "H4C120170427fs",
    "replik": "N",
    "systemdatum": "2017-05-18 13:18:57"
  }
}