﻿{
  "anforande": {
    "dok_hangar_id": "4703370",
    "dok_id": "H409101",
    "dok_titel": "Protokoll 2016/17:101 Torsdagen den 27 april",
    "dok_rm": "2016/17",
    "dok_nummer": "101",
    "dok_datum": "2017-04-27 00:00:00",
    "avsnittsrubrik": "Fiskeripolitik",
    "underrubrik": null,
    "kammaraktivitet": "ärendedebatt",
    "anforande_id": "9d7aecae-bb3b-e711-9452-00262d0d0c40",
    "anforande_nummer": "219",
    "talare": "Marianne Pettersson (S)",
    "parti": "S",
    "anforandetext": "<p>Fru ålderspresident! Vårt beslut handlar om bottentrålning, och det är inte den metoden man använder sig av när man fiskar räkor. I diskussionerna om bottentrålning vid vår kongress handlade det om när man är nere och plöjer på havsbottnen och fördärvar det som finns där. Det har varit den stora frågan, och det är det som har gjort att det finns ett motstånd mot den typen av trålning.</p><p>Sedan finns det ju andra typer av trålning också med användning av selektiva redskap som inte skadar våra bottnar. Det har vi inga problem med.</p>",
    "intressent_id": "0341628241813",
    "rel_dok_id": "H401MJU14",
    "replik": "Y",
    "systemdatum": "2017-05-18 13:19:12"
  }
}