﻿{
  "anforande": {
    "dok_hangar_id": "4706363",
    "dok_id": "H409103",
    "dok_titel": "Protokoll 2016/17:103 Tisdagen den 2 maj",
    "dok_rm": "2016/17",
    "dok_nummer": "103",
    "dok_datum": "2017-05-02 00:00:00",
    "avsnittsrubrik": "Återrapportering från Europeiska rådets möte den 29 april",
    "underrubrik": null,
    "kammaraktivitet": null,
    "anforande_id": "671f8197-5344-e711-9450-00262d0d7125",
    "anforande_nummer": "1",
    "talare": "Statsministern Stefan Löfven (S)",
    "parti": "S",
    "anforandetext": "<p>Återrapportering från Europeiska rådets möte den 29 april</p><p>Herr talman! Europeiska rådet enades i lördags om riktlinjer för de kommande förhandlingarna om Storbritanniens utträde ur EU. Inga ändringar gjordes i förslaget, så riktlinjerna kunde faktiskt klubbas på fem minuter. Jag har sällan sett en sådan beslutsamhet och enighet i Europeiska rådet. Detta är ett tecken på hur högt vi alla värderar vår union och att den håller samman och får ett bra resultat.</p><p>Jag uppskattar också att vi var sex partier i Sveriges riksdag som ställde sig bakom texten och upplägget inför detta möte. I så här viktiga frågor måste vi försöka hålla ihop. Nu är det bara Moderaterna och Sverigedemokraterna som förefaller vilja se ett svagare EU i dessa förhandlingar. Var Sverigedemokraterna står i EU-politiken vet vi, men det är ändå minst sagt förvånande att Moderaterna för en politik som inte sätter vare sig EU:s eller Sveriges intressen främst.</p><p>Herr talman! Hur mycket vi än beklagar att Storbritannien har valt att lämna EU är det bra att vi nu, tio månader efter folkomröstningen, kan komma igång med utträdesförhandlingarna. Det är uppenbart att man från brittisk sida inte var riktigt klar över vad man ville med brexit. Man har behövt tid att samla sig, och nu är vi alla angelägna om att gå vidare under ordnade former.</p><p>Modellen med en stegvis förhandling stöds av alla. Vi måste börja med att få ett ordnat utträde för att i nästa fas börja dra upp ramarna för den långsiktiga relationen. Det ska vi göra så snart vi anser att vi är överens med britterna om hur vi ska hantera utträdesfrågorna. Europeiska rådet avgör när det är dags att ta det steget.</p><p>Vi ska ha en fast och rättvis hållning i förhandlingarna, och vi har från EU:s sida enats om att sätta våra medborgares, företags och medlemsstaters intressen främst. EU är med sin stora marknad oerhört viktigt för Sverige och för svenska jobb.</p><p>När vi i lördags beslutade om vår gemensamma inriktning i denna första del av förhandlingarna lyfte jag fram tre konkreta områden. För det första handlar det om villkoren för de EU-medborgare som finns i Storbritannien och de britter som finns i EU - de som har fattat livsbeslut baserat på sin rätt att bosätta sig var de vill i EU men som nu påverkas av britternas val att lämna unionen. De får inte göras till brickor i förhandlingen. Vi har nu bestämt att detta är den första prioriteringen.</p><p>För det andra ska britterna betala för de åtaganden man gjort som EU-medlem, och detta är också ett sätt att värna svenska skattebetalares intressen. Det var inte bara jag som lyfte fram den ekonomiska uppgörelsen. Det blir säkert ingen lätt förhandling med britterna; det blir det sällan när det handlar om pengar.</p><p>För det tredje ska vi redan nu skapa goda förutsättningar för en bred och vittomfattande handelsrelation. Vi står helt enkelt upp för tillväxt och frihandel. Vikten av gemensamma spelregler betonades av flera. Ett ambitiöst frihandelsavtal måste innehålla mekanismer som skyddar mot att britterna skaffar sig konkurrensfördelar genom dumpade skatter, miljökrav eller arbetsvillkor. Detta är förstås vad både våra medborgare och våra företag har rätt att förvänta sig.</p><p>Herr talman! Det finns en missuppfattning hos vissa om att vi skulle vara ute efter att straffa Storbritannien för att de valt att lämna EU. Detta nämns från tid till annan här hemma, men kanske framför allt från brittiskt håll. Jag ser inte några sådana tendenser. Vi vill alla ha en god relation till Storbritannien också efter att de har lämnat unionen.</p><p> STYLEREF Kantrubrik \\* MERGEFORMAT Återrapportering från Europeiska rådets möte den 29 april</p><p>Men det är klart att det måste vara skillnad mellan att vara medlem och att inte vara det. Britterna har valt att lämna EU, och det beklagar vi djupt. Men det är deras val. I de förhandlingar som ligger framför oss är det självklart att vi har en skyldighet att sätta EU:s och, för min del, också Sveriges intressen främst.</p><p>EU ser nu fram emot att ha en konstruktiv förhandling med Storbritannien i en anda av ömsesidig respekt. Vi är beredda att arbeta hårt tillsammans med britterna - det är vi helt enkelt skyldiga varandra.</p><p>En nyckelroll kommer naturligtvis att spelas av kommissionens chefsförhandlare Michel Barnier. Vi har stort förtroende för honom, och vi var många som i lördags tog tillfället i akt att önska honom lycka till i det hårda arbete som väntar.</p><p>Allra sist, herr talman, kan jag nämna att Europeiska rådet också fick information från sin ordförande Donald Tusk och från kommissionens ordförande Jean-Claude Juncker om processen för att bestämma de nya hemorterna för Europeiska läkemedelsmyndigheten och Europeiska bankmyndigheten. Nästa steg blir att på Europeiska rådet i juni enas om processen framåt, och beslut kan förhoppningsvis fattas under hösten. Vi kommer naturligtvis från svenskt håll att fortsätta att verka för att läkemedelsmyndigheten hamnar i Sverige.</p><p>Nu är det som sagt, herr talman, allra viktigast för oss att vi fortsätter att hålla ihop och att EU fortsätter att stå starkt inför framtiden. Vi har många viktiga frågor att leverera i. Därmed, herr talman, är min återrapportering klar.</p>",
    "intressent_id": "0218878014918",
    "rel_dok_id": null,
    "replik": "N",
    "systemdatum": "2017-05-29 11:46:20"
  }
}