﻿{
  "anforande": {
    "dok_hangar_id": "4546972",
    "dok_id": "H40910",
    "dok_titel": "Protokoll 2016/17:10 Onsdagen den 28 september",
    "dok_rm": "2016/17",
    "dok_nummer": "10",
    "dok_datum": "2016-09-28 00:00:00",
    "avsnittsrubrik": "Riksrevisionens rapport om ekonomiska risker för staten i fråga om gruvavfall",
    "underrubrik": null,
    "kammaraktivitet": null,
    "anforande_id": "40d5f233-e195-e611-9441-00262d0d7125",
    "anforande_nummer": "53",
    "talare": "Jens Holm (V)",
    "parti": "V",
    "anforandetext": "<p>Fru talman! Jag håller med om mycket av det som Stina Bergström sa. Jag talade om Blaikengruvan i Västerbotten. Stina Bergström talar om Northland Resources nedläggning av sin gruva i Pajala. Det är två exempel på samma problem: företag som har kortsiktiga intressen och inte tar ansvar för lokalsamhället eller miljön.</p><p>Riksrevisionen har gjort en granskning där man kommer med många förslag till hur vi ska kunna få en mer robust lagstiftning. Stina Bergström talar om att vi tar steg i rätt riktning, men jag tycker att det är myrsteg. Det mesta handlar om att regeringen fortfarande utreder en mängd saker.</p><p> STYLEREF Kantrubrik \\* MERGEFORMAT Riksrevisionens rapport om ekono-miska risker för staten i fråga om gruvavfall</p><p>Det gäller till exempel vårt konkreta förslag om en branschfinansiering, som är baserat på vad Riksrevisionen säger, så att industrin ska ta ett gemensamt ekonomiskt ansvar. Då får vi inte fler fall som dem med Blaiken eller Northland Resources, utan det ska finnas en fond som ytterst går in när det är oklart vem som ska ta ansvaret. Där säger ni bara att det krävs fördjupad analys.</p><p>Det gäller också krav på ekonomiska säkerheter vid provborrning. Där är ert svar att det är svårt att bestämma summan. Ja, det är svårt, men kan vi inte vara överens om principen i alla fall? Vi vill ha ekonomiska garantier för att man ska återställa miljön inskrivna i miljöbalken, men ni tycker att nuvarande lagstiftning är tillräcklig.</p><p>Stina Bergström, detta tycker jag inte räcker. Jag måste faktiskt fråga: Varför gör ni inte mer? Varför hänvisar ni hela tiden till en massa utredningar?</p>",
    "intressent_id": "0216534495014",
    "rel_dok_id": null,
    "replik": "Y",
    "systemdatum": "2016-10-19 11:49:09"
  }
}