﻿{
  "anforande": {
    "dok_hangar_id": "4703370",
    "dok_id": "H409101",
    "dok_titel": "Protokoll 2016/17:101 Torsdagen den 27 april",
    "dok_rm": "2016/17",
    "dok_nummer": "101",
    "dok_datum": "2017-04-27 00:00:00",
    "avsnittsrubrik": "Skogspolitik",
    "underrubrik": null,
    "kammaraktivitet": "ärendedebatt",
    "anforande_id": "897aecae-bb3b-e711-9452-00262d0d0c40",
    "anforande_nummer": "200",
    "talare": "Lars-Axel Nordell (KD)",
    "parti": "KD",
    "anforandetext": "<p></p><p>Fru ålderspresident! Tack för frågan, Stina Bergström! Absolut är det riktigt att man ska få ersättning. Sedan är naturligtvis frågan hur hårt man ska gå fram, och det jag har beskrivit här när det gäller nyckelbiotoperna var att det egentligen inte är ett instrument för att stoppa avverkning. Många gånger kan man ju komma överens, vilket även ledamoten nämnde, om utbyten och så vidare.</p><p>Visst ska man kunna få ersättning av staten, och det får man ju i dag. Däremot ger våra budgetar olika förutsättningar, vilket inte är helt okänt för Stina Bergström. Vi tar inte alls ut så mycket skatt som den nuvarande regeringen gör i sin budget, och därför har vi helt olika möjligheter att spendera på just detta.</p><p>Så ser det ut, och det är den krassa verkligheten.</p>",
    "intressent_id": "0125056691517",
    "rel_dok_id": "H401MJU13",
    "replik": "Y",
    "systemdatum": "2017-05-18 13:19:12"
  }
}