﻿{
  "anforande": {
    "dok_hangar_id": "4706363",
    "dok_id": "H409103",
    "dok_titel": "Protokoll 2016/17:103 Tisdagen den 2 maj",
    "dok_rm": "2016/17",
    "dok_nummer": "103",
    "dok_datum": "2017-05-02 00:00:00",
    "avsnittsrubrik": "Svar på interpellation 2016/17:401 om terrorhotet och återvändande terroriststridande",
    "underrubrik": null,
    "kammaraktivitet": "interpellationsdebatt",
    "anforande_id": "eb1f8197-5344-e711-9450-00262d0d7125",
    "anforande_nummer": "128",
    "talare": "Kultur- och demokratiministern Alice Bah Kuhnke (MP)",
    "parti": "MP",
    "anforandetext": "<p>Herr talman! Nej, precis - lösningen kan inte enbart vara detta. Det identifierade jag redan i juni förra året. Därför kommer verksamheten gentemot kommunerna att bli mer operativ, och det kommer att bli en permanent verksamhet. Den kommer inte längre att bedrivas i kommittéform. Det här är ett arbete som vi inte ser något slut på. Här behöver insatserna tvärtom öka, och vi behöver bli operativa. Vi behöver stötta de kommuner som ännu inte har utvecklat arbetet, och vi behöver från en nationell myndighet se till att arbetet bedrivs.</p><p>Jag vill än en gång poängtera att de som har begått brott ska ställas inför rätta. Det är helt centralt i den rättsstat vi lever i, och säkerhetspolisen behöver därför också de resurser som krävs för att kunna bedriva sitt viktiga arbete och ta sitt ansvar. Vi behöver säkerställa att den information som finns och som behöver komma socialtjänsten, alltså kommunerna, till del också kommer till socialtjänsten. Det är ett stort behov som jag har identifierat och som vi därför just nu arbetar med.</p><p>Överläggningen var härmed avslutad.</p>",
    "intressent_id": "0787584650516",
    "rel_dok_id": "H410401",
    "replik": "N",
    "systemdatum": "2017-05-29 11:46:45"
  }
}