﻿{
  "anforande": {
    "dok_hangar_id": "4703370",
    "dok_id": "H409101",
    "dok_titel": "Protokoll 2016/17:101 Torsdagen den 27 april",
    "dok_rm": "2016/17",
    "dok_nummer": "101",
    "dok_datum": "2017-04-27 00:00:00",
    "avsnittsrubrik": "Frågestund",
    "underrubrik": "Åtgärdsprogram för landsbygden",
    "kammaraktivitet": "frågestund",
    "anforande_id": "fd79ecae-bb3b-e711-9452-00262d0d0c40",
    "anforande_nummer": "67",
    "talare": "Statsrådet Sven-Erik Bucht (S)",
    "parti": "S",
    "anforandetext": "<p>Fru talman! Vi har drygt 400 remissvar, och arbetet behandlas nu i Regeringskansliet. Regeringen avser att lägga fram en proposition till 2018, men vi hanterar också en del av de förslag som finns omgående. Det handlar bland annat om bostadslån på landsbygden, som vi redan veckan efter att kommittén presenterade sitt betänkande lade ut på en utredning som jobbar med kreditgarantier för bostadsbyggande.</p><p></p><p>Vi har också jobbat konkret med statliga jobb, vilket civilministern nyligen redovisade.</p>",
    "intressent_id": "0781357446917",
    "rel_dok_id": "H4C120170427fs",
    "replik": "N",
    "systemdatum": "2017-05-18 13:18:58"
  }
}