﻿{
  "anforande": {
    "dok_hangar_id": "4706363",
    "dok_id": "H409103",
    "dok_titel": "Protokoll 2016/17:103 Tisdagen den 2 maj",
    "dok_rm": "2016/17",
    "dok_nummer": "103",
    "dok_datum": "2017-05-02 00:00:00",
    "avsnittsrubrik": "Svar på interpellation 2016/17:447 om bidrag till organisationer som motverkar demokratiska principer",
    "underrubrik": null,
    "kammaraktivitet": "interpellationsdebatt",
    "anforande_id": "f21f8197-5344-e711-9450-00262d0d7125",
    "anforande_nummer": "135",
    "talare": "Kultur- och demokratiministern Alice Bah Kuhnke (MP)",
    "parti": "MP",
    "anforandetext": "<p> STYLEREF Kantrubrik \\* MERGEFORMAT Svar på interpellationer</p><p>Herr talman! Det är oacceptabelt att skattepengar går till antidemokratiska krafter. Det är något upprör och engagerar regeringen. Därför har vi tillsatt en rad åtgärder, för att skärpa kraven och för att säkerställa att skattebetalarnas pengar inte används till hot, till hat och till att sprida de mest fruktansvärda budskap.</p><p>Vi ser just nu över myndigheternas rutiner för bidrag. Vi har gett Statskontoret i uppdrag att granska och göra en myndighetsöversyn av MUCF. Vi har säkerställt att MUCF lämnar en rapport om hur de arbetar för att ge bidrag till rätt organisationer. Vi gör en översyn av enhetligheten när det gäller de olika bidragsvillkoren. Vi har också tillsatt en utredning för att se över hur trossamfunden arbetar.</p><p>Det vi gör nu är att vidta åtgärder, breda och flertalet åtgärder, som inte har vidtagits tidigare. De vidtas nu, av den här regeringen, eftersom det är vi som är regering. Det betyder inte att vi är nöjda med hur det är. Vi har tillsatt det här breda spektrumet av åtgärder eftersom vi vill se en förändring.</p><p>Att det är jag som är här och svarar på frågan beror på att Roger Haddad riktade den till mig ur ett brett demokratiperspektiv. Och jag svarar för vad regeringen har gjort, utifrån olika statsråds ansvarsområden. Det är inte konstigare än så. Men det är på det sättet att olika statsråd har olika myndigheter under sig. Och just MUCF är inte en av de myndigheter som jag har under mig.</p><p>Som demokratiminister är jag väldigt glad över att regeringen, som jag är en del av, nu vidtar alla de här åtgärderna. Vi accepterar inte att skattebetalarnas pengar går till hat. De ska användas till det de är tänkta för. Det är bara demokratiska organisationer som ska få statsstöd, och det kommer vi att se till.</p><p>Överläggningen var härmed avslutad.</p>",
    "intressent_id": "0787584650516",
    "rel_dok_id": "H410447",
    "replik": "N",
    "systemdatum": "2017-05-29 11:46:47"
  }
}