﻿{
  "anforande": {
    "dok_hangar_id": "4703963",
    "dok_id": "H409102",
    "dok_titel": "Protokoll 2016/17:102 Fredagen den 28 april",
    "dok_rm": "2016/17",
    "dok_nummer": "102",
    "dok_datum": "2017-04-28 00:00:00",
    "avsnittsrubrik": "Aktuell debatt om attentatet i Stockholm",
    "underrubrik": null,
    "kammaraktivitet": "aktuell debatt",
    "anforande_id": "ee989fe0-bc3b-e711-9452-00262d0d0c40",
    "anforande_nummer": "2",
    "talare": "Statsrådet Anders Ygeman (S)",
    "parti": "S",
    "anforandetext": "<p>Herr talman! Fredagen den 7 april hände det som vi har fruktat och som vi har tvingats förbereda oss på. Det som har drabbat Köpenhamn, Paris och Berlin drabbade nu även Stockholm.</p><p>I dag på morgonen har vi mötts av det fasansfulla beskedet att terrorn har skördat ännu ett dödsoffer. Våra tankar är med offren och deras anhöriga i denna svåra stund.</p><p>Men mitt i all bedrövelse och all sorg fylls ändå mitt hjärta av stolthet. Det är stolthet över hur stockholmarna och hela Sverige reagerade på dessa fasansfulla händelser. Polis, räddningstjänst, sjukvård, ordningsvakter och många fler mötte denna situation med lugn och med fasthet. Att Sverige fungerar, att samhället stod pall är till stor del deras förtjänst.</p><p>Vi har tillsammans visat terrorismen att vi även om vi i stunden känner rädsla och fruktan inte viker ned oss för de känslorna. Vi låter inte skräck och förtvivlan styra över våra liv.</p><p>I stället för att ge efter för det fasansfulla tog stockholmarna fram det finaste i sig. Hassan som satt och fikade med en vän på Drottninggatan sprang ut för att hjälpa de sårade. I radion fick han frågan varför. Han svarade: \"Man är ju mänsklig. Man kan inte bara stoppa huvudet i sanden. Vi är alla ansvariga för varandra i ett samhälle.\"</p><p> STYLEREF Kantrubrik \\* MERGEFORMAT Aktuell debatt om attentatet i Stockholm</p><p>Hassan var långt ifrån ensam om att tänka på det sättet. På fredagskvällen öppnade stockholmarna sina hem för dem som blivit strandsatta efter attentatet. Elin vid Sankt Eriksplan erbjöd bullar, bäddsoffa och sällskap. Anders på Odenplan välkomnade folk på middag. Echling på Södermalm gick och handlade så att det skulle finnas något att äta för dem som sökte sig till henne.</p><p>Elin, Anders och Echling var bara några av alla dem som visade att öppenhet och medmänsklighet är starkare än våld och terror. Det visade också de som ställde upp och skjutsade folk tvärs över staden, de som delade ut frukt och mat till våra hungriga poliser och förstås även alla de som bara ringde eller skickade ett sms: \"Hej! Hur mår du? Kan jag hjälpa dig med något?\"</p><p>Herr talman! Sverige är ett fantastiskt land. Stockholm är en fantastisk stad. Och solidaritet är en fantastisk mänsklig egenskap.</p><p>Vi kan inte skydda oss mot allt. Men vi ska göra allt vi kan för att skydda oss. Det har varit regeringens maxim sedan dag ett. Vi har kriminaliserat terrorresor. Vi har försvårat missbruk av svenska pass. Vi har kriminaliserat försök, förberedelse och stämpling till grovt vapenbrott. Vi skärper straffen för explosivvaror och handgranater. Vi har gett fler myndigheter i uppdrag att arbeta förebyggande mot våldsbejakande extremism och terror. Vi stärker Säkerhetspolisens budget med över 600 miljoner de närmaste åren. Vi vill införa hemlig dataavläsning, så att de hemliga tvångsmedlen kan användas mot dem som använder krypterade plattformar som Viber, Skype eller Telegram för sin kommunikation. Vi har också föreslagit att det från och med den 1 juli i år ska bli möjligt för insatsstyrkorna i Sverige och andra EU-stater att hjälpa varandra över gränserna vid ett terrorattentat.</p><p>I december 2015 slöts en bred blocköverskridande överenskommelse för åtgärder mot terrorism. Flera av åtgärderna som vi har gått fram med är direkta resultat av samarbetet mellan regeringen och den borgerliga oppositionen.</p><p>Herr talman! Jag tror att det är en styrka för Sverige att vi står enade mot terrorismen. Jag vill ta tillfället i akt att här i kammaren tacka Moderaterna, Centerpartiet, Liberalerna och Kristdemokraterna för att ni har bidragit till att göra Sverige säkrare och satt nationen framför det egna partiet.</p><p>Nu fortsätter de blocköverskridande samtalen om hur vi ska förebygga, försvåra och förhindra för terrorismen framgent.</p><p> Herr talman! Det finns mycket att lära av allvarliga händelser och hur de hanterats. Hanteringen av terrordådet på Drottninggatan ska noggrant analyseras. Regeringen kommer därför att ge Myndigheten för samhällsskydd och beredskap i uppdrag att analysera hur den samlade hanteringen av det initiala händelseförloppet inverkade på samhället. MSB ska också dra slutsatser som kan vara adekvata för att samhället i framtiden ska kunna hantera eventuellt större händelser eller om flera händelser sker samtidigt.</p><p> STYLEREF Kantrubrik \\* MERGEFORMAT Aktuell debatt om attentatet i Stockholm</p><p>I uppdraget ska också ingå att beskriva hur den information som spreds i samband med terrordådet påverkade hanteringen av händelsen. Det är i det sammanhanget av intresse att få belyst hur hanteringen påverkades av obekräftade uppgifter och rykten som spreds i anslutning till händelsen. Det är intressant för att vi ska kunna dra slutsatser inför framtiden av betydelsen av informationsförmedling vid allvarliga händelser.</p><p>Herr talman! Trygghet och frihet är inte varandras motsatser, vilket ibland påstås i debatten. Det förhåller sig precis tvärtom. Trygghet och frihet förutsätter varandra. Frihet utan trygghet är precis lika lite värt som trygghet utan frihet. Varje åtgärd vi vidtar vidtar vi för att värna tryggheten, friheten och öppenheten.</p><p>Demokratin har många gånger utmanats av våld och terror. Men varje gång har demokratin segrat. Och demokratin kommer att segra den här gången också, herr talman.</p><p>(Applåder)</p>",
    "intressent_id": "0744993950910",
    "rel_dok_id": "H4C120170428ad",
    "replik": "N",
    "systemdatum": "2017-05-18 13:27:08"
  }
}