﻿{
  "anforande": {
    "dok_hangar_id": "4703370",
    "dok_id": "H409101",
    "dok_titel": "Protokoll 2016/17:101 Torsdagen den 27 april",
    "dok_rm": "2016/17",
    "dok_nummer": "101",
    "dok_datum": "2017-04-27 00:00:00",
    "avsnittsrubrik": "Fiskeripolitik",
    "underrubrik": null,
    "kammaraktivitet": "ärendedebatt",
    "anforande_id": "947aecae-bb3b-e711-9452-00262d0d0c40",
    "anforande_nummer": "210",
    "talare": "Eskil Erlandsson (C)",
    "parti": "C",
    "anforandetext": "<p>Fru ålderspresident! Jag vill inleda med att jag självklart står bakom alla reservationer från min sida i det här betänkandet, men jag nöjer mig med att yrka bifall till reservation nr 18. Det gör jag i anledning av att jag vill ge nuvarande regering ett tips som jag tycker att man ska ta vara på, nämligen att utveckla den hållbara fiskodlingen.</p><p>Vi har över 200 mil kust och omkring 100 000 sjöar i vårt land. Rimligen borde denna resurs kunna utnyttjas bättre för att vi ska få den hållbara maten på våra matbord.</p><p>Jag vill alltså se tydliga åtgärder som uppmuntrar och utvecklar den hållbara fiskodlingen, för den kan nog ge oss mycket, bland annat jobb och också en hållbart framställd mat till våra matbord.</p><p>Den förra regeringen tog fram en utredning på det här området. När vi har blivit överens om en livsmedelsstrategi som i sin tur går ut på att vi ska öka den svenska matproduktionen tycker jag att vi borde ta vara på resultatet av utredningen. </p><p></p><p>Skälet till att jag har reserverat mig är att regeringen tyvärr tycker att man bara behöver fortsätta att planera för den här verksamheten, alltså inte vidta några ytterligare åtgärder.</p><p>Jag vill nämna detta som ett tips till nuvarande regering i all välmening.</p><p>(Applåder)</p>",
    "intressent_id": "0465398691116",
    "rel_dok_id": "H401MJU14",
    "replik": "N",
    "systemdatum": "2017-05-18 13:19:12"
  }
}