﻿{
  "anforande": {
    "dok_hangar_id": "4703370",
    "dok_id": "H409101",
    "dok_titel": "Protokoll 2016/17:101 Torsdagen den 27 april",
    "dok_rm": "2016/17",
    "dok_nummer": "101",
    "dok_datum": "2017-04-27 00:00:00",
    "avsnittsrubrik": "Frågestund",
    "underrubrik": "Omlokaliseringen av myndigheter",
    "kammaraktivitet": "frågestund",
    "anforande_id": "e279ecae-bb3b-e711-9452-00262d0d0c40",
    "anforande_nummer": "40",
    "talare": "Leif Pettersson (S)",
    "parti": "S",
    "anforandetext": "<p></p><p>Fru talman! Min fråga går till statsrådet Ardalan Shekarabi. </p><p>Man kan lugnt säga att det går bra för Sveriges ekonomi nu. Inte minst växer de nya jobben fram, och 150 000 fler går till jobbet i dag än när regeringen tillträdde. Samtidigt kan vi konstatera att utvecklingen inte är jämnt fördelad över landet. Det finns ingen utjämningsfaktor när det gäller de nya jobben. </p><p>Därför är regeringens arbete på detta område väldigt viktigt. Jag tycker att det är särskilt viktigt att regeringen nu inte tappar farten i arbetet med att omlokalisera myndigheter och arbetsplatser. Jag undrar därför om statsrådet kunde säga något om detta arbete, hur det fortskrider och vad vi kan vänta framöver.</p>",
    "intressent_id": "0365797008114",
    "rel_dok_id": "H4C120170427fs",
    "replik": "N",
    "systemdatum": "2017-05-18 13:18:57"
  }
}