﻿{
  "anforande": {
    "dok_hangar_id": "4702552",
    "dok_id": "H409100",
    "dok_titel": "Protokoll 2016/17:100 Onsdagen den 26 april",
    "dok_rm": "2016/17",
    "dok_nummer": "100",
    "dok_datum": "2017-04-26 00:00:00",
    "avsnittsrubrik": "Bostadspolitik och Planering och byggande",
    "underrubrik": null,
    "kammaraktivitet": "ärendedebatt",
    "anforande_id": "31a891a8-413a-e711-9452-00262d0d0c40",
    "anforande_nummer": "69",
    "talare": "Lars Eriksson (S)",
    "parti": "S",
    "anforandetext": "<p> STYLEREF Kantrubrik \\* MERGEFORMAT Bostadspolitik och Planering och byggande</p><p>Fru ålderspresident! Ewa Thalén Finné hävdar - det gjorde väl Tuve Skånberg också på sitt sätt - att regeringen inte gör någonting. Det är naturligtvis en uppfattning som man kan ha. Men regeringens förslag och det arbete som pågår, inte minst som effekt av de samtal som mynnade ut i 22punktsprogrammet som regeringen jobbar med, visar på något annat.</p><p>Jag vill fråga Ewa Thalén Finné om något som jag har läst i tidningen Hem & Hyra. Det handlar om något som Ewa Thalén Finné brukar fånga upp, naturligtvis en del av regeringens politik.</p><p>Lunds kommunala fastighetsbolag redovisar i Hem & Hyra att de har gått igenom alla projekt som de har startat sedan 2015 och räknat på om det går att sänka hyran, som en effekt av investeringsstödet som man nu får för nyproduktioner.</p><p>Man redovisar också att man har kunnat sänka hyran i sitt nybestånd med över 12 procent. Det finns en lång lista i tidningen på ansökningar som har kommit in. Samtidigt har ju Moderaterna och andra partier inom Alliansen hintat om att man till hösten ska försöka att bryta ut investeringsstödet ur statsbudgeten och ta bort det. Tänker Alliansen förverkliga detta, Ewa Thalén Finné?</p>",
    "intressent_id": "0988383147219",
    "rel_dok_id": "H401CU14, H401CU15",
    "replik": "Y",
    "systemdatum": "2017-05-16 16:12:53"
  }
}