﻿{
  "anforande": {
    "dok_hangar_id": "4703370",
    "dok_id": "H409101",
    "dok_titel": "Protokoll 2016/17:101 Torsdagen den 27 april",
    "dok_rm": "2016/17",
    "dok_nummer": "101",
    "dok_datum": "2017-04-27 00:00:00",
    "avsnittsrubrik": "Väg- och fordonsfrågor",
    "underrubrik": null,
    "kammaraktivitet": "ärendedebatt",
    "anforande_id": "537aecae-bb3b-e711-9452-00262d0d0c40",
    "anforande_nummer": "147",
    "talare": "Karin Svensson Smith (MP)",
    "parti": "MP",
    "anforandetext": "<p>Fru talman! Centern brukar ju utmärka sig genom att försöka säga att man är Alliansens gröna röst. Och det kan man fundera på i vissa avseenden. Den här utredningen, som vad jag förstår var det absolut mesta som tillkom under åtta år av alliansregering, är jag nog rätt så säker på var Centerns initiativ. Det var också Anna-Karin Hatt som tog emot den utredningen. Det finns massor med bra förslag där. Den regering som jag stöder har genomfört många av de förslagen eller håller på att göra det. Ni hann inte genomföra något alls. Men det kan vara svårt att hinna med ibland, Anders Åkesson.</p><p>Men jag undrar: Har du resonerat med Anna-Karin Hatt om fördelningen av godstransporter mellan väg, järnväg och sjöfart och i vilken utsträckning denna fördelning har någon betydelse för hur mycket fossila bränslen man använder? Järnvägen använder väldigt lite fossila bränslen. Det finns några ställen där vi inte har hunnit elektrifiera, men i och med att järnvägen är så väldigt energisnål är det försumbart i fossilbränslehänseende. Sjöfarten kör förvisso på bunkerolja, med undantag av typ Viking Grace, men den är väldigt energieffektiv. Den stora användningen av fossilbränslen inom godstransportsbranschen står lastbilarna för.</p><p>Då är det för mig ett mysterium att Centern, som har pretentioner på att vara en grön röst, bara vill intressera sig för att vägen ska ta större andelar av järnvägen och sjöfarten. Jag undrar om Anders Åkesson känner till hur utvecklingen har varit de senaste årtiondena. Tyvärr är det så att vägen har tagit allt tillkommande gods. Hur går det ihop med Centerns miljöprofil?</p>",
    "intressent_id": "0457308547314",
    "rel_dok_id": "H401TU14",
    "replik": "Y",
    "systemdatum": "2017-05-18 13:19:09"
  }
}