﻿{
  "anforande": {
    "dok_hangar_id": "4702552",
    "dok_id": "H409100",
    "dok_titel": "Protokoll 2016/17:100 Onsdagen den 26 april",
    "dok_rm": "2016/17",
    "dok_nummer": "100",
    "dok_datum": "2017-04-26 00:00:00",
    "avsnittsrubrik": "Straffskalorna för vissa allvarliga våldsbrott",
    "underrubrik": null,
    "kammaraktivitet": "ärendedebatt",
    "anforande_id": "23a891a8-413a-e711-9452-00262d0d0c40",
    "anforande_nummer": "57",
    "talare": "Linda Snecker (V)",
    "parti": "V",
    "anforandetext": "<p>Fru ålderspresident! Jag ska erkänna att det inte är så lätt att göra en bra politisk debatt av en sådan här proposition. Men enkelt uttryckt är det här förslaget som regeringen lägger fram inte tillräckligt bra motiverat när det gäller varför straffen ska skärpas så mycket som nu föreslås. Regeringen har agerat mer känslomässigt än juridiskt.</p><p>Den stora frågan under mitt anförande kommer att vara: Varför?</p><p>Straff kan skärpas för att polisen ska prioritera brottet högre, lägga ned mer resurser på brottet och använda fler metoder för att utreda brottet. Det anser i alla fall Vänsterpartiet.</p><p>Ett utdömande av straff utgör samhällets yttersta maktmedel mot medborgarna. Straffet fyller ingen reparerande funktion utan används för att med mening skapa lidande för personer som döms. Det är därför viktigt att straffskärpning verkligen är genomtänkt och motiverat.</p><p>Straffen skärptes senast för sju år sedan - då av alliansregeringen. Men den lagen var inte så bra skriven, och domstolarna hade därför lite svårt att följa det som riksdagen hade beslutat. Nu vill regeringen måla upp bilden av att straffen inte alls har skärpts under de senaste sju åren och vill därför skärpa straffen lite till. Men det här stämmer inte. </p><p>Enligt Brottsförebyggande rådet, som har utvärderat lagen, har reformen inneburit en påtaglig höjning av straffen när det gäller grov misshandel, som är den vanligaste brottstypen bland de allvarliga våldsbrotten. Detsamma menar Högsta domstolen. Sammantaget gör Brå bedömningen att straffmätningsreformen har fått ett betydande genomslag i rättstillämpningen. Ändå vill regeringen höja straffen ännu lite mer.</p><p>Det svenska straffsystemet vilar på den grundläggande principen om proportionalitet och ekvivalens. Svåra brott ska bestraffas strängare än lindriga brott samtidigt som lika svåra brott ska bestraffas lika strängt. Nivån på straffet ska stå i proportion till den skada eller fara som brottet innebär och indikera hur allvarlig gärningen är i förhållande till andra brott. Straffet ska ge uttryck för samhällets klander av den brottsliga gärningen. Ja, det är meningen att det ska vara så krångligt. Brott och straff är inte enkelt. </p><p>Det svenska straffsystemet vilar också på humanitetsprincipen, vilket innebär att samhällets ingripande mot den enskilde med straff bör ske med försiktighet och inte sträcka sig längre än vad som är nödvändigt.</p><p>I propositionen saknas en konsekvensanalys av fängelsestraffets negativa konsekvenser respektive kostnader. Konsekvenserna av förslaget har inte heller analyserats tillräckligt ur ett barnperspektiv. Att det både i utredningen och i propositionen tycks ha glömts bort att det faktiskt är människor som kommer att drabbas och beröras av den föreslagna straffskärpningen är också anmärkningsvärt. Det som inte heller nämns är konsekvenserna av propositionen, som kommer att leda till en årlig ökning av strafftiderna på anstalt med 495 år och som kommer att kosta 376 miljoner kronor per år.</p><p>Regeringen har i den här propositionen inte kunnat svara tillräckligt väl på varför straffskärpningen ska genomföras. Varför behövs den? Vad syftar den till? I det här fallet saknas godtagbara skäl till att höja straffskalorna på det sätt som regeringen föreslår. Vänsterpartiet anser att lagstiftningsinstrumentet och utformningen av straffskalor inte ska användas som brickor i ett symbolpolitiskt spel. </p><p> STYLEREF Kantrubrik \\* MERGEFORMAT Straffskalorna för vissa allvarliga våldsbrott</p><p>Vänsterpartiet anser att uppsåtlig och allvarlig våldsanvändning är mycket klandervärd och att människor som gör sig skyldiga till sådana brott ska lagföras. Vi väljer dock att lyssna till vad forskning och vedertagen erfarenhet säger i stället för att styras av populism vid utformningen av vår rättspolitik och vårt lagstiftningsarbete. </p><p>Att ställa sig kritisk och frågande till att ständigt lagstifta och generellt föreslå längre straff innebär inte att Vänsterpartiet ser på brottslighet med lätthet, men vi ser allvarligt på rättssäkerheten. Tunga remissinstanser, kriminologiska institutionen vid Stockholms universitet och juridiska fakultetsnämnden vid samma universitet, anser att regeringen inte tillräckligt väl motiverar förslaget. Motiveringarna som används är enkla att empiriskt besvara och motbevisa. </p><p>Den här propositionen är ett uttryck för att regeringen fortsätter det arbete som Beatrice Ask startade och även misslyckades med. Det är inte första gången som regeringen följer Moderaternas politik angående straff. Jag har den största respekt för att det finns en viljeyttring om att straffen ska vara si och så långa, men lagstiftning inom brottsbalkens ramar är inte bara partipolitik, utan den måste även juridiskt och empiriskt kunna motiveras. Det kan varken Beatrice Ask eller Morgan Johansson göra. Och det är beklagligt. </p><p>Det främsta motivet som regeringen använder i propositionen är att samhället i dag ser allvarligt på våldsbrottsligheten. Visst är det så. Våldsbrott är ytterst allvarligt. Men det finns ingen empiriskt grundad kunskap som stöder uppfattningen att det allmänna rättsmedvetandet kräver strängare straff för våldsbrott. Det finns ingen empiri. Det finns bara en känsla som regeringen känner. Jag anser att vi faktiskt ska lyssna mer på jurister än på känslor. Jag är inte alls jurist, men ett flertal av justitieutskottets ledamöter är jurister. I dag tycker jag att er jur. kand. väger högre än ert partipolitiska medlemskap. </p><p>Vänsterpartiet vill avslå hela propositionen, och jag yrkar bifall till reservation 1.</p>",
    "intressent_id": "0150118366721",
    "rel_dok_id": "H401JuU14",
    "replik": "N",
    "systemdatum": "2017-05-16 16:12:50"
  }
}