﻿{
  "anforande": {
    "dok_hangar_id": "4706363",
    "dok_id": "H409103",
    "dok_titel": "Protokoll 2016/17:103 Tisdagen den 2 maj",
    "dok_rm": "2016/17",
    "dok_nummer": "103",
    "dok_datum": "2017-05-02 00:00:00",
    "avsnittsrubrik": "Svar på interpellation 2016/17:401 om terrorhotet och återvändande terroriststridande",
    "underrubrik": null,
    "kammaraktivitet": "interpellationsdebatt",
    "anforande_id": "e91f8197-5344-e711-9450-00262d0d7125",
    "anforande_nummer": "126",
    "talare": "Kultur- och demokratiministern Alice Bah Kuhnke (MP)",
    "parti": "MP",
    "anforandetext": "<p>Herr talman! Det korta svaret är att vi självklart måste göra mer - ständigt. Det har jag upprepat i snart två och ett halvt år. Vi har också ökat resurserna när det gäller det förebyggande arbetet och när det gäller arbetet mot terrorism. Vi har ändrat lagstiftningen på en rad områden.</p><p>Vad gäller detaljerna kring lagstiftningen - det som har skett och det som pågår - får jag hänvisa till ansvarigt statsråd justitieminister Morgan Johansson. När det gäller terrorismarbetet och detaljerna i det får jag hänvisa till inrikesminister Anders Ygeman.</p><p>Jag ska tala om arbetet med att värna demokratin mot våldsbejakande extremism, alltså det arbete som måste ske i tidiga skeden och där vi behöver mer samverkan. För att verkligen svara på riksdagsledamotens fråga: Där har det blivit tydligt att kommunerna behöver mycket mer stöd och påtryckningar. Vi behöver ett operativt arbete.</p><p>Låt mig upprepa att det var därför jag redan i juni förra året gav samordnaren just detta uppdrag. Vi behöver nu säkerställa att verksamheten kommer på plats med de resurser som krävs och med en definition av hur man ska arbeta. Jag välkomnar oerhört mycket att vi har en gemensam syn på vikten av detta arbete så att vi säkerställer att de resurser som krävs också finns.</p><p>Låt mig exemplifiera vad som har gjorts fram tills nu. Samordnaren kommer om några månader att lämna en beskrivning av detta. Men vi har också gett såväl Statens institutionsstyrelse som Kriminalvården och Socialstyrelsen uppdrag som inte fanns där från början. Det beror på att vi har sett exempel både från vårt land och från många andra länder i Europa och världen på hur människor har radikaliserats i våra fängelser. Detta är några viktiga uppdrag.</p><p>Vi behöver säkerställa att sekretesslagstiftningen i möjligaste mån - det pågår samtal om detta nu och bereds underlag till en utredning - verkar för att man ska kunna dela den nödvändiga information som krävs för att socialtjänsten och den lokala polisen ska kunna genomföra sitt viktiga arbete i samverkan med Säkerhetspolisen.</p>",
    "intressent_id": "0787584650516",
    "rel_dok_id": "H410401",
    "replik": "N",
    "systemdatum": "2017-05-29 11:46:45"
  }
}