﻿{
  "anforande": {
    "dok_hangar_id": "4703370",
    "dok_id": "H409101",
    "dok_titel": "Protokoll 2016/17:101 Torsdagen den 27 april",
    "dok_rm": "2016/17",
    "dok_nummer": "101",
    "dok_datum": "2017-04-27 00:00:00",
    "avsnittsrubrik": "Frågestund",
    "underrubrik": "Stöd till demokratiska rörelser i världen",
    "kammaraktivitet": "frågestund",
    "anforande_id": "217aecae-bb3b-e711-9452-00262d0d0c40",
    "anforande_nummer": "103",
    "talare": "Statsrådet Isabella Lövin (MP)",
    "parti": "MP",
    "anforandetext": "<p>Fru talman! Jag vill tacka frågeställaren för den här viktiga frågan.</p><p>Det stämmer inte att vårt bistånd minskar. Det stämmer inte heller att vår andel som går till demokrati, mänskliga rättigheter, civilsamhällets organisationer och rättsstatens principer och så vidare minskar. Vi har det som ett genomgående tema i nästan alla våra bilaterala strategier. Vi har också globala strategier för att stötta människorättsaktivister, demokratiförkämpar, journalister och de fria medierna.</p><p>Det här är synnerligen viktigt just i länder där det finns repressiva regimer och där utrymmet för civilsamhället och det demokratiska utrymmet nu krymper. Det är mer än 60 länder som sedan 2012 har infört ny lagstiftning som begränsar yttrandefrihet och utrymmet för demokratins aktörer att agera.</p>",
    "intressent_id": "0911490574010",
    "rel_dok_id": "H4C120170427fs",
    "replik": "N",
    "systemdatum": "2017-05-18 13:18:59"
  }
}