﻿{
  "anforande": {
    "dok_hangar_id": "4702552",
    "dok_id": "H409100",
    "dok_titel": "Protokoll 2016/17:100 Onsdagen den 26 april",
    "dok_rm": "2016/17",
    "dok_nummer": "100",
    "dok_datum": "2017-04-26 00:00:00",
    "avsnittsrubrik": "Policyramverk för svenskt utvecklingssamarbete och humanitärt bistånd",
    "underrubrik": null,
    "kammaraktivitet": "ärendedebatt",
    "anforande_id": "6aa891a8-413a-e711-9452-00262d0d0c40",
    "anforande_nummer": "121",
    "talare": "Statsrådet Isabella Lövin (MP)",
    "parti": "MP",
    "anforandetext": "<p>Herr ålderspresident! Tack, Sofia Damm, för frågan! Vi har en värld med mycket komplexa utmaningar. Det vore svårt för mig att peka på ett enda alexanderhugg som ska lösa alla utmaningar för alla de olika länder och kontexter som finns.</p><p>Därför framhåller regeringen tydligt i policyramverket också det lokala ägarskapet som en nyckel för att kunna få en långsiktigt hållbar utveckling och långsiktiga resultat. Om det bara är från givarsidan som vi försöker styra utifrån våra prioriteringar är effektiviteten sämre. Det är någonting som man sedan länge också har erkänt.</p><p>För att få ett lokalt ägarskap måste man ha ett brett inkluderande ägarskap. Det får inte bara handla om regeringen och att man bara jobbar via de maktstrukturer som finns och som förmodligen är bristfälliga. Man ska stärka dem, men man ska också stärka de institutioner som finns för ansvarsutkrävande. Det gör Sverige i många fall. Vi stöder riksrevisionsmyndigheter och antikorruptionsmyndigheter.</p><p>Men vi stöder också i mycket hög grad civilsamhällets organisationer, journalister och fristående medier för att det även ska finnas aktörer, en opposition och ett levande civilsamhälle som kan ställa makten till ansvar. Det är helt och hållet förutsättningen för att man ska kunna ha en långsiktigt hållbar utveckling med respekt för mänskliga rättigheter.</p><p> STYLEREF Kantrubrik \\* MERGEFORMAT Policyramverk för svenskt utvecklings-samarbete och humanitärt bistånd</p><p>Här jobbar vi i mycket stor utsträckning med civilsamhällets aktörer i de länder där vi ser repressiva regimer, och det är tyvärr alltför många. Detta ser vi även breda ut sig i utvecklade länder.</p>",
    "intressent_id": "0911490574010",
    "rel_dok_id": "H401UU11",
    "replik": "Y",
    "systemdatum": "2017-05-16 16:13:00"
  }
}