﻿{
  "anforande": {
    "dok_hangar_id": "4706363",
    "dok_id": "H409103",
    "dok_titel": "Protokoll 2016/17:103 Tisdagen den 2 maj",
    "dok_rm": "2016/17",
    "dok_nummer": "103",
    "dok_datum": "2017-05-02 00:00:00",
    "avsnittsrubrik": "Svar på interpellation 2016/17:389 om evenemangslistan",
    "underrubrik": null,
    "kammaraktivitet": "interpellationsdebatt",
    "anforande_id": "e31f8197-5344-e711-9450-00262d0d7125",
    "anforande_nummer": "120",
    "talare": "Olof Lavesson (M)",
    "parti": "M",
    "anforandetext": "<p>Herr talman! Tillkännagivanden kan ju ha orsaker i mycket. Man kan undvika dem genom att tänka efter före. Det gjorde den tidigare regeringen när det gällde evenemangslistan. Det var därför den regeringen var en så kraftfull motståndare till den, liksom tidigare S-regeringar har varit. Tillkännagivanden kan också föranleda att man får tänka till efter, och det är väl det som kulturministern nu får göra när hon har att hantera detta ogenomtänkta tillkännagivande som hennes eget parti har drivit igenom.</p><p>Jag är inte bara kulturutskottets ordförande. Jag är också kulturpolitisk talesperson för Moderaterna. Det kan inte råda någon som helst tvekan om var vi hela tiden har stått i den här frågan. Jag tycker att det måste kännas tryggt och skönt för kulturministern att veta var hon har oppositionen - att man inte vacklar och vänder kappan efter vinden, utan står fast vid vad man har sagt.</p><p>Men jag är tacksam för svaret i dag. Jag hör vad ministern säger \"mellan raderna\". Detta är ingenting som hon själv vill ha. Det märks. Eftersom jag nu tycker att jag känner kulturministern ganska bra måste jag säga att det skulle förvåna mig om det var hennes förslag att driva den typ av socialistisk politik som en evenemangslista skulle innebära. Jag önskar bara att hon kunde ha varit ännu tydligare i debatten i dag. Men jag hör som sagt mellan raderna, och jag räknar med att vi slipper förslag på riksdagens bord om införande av en evenemangslista.</p>",
    "intressent_id": "0448155122323",
    "rel_dok_id": "H410389",
    "replik": "N",
    "systemdatum": "2017-05-29 11:46:44"
  }
}