﻿{
  "anforande": {
    "dok_hangar_id": "4546972",
    "dok_id": "H40910",
    "dok_titel": "Protokoll 2016/17:10 Onsdagen den 28 september",
    "dok_rm": "2016/17",
    "dok_nummer": "10",
    "dok_datum": "2016-09-28 00:00:00",
    "avsnittsrubrik": "Fler elever i fler skolor",
    "underrubrik": null,
    "kammaraktivitet": "ärendedebatt",
    "anforande_id": "24d5f233-e195-e611-9441-00262d0d7125",
    "anforande_nummer": "28",
    "talare": "Annika Eclund (KD)",
    "parti": "KD",
    "anforandetext": "<p>Herr talman! Förra året kom 163 000 människor till Sverige, människor som flytt undan krig, konflikt, terror och förtryck. 70 000 av dessa var barn, en situation som på många sätt är en tillgång för vårt land men som ställer oss inför stora utmaningar.</p><p>En stor utmaning är att barnen ska ha tillgång till skolgång inom högst tre månader, och det är av stor vikt att barnen snabbt får börja i skola tillsammans med svenska kamrater. Det gör att integrationen snabbas på och att man kan erövra det svenska språket.</p><p>När jag är ute och besöker skolor blir jag imponerad när jag ser hur snabbt barn i de yngre åldrarna bara insuper ett nytt språk och sammanhang om de kommer till en skola med ett gott mottagande, där de får lära sig språket, umgås med jämnåriga barn som talar svenska och där det finns bra modersmålsstöd.</p><p>Problemet är bara att fördelningen av nyanlända elever inte har skett, eller sker, på ett bra sätt. Granskningar visar att 4 procent av skolorna tar emot en tredjedel av eleverna. Samtidigt finns det skolor som inte har en enda nyinvandrad elev. Detta hänger i första hand ihop med bostadssegregationen och var kommunerna kan anvisa boenden för de nyanlända eleverna, vilket förstärker en redan problematisk situation.</p><p>Ett fåtal av de 200 skolor som tar emot många nyinvandrade elever är skolor med internationell profil eller särskilda kommunala mottagningsskolor. Men de allra flesta är helt vanliga skolor som saknar en inriktning som skulle kunna förklara det stora mottagandet.</p><p>Herr talman! Flera kommuner har inlett ett omfattande arbete för att öka fördelningen mellan skolor. I till exempel Örebro, där Kristdemokraterna är med och styr, har man en modell som kallas Perrongen, som finns beskriven på SKL:s hemsida och som man gärna vill sprida vidare. Utbildningsutskottet åkte ända till Kanada för att titta på mottagandet för nyanlända där, men motsvarande system fick jag studera i Helsingborg för några veckor sedan. Där har de inrättat ett mottagningscenter där de kartlägger kunskaper, informerar om det fria skolvalet, inklusive de friskolor som finns. Alla barn får gratis skolskjuts, och de bussas runt för att få prova på olika fritidsaktiviteter - allt för att öka integrationen.</p><p>Man blir glad när man ser sådana goda exempel, kommuner som har bestämt sig för att hitta modeller för ett gott mottagande och att fördela nyanlända på fler skolor. Det är dessa initiativ som ska stödjas, spridas och uppmuntras. Att styra fördelningen för mycket från staten tror jag är fel väg att gå. Initiativen finns där ute. Goda exempel ska spridas.</p><p>Herr talman! Ett aktivt skolval är <em>en</em> väg att gå, det vill säga att alla elever ställs inför att välja skola efter att ha fått god information på sitt eget modersmål. Många gånger kan de dock behöva styras mot en skola där det finns särskild beredskap för att ta emot barnen men med en god fördelning för ögonen.</p><p>Fler elever i fler skolor</p><p>Herr talman! Med detta som bakgrund är det mycket bra att friskolor nu lättare kan ta emot nyanlända elever. Det är något som friskolorna själva har frågat efter men inte kunnat göra eftersom det har stridit mot gällande lagstiftning. Det ett bra steg i rätt riktning, att få nyanländas skolgång tillgodosedd i fler skolor.</p><p>Att inrätta en kvot i friskolor för nyanlända kommer att vara frivilligt. Det är bara att hoppas att de kommuner som tar emot många nyanlända har ett gott mottagningssystem med aktivt skolval där också friskolorna är inkluderade.</p><p>Med detta yrkar jag bifall till utskottets förslag till beslut.</p><p>(Applåder)</p><p>Överläggningen var härmed avslutad.</p><p>(Beslut fattades under § 11.)</p>",
    "intressent_id": "0480339311713",
    "rel_dok_id": "H401UbU3",
    "replik": "N",
    "systemdatum": "2016-10-19 11:49:05"
  }
}