﻿{
  "anforande": {
    "dok_hangar_id": "4703370",
    "dok_id": "H409101",
    "dok_titel": "Protokoll 2016/17:101 Torsdagen den 27 april",
    "dok_rm": "2016/17",
    "dok_nummer": "101",
    "dok_datum": "2017-04-27 00:00:00",
    "avsnittsrubrik": "Frågestund",
    "underrubrik": "En gemensam statlig molntjänst för myndigheternas it-drift",
    "kammaraktivitet": "frågestund",
    "anforande_id": "257aecae-bb3b-e711-9452-00262d0d0c40",
    "anforande_nummer": "107",
    "talare": "Statsrådet Ardalan Shekarabi (S)",
    "parti": "S",
    "anforandetext": "<p>Fru talman! Tack för en viktig fråga, Carl Schlyter!</p><p>Rapporten är ett viktigt underlag i vårt fortsatta arbete. Vi har fått en rapport också från Pensionsmyndigheten om molntjänster. Vi jobbar också med frågor om cybersäkerhet i den offentliga sektorn.</p><p>Vi ligger efter här. Samordningen av myndigheternas arbete med itinvesteringar är inte tillräckligt bra i Sverige. Det kostar pengar, det kostar skattebetalarna pengar och det kostar säkerhet.</p><p>Vi har satt igång ett arbete som handlar om samordning av it-investeringar i den statliga sektorn. Den rapporten är ett viktigt underlag, och vi kommer att fortsätta jobba med de här frågorna.</p><p>Det krävs styrning. Det är såklart bra att vi har myndigheter som jobbar aktivt med digitalisering och it-investeringar. Men om det ska ske stora förändringar krävs det att regering och riksdag tar ansvar för helheten i den offentliga sektorn. Det avser vi att göra.</p>",
    "intressent_id": "0922497728524",
    "rel_dok_id": "H4C120170427fs",
    "replik": "N",
    "systemdatum": "2017-05-18 13:18:59"
  }
}