﻿{
  "anforande": {
    "dok_hangar_id": "4703370",
    "dok_id": "H409101",
    "dok_titel": "Protokoll 2016/17:101 Torsdagen den 27 april",
    "dok_rm": "2016/17",
    "dok_nummer": "101",
    "dok_datum": "2017-04-27 00:00:00",
    "avsnittsrubrik": "Fiskeripolitik",
    "underrubrik": null,
    "kammaraktivitet": "ärendedebatt",
    "anforande_id": "927aecae-bb3b-e711-9452-00262d0d0c40",
    "anforande_nummer": "208",
    "talare": "Jesper Skalberg Karlsson (M)",
    "parti": "M",
    "anforandetext": "<p>Fru ålderspresident! Tack till Birger Lahti för ett klarsynt och konstruktivt inlägg i skogsdebatten. Det var välkommet.</p><p>Fru ålderspresident! Fisk är en gemensam resurs som inte följer nationsgränserna. I många fall leker fisk på en plats och fiskas på en annan. Det gör att vi måste ha en fiskeripolitik som bygger på samarbete, här i Sverige mellan olika intressen och internationellt mellan länder som fiskar i samma vatten.</p><p>Som medlem i Europeiska unionen har Sverige tillgång till en av världens största fiskemöjligheter. EU:s fiskerinäring är världens fjärde största och levererar över 6 miljoner ton fisk per år. Det är häpnadsväckande siffror. Det får ringar på vattnet. Fisket, och livsmedelsförädlingen som är nära kopplad till fisket, sysselsätter över 350 000 personer. Lägg också till allt det som finns däromkring. Det är hotellnätterna för sportfiskare som reser hit, skärgårdsmiljön som utvecklas och kulturarvet som får leva kvar. Det är stora värden.</p><p>Fisket har helt enkelt stor betydelse. Det bidrar mer än bara genom att sätta nyttig mat på våra tallrikar. Det bidrar till vårt gemensamma, och det bidrar till bilden av Sverige utomlands.</p><p>Fru ålderspresident! Jag som moderat ledamot är stolt över den reform av den gemensamma fiskeripolitiken som kom till på EU-nivå under alliansregeringens tid vid makten. Utan den hade överfisket tillåtits fortsätta. En hel svensk yrkeskår hade fått se näten bli tommare och tommare tills man till slut hade fått se sig om för att sälja sitt fartyg. Den biologiska mångfalden hade fortsatt att minska, och rubbningarna i ekosystemen hade varit betydande och permanenta. Man ska vara tydlig med att ännu tråkigare än att fiskare försvinner är att fisken försvinner.</p><p>Nu är reformen genomförd. Bottenplattan är lagd, och det är bra. Men för svensk del finns en central och viktig utmaning kvar, och det är att den rödgröna regeringen måste agera kraftfullt för att det nya regelverk som medföljer ska implementeras i samtliga medlemsländer. Detta måste ske utan att onödigt regelkrångel och olika tolkningar bidrar till att konkurrensen snedvrids.</p><p>I Sverige handlar det om att titta på hur fiskelicenser kan överlåtas mellan generationer, båtar och tidsperioder. Jag tror att vi överlag behöver se över hur våra rigida regelverk kan harmoniseras med närliggande länders, för det är inte till gagn för någon att svenskt fiske, som är bland de skonsammare, ersätts av indundrande utländska fiskeflottor.</p><p>Mot bakgrund av detta vill jag passa på att yrka bifall till reservation 5 angående fortsatta förenklingar för yrkesfisket. I reservationen tar vi framför allt upp landningsskyldigheten, som innebär att fiskare behöver landa all fångst de plockar upp ur havet. Detta är i grunden bra. Utkastförbudet innebär att fusk stävjas, vilket jag tycker är önskvärt. Men regelverket måste också vara praktiskt möjligt att efterleva. Omöjliga regelverk sår egentligen bara misstro och gynnar ingen.</p><p></p><p>Myndigheternas förhållningssätt till reglerna för landningsskyldighet bör ta hänsyn till det svenska fiskets konkurrenskraft. Det är därför rimligt att man tittar på hur reglerna hanteras i andra EU-länder som lyder under samma regelverk, men mer om detta i reservation 5.</p><p>Fru ålderspresident! Mitt huvudbudskap i dag är att förenklingsarbetet måste fortsätta. Till stor del liknar det den jordbrukspolitik som vi föreslår från moderat håll. Tyvärr verkar regeringen inte lika angelägen om att fiskeripolitiken ska prioriteras upp.</p><p>Under denna mandatperiod har vi egentligen bara sett en proposition, under förra året, med några justeringar i lagtext som Europeiska unionen och Lissabonfördraget ger oss som gåva, så att säga. I år har vi <em>en</em> proposition aviserad angående fiskerilagen, men den kommer först efter sommaren. Det är också oklart vad den innehåller eller syftar till.</p><p>I stället får man fundera över vad de olika partierna ger uttryck för i sina forum - vad de vill göra med fiskeripolitiken och vad det långsiktiga målet är. Här är det tydligt att Vänsterpartiet och Miljöpartiet i olika omgångar har sagt att de vill förbjuda trålfiske i Sverige. Miljöpartiet har förvisso tystnat lite efter det att man blev ett regeringsparti, men nu när Socialdemokraterna på sin kongress i Göteborg slagit fast att de vill förbjuda allt trålfiske börjar ryktena spridas igen.</p><p>Absolut - trålfiske har en miljöpåverkan, men det har också många andra mänskliga aktiviteter. Man ska komma ihåg i sammanhanget att svenskt fiske använder selektiva redskap och är framstående. Hela tiden görs små förbättringar, och det känns som ett tydligt fokus i hela fiskeribranschen. Är det då rätt väg att skjuta med stora hagelbössan och förbjuda allt fiske med trål? Jag tror inte det.</p><p>Jag tycker absolut - det vill jag vara tydlig med - att man kan fråga sig om vi har ett ändamålsenligt naturskydd på särskilt utsatta platser och om trålning bör vara tillåtet där. Men att helt förbjuda fiske med trål, som har ett oförtjänt dåligt rykte, är verkligen att ta i från tårna.</p><p>Om regeringen genomför den politik som Vänsterpartiet och Miljöpartiet, och nu Socialdemokraterna för två veckor sedan, har gett uttryck för är det slut med räkfiske i Sverige. Då är 100 procent av räkfisket borta. Över hälften av fisket efter havskräfta försvinner i samma slag.</p><p>Fisket är lite som ekosystemet i den meningen att man inte bara kan plocka bort en del. Om man tar bort ett fiske som är ekonomiskt gynnsamt försvinner kanske försörjningen av fiske efter andra arter, och snart får man en riktigt negativ spiral. Detta vore beklagligt för skärgårdskommunerna, för fiskarna och för Sverige. Jag hoppas att man tar sitt förnuft till fånga i det stora regeringspartiet. Men måhända har den sista kompetensen på fiskeområdet lämnat partiet.</p><p>Fru ålderspresident! Sammanfattningsvis vill jag säga att vi moderater vill se ett fortsatt hållbart fiske i svenska vatten. Då behöver fiskeripolitiken vägledas av tydlighet, långsiktighet och framtidstro.</p><p>Utan en levande fiskenäring, med sport, fritids- och yrkesfiske, kommer Sverige inte att nå sina mål om en växande besöksnäring och Europas lägsta arbetslöshet. Därför vill jag säga att jag är stolt över de reformer som kom till under alliansregeringens tid, men jag är samtidigt övertygad om att Alliansen inte blev klar. Det behövs fortfarande regelförenklingar, inte nya pålagor eller svensk gold-plating.</p><p></p><p>Om detta är fokuset framöver kan vi fortsätta att njuta av nyttig fisk på tallriken från lönsamt fiske i hållbara bestånd. Detta borde vara målet för hela fiskeripolitiken.</p><p>(Applåder)</p>",
    "intressent_id": "0250583732424",
    "rel_dok_id": "H401MJU14",
    "replik": "N",
    "systemdatum": "2017-05-18 13:19:11"
  }
}