﻿{
  "anforande": {
    "dok_hangar_id": "4703370",
    "dok_id": "H409101",
    "dok_titel": "Protokoll 2016/17:101 Torsdagen den 27 april",
    "dok_rm": "2016/17",
    "dok_nummer": "101",
    "dok_datum": "2017-04-27 00:00:00",
    "avsnittsrubrik": "Frågestund",
    "underrubrik": "Stöd till samlingslokaler på landsbygden",
    "kammaraktivitet": "frågestund",
    "anforande_id": "df79ecae-bb3b-e711-9452-00262d0d0c40",
    "anforande_nummer": "37",
    "talare": "Statsrådet Sven-Erik Bucht (S)",
    "parti": "S",
    "anforandetext": "<p>Fru talman! Tack för en mycket viktig fråga! Som landsbygdsbo är jag medveten om vikten av att det finns samlingslokaler runt om på svensk landsbygd. De spelar en väldigt viktig roll för att man ska kunna utöva kultur men även bedriva fritidsintressen, mötesverksamhet med mera.</p><p>Den parlamentariska landsbygdskommittén berör det här området i sitt betänkande om kulturaktiviteter. Detta har nu varit på remiss i hela landet. Vi bereder de här frågorna i Regeringskansliet. Jag kan inte i dag ge några löften om ytterligare stöd.</p><p>I dag finns det ett grundstöd för föreningarna, och det finns också ett investeringsstöd när man vill göra förbättringar i samlingslokalerna. I vilket fall som helst är de mycket viktiga för landsbygdens utveckling.</p>",
    "intressent_id": "0781357446917",
    "rel_dok_id": "H4C120170427fs",
    "replik": "N",
    "systemdatum": "2017-05-18 13:18:57"
  }
}