﻿{
  "anforande": {
    "dok_hangar_id": "4546972",
    "dok_id": "H40910",
    "dok_titel": "Protokoll 2016/17:10 Onsdagen den 28 september",
    "dok_rm": "2016/17",
    "dok_nummer": "10",
    "dok_datum": "2016-09-28 00:00:00",
    "avsnittsrubrik": "Fler elever i fler skolor",
    "underrubrik": null,
    "kammaraktivitet": "ärendedebatt",
    "anforande_id": "20d5f233-e195-e611-9441-00262d0d7125",
    "anforande_nummer": "24",
    "talare": "Elisabet Knutsson (MP)",
    "parti": "MP",
    "anforandetext": "<p>Herr talman! Att ge alla elever en god start i livet är att erbjuda dem en bra och välfungerande skola. Utan en sådan är möjligheterna att lyckas ganska små. Regeringen har därför gjort stora satsningar på skolan för ökad kvalitet, bland annat genom fler pedagoger i klasserna. Regeringen satsar också på att göra läraryrket mer attraktivt för att fler ska välja att bli lärare och inte minst för att försöka få tillbaka dem som har lämnat läraryrket och som så väl behövs i våra skolor. </p><p>Propositionen som ligger till grund för detta betänkande syftar till att ge friskolor större möjlighet att ta emot elever som har bott i Sverige kortare tid än två år, det vill säga så kort tid att de inte har haft möjlighet att ställa sig i kö. Förslaget välkomnas av Friskolornas riksförbund, Idéburna skolors riksförbund och Kunskapsskolan. Friskolornas riksförbund har länge efterfrågat en ändring av lagstiftningen för att fler skolor ska kunna vara med och ta en del av ansvaret. </p><p>Herr talman! Med den lagstiftning som finns i dag är det jättesvårt för friskolor med kö och anmälningstid som urvalsgrund att ta emot elever som nyligen kommit till Sverige. Denna lag kommer att ge friskolorna möjlighet att göra det. De friskolor som inte har någon kö kan redan i dag bereda plats för de elever som kommit hit, och de gör så i hög grad. Men vi vet att även många fristående skolor med kö gärna vill vara med och dela på ansvaret och ge fler elever som kommit till Sverige möjlighet att gå i dessa skolor. </p><p>Det är ett viktigt steg framåt att fler skolor tar emot fler elever. Det ökar möjligheten till likvärdig tillgång till utbildning även för dessa elever. I den värsta flyktingkatastrofen sedan andra världskriget måste vi säkerställa att alla skolor som vill också har möjlighet att hjälpa till. Propositionen föreslår att en huvudman för en fristående förskola, grundskola eller grundsärskola som använder anmälningstid som urvalsgrund bör kunna ta emot en särskild kvot elever som ges företräde framför övriga sökande. Det handlar om att bäst utnyttja skolväsendets alla resurser. </p><p> STYLEREF Kantrubrik \\* MERGEFORMAT Fler elever i fler skolor</p><p>Denna kvot bör avse elever som varit bosatta i Sverige kortare tid än två år före starten av det aktuella läsåret och som därmed inte haft möjlighet att ställa sig i kön. Utredningen om utbildning för nyanlända föreslog en kvot som bör vara på 5 procent av det totala elevantalet, vilket också är betänkandets intention. De kommunala skolorna har redan ansvaret att ta emot nyanlända, och det är fantastiskt att det nu är så många fristående skolor som vill - och får möjlighet att - dela det ansvaret. </p><p>Mer kan dock behöva göras i fler skolor. Många kommuner arbetar redan för att fler skolor ska kunna vara med och dela på ansvaret. Kommunerna är skyldiga att efter anvisning ta emot nyanlända för bosättning, och detta är ett sätt att förbättra nyanländas etablering på arbetsmarknaden och i samhällslivet. </p><p>Det finns anledning för kommuner att lära av varandra och ta vara på de goda exempel som finns runt om i landet. För att underlätta detta arbetar regeringen vidare på att uppfylla resterande delar av migrationsöverenskommelsen, exempelvis vad gäller att kommuner i högre grad ska kunna placera elever i andra skolor än de närliggande. Syftet är att bättre använda skolväsendets samlade resurser och därigenom ytterst främja huvudmännens förutsättningar att nå skollagens fastslagna mål. </p><p>Med detta yrkar jag bifall till förslaget i betänkandet och avslag på motionerna.</p><p>(Applåder) </p>",
    "intressent_id": "0716036604716",
    "rel_dok_id": "H401UbU3",
    "replik": "N",
    "systemdatum": "2016-10-19 11:49:05"
  }
}