﻿{
  "anforande": {
    "dok_hangar_id": "4702552",
    "dok_id": "H409100",
    "dok_titel": "Protokoll 2016/17:100 Onsdagen den 26 april",
    "dok_rm": "2016/17",
    "dok_nummer": "100",
    "dok_datum": "2017-04-26 00:00:00",
    "avsnittsrubrik": "Bostadspolitik och Planering och byggande",
    "underrubrik": null,
    "kammaraktivitet": "ärendedebatt",
    "anforande_id": "32a891a8-413a-e711-9452-00262d0d0c40",
    "anforande_nummer": "70",
    "talare": "Ewa Thalén Finné (M)",
    "parti": "M",
    "anforandetext": "<p>Fru ålderspresident! Jag ska börja med kommentaren om att regeringen inte gör något. Som jag konstaterade från talarstolen fick vi inom bostadspolitikens område med den tidigare bostadsministern <em>en</em> proposition till Sveriges riksdag under två och ett halvt år, om jag räknar bort budgetpropositionerna. Det är kanske inte så mycket att yvas över.</p><p>Som jag sa har, sedan vi hade samtalen, bostadsministern ändå tagit fram 22-punktslistan, och man jobbar med den. Men det som jag tycker är tragiskt är att det tar evinnerligt långt tid. Många utredningar har tillsatts 2017. Den här listan presenterade ni i juni 2016. Det har gått ett halvår.</p><p>Sedan lyfte Lars Eriksson fram att det är kö för att få investeringsbidrag. Självklart är det så. Jag har aldrig varit med om att man, när staten ger ut lite av skattebetalarnas pengar, säger nej. Kan man få gratis pengar tackar man ja till det. Det är inte förvånande, tycker jag.</p><p>I Lund kunde man sänka hyran med 12 procent - fine. Men jag tror att det på lång sikt är skadligt att man hela tiden dopar en marknad som fungerar väldigt dåligt.</p>",
    "intressent_id": "0714579775816",
    "rel_dok_id": "H401CU14, H401CU15",
    "replik": "Y",
    "systemdatum": "2017-05-16 16:12:53"
  }
}