﻿{
  "anforande": {
    "dok_hangar_id": "4703370",
    "dok_id": "H409101",
    "dok_titel": "Protokoll 2016/17:101 Torsdagen den 27 april",
    "dok_rm": "2016/17",
    "dok_nummer": "101",
    "dok_datum": "2017-04-27 00:00:00",
    "avsnittsrubrik": "Frågestund",
    "underrubrik": "Tiggeriförbud",
    "kammaraktivitet": "frågestund",
    "anforande_id": "0d7aecae-bb3b-e711-9452-00262d0d0c40",
    "anforande_nummer": "83",
    "talare": "Statsrådet Isabella Lövin (MP)",
    "parti": "MP",
    "anforandetext": "<p>Fru talman! Det parti i Sverige som inte ingår i någon politisk uppgörelse ska inte stå här och betygsätta det parti som sitter i regering.</p><p>Vi har tagit ett mycket stort ansvar i en svår tid. Det finns problem, och de kan inte åtgärdas genom att stänga gränser eller brännmärka människor på grund av deras nationella eller etniska ursprung - som Sverigedemokraterna vill. Det är de fyrkantiga hål och fyrkantiga klossar Adam Marttinen talar om.</p>",
    "intressent_id": "0911490574010",
    "rel_dok_id": "H4C120170427fs",
    "replik": "N",
    "systemdatum": "2017-05-18 13:18:58"
  }
}