﻿{
  "anforande": {
    "dok_hangar_id": "4702552",
    "dok_id": "H409100",
    "dok_titel": "Protokoll 2016/17:100 Onsdagen den 26 april",
    "dok_rm": "2016/17",
    "dok_nummer": "100",
    "dok_datum": "2017-04-26 00:00:00",
    "avsnittsrubrik": "Nya utstationeringsregler",
    "underrubrik": null,
    "kammaraktivitet": "ärendedebatt",
    "anforande_id": "fba791a8-413a-e711-9452-00262d0d0c40",
    "anforande_nummer": "22",
    "talare": "Annika Qarlsson (C)",
    "parti": "C",
    "anforandetext": "<p>Herr ålderspresident! Det är intressant att lyssna på argumentet att det i dag inte skulle finnas verktyg eller möjlighet att följa upp detta. I en av de delar som fanns med i förslaget till lex Laval framgick tydligt att man skulle ha möjlighet att följa upp och ställa krav på att de avtal och villkor som företaget har med sig hemifrån följs.</p><p>Många av de bekymmer som finns på arbetsmarknaden är inte kopplade till detta, utan de rör andra områden. En del av kritiken handlar om att den här lagstiftningen är väldigt långtgående men inte kommer åt dessa andra typer av bekymmer.</p><p> STYLEREF Kantrubrik \\* MERGEFORMAT Nya utstationerings-regler</p><p>Inom lex Laval finns möjligheten och verktygen för att kräva att de bestämmelser som man uppger ska gälla faktiskt också gäller, och det går att fundera på varför detta inte har gjorts.</p><p>I den utredning som jag ingick i, som är en del av underlaget till detta förslag, var de deltagande juristerna tydliga med att verktygen finns men att man valt att inte använda dem.</p><p>Vilka är argumenten när det gäller denna del? Varför har man inte tidigare använt dessa verktyg?</p><p>Den som har avtal med sig från sitt eget hemland måste nu även teckna avtal med dessa villkor. Detta är något av ett avsteg från den svenska modellen, som handlat om att den som har avtal är skyddad av det avtalet.</p>",
    "intressent_id": "0962841101917",
    "rel_dok_id": "H401AU9",
    "replik": "Y",
    "systemdatum": "2017-05-16 16:12:45"
  }
}