﻿{
  "anforande": {
    "dok_hangar_id": "4703370",
    "dok_id": "H409101",
    "dok_titel": "Protokoll 2016/17:101 Torsdagen den 27 april",
    "dok_rm": "2016/17",
    "dok_nummer": "101",
    "dok_datum": "2017-04-27 00:00:00",
    "avsnittsrubrik": "Väg- och fordonsfrågor",
    "underrubrik": null,
    "kammaraktivitet": "ärendedebatt",
    "anforande_id": "677aecae-bb3b-e711-9452-00262d0d0c40",
    "anforande_nummer": "167",
    "talare": "Leif Pettersson (S)",
    "parti": "S",
    "anforandetext": "<p>Fru ålderspresident! Det blir lite märkligt, det där: Om vi inte tillåter 74 ton på alla vägar, överallt och hela tiden, kan vi alltså inte transportera något på lastbil alls. Ja, riktigt så är det kanske ingen som har sagt. </p><p>Huvuddelen av transporterna går i dag på lastbil, precis som Emma Wallrup sa. Vi vet alla att det är på det viset. Det handlar inte om att gynna eller missgynna något visst transportslag, utan det handlar om hur marknaden vill transportera sina varor. </p><p>I dag finns det en medvetenhet om att vi inte kan leva på den här jorden flera gånger om, utan vi måste begränsa resursanvändningen. Då måste vi vara överens om att vi inte kan vidta åtgärder som bara förstärker detta rätt av.</p><p>Jag tror att det fortfarande finns många fler vägar som vi framöver ska öppna för 74 ton. Så är det. </p><p>I det här sammanhanget kan det också vara bra att diskutera lite om biobränslen, som ju Lars Tysklind var inne på. Det är utmärkt, men det finns en begränsning i det. Det finns inte hur mycket biobränsle som helst. Det ska användas till flyg, till tunga lastbilar, till personbilar och till vad sjutton som helst. Samtidigt kan samma skogsråvara också användas till en massa andra bra saker. Där finns en begränsning. Vi måste diskutera vilket behov som ska gå först när det gäller biobränslen. För mig är det tunga fordon.</p>",
    "intressent_id": "0365797008114",
    "rel_dok_id": "H401TU14",
    "replik": "Y",
    "systemdatum": "2017-05-18 13:19:09"
  }
}