﻿{
  "anforande": {
    "dok_hangar_id": "4703370",
    "dok_id": "H409101",
    "dok_titel": "Protokoll 2016/17:101 Torsdagen den 27 april",
    "dok_rm": "2016/17",
    "dok_nummer": "101",
    "dok_datum": "2017-04-27 00:00:00",
    "avsnittsrubrik": "Frågestund",
    "underrubrik": "Stöd till samlingslokaler på landsbygden",
    "kammaraktivitet": "frågestund",
    "anforande_id": "e179ecae-bb3b-e711-9452-00262d0d0c40",
    "anforande_nummer": "39",
    "talare": "Statsrådet Sven-Erik Bucht (S)",
    "parti": "S",
    "anforandetext": "<p>Fru talman! Som jag sa inledningsvis känner jag till vikten av att den här typen av lokaler finns på svensk landsbygd. Men jag vill inte föregripa den beredning som nu sker i Regeringskansliet med anledning av de många remissvar som har kommit in. Detta har kanske inte direkt berörts av den parlamentariska landsbygdskommittén, men man berör vikten av det civila samhällets möjligheter att verka på svensk landsbygd.</p>",
    "intressent_id": "0781357446917",
    "rel_dok_id": "H4C120170427fs",
    "replik": "N",
    "systemdatum": "2017-05-18 13:18:57"
  }
}