﻿{
  "anforande": {
    "dok_hangar_id": "4703370",
    "dok_id": "H409101",
    "dok_titel": "Protokoll 2016/17:101 Torsdagen den 27 april",
    "dok_rm": "2016/17",
    "dok_nummer": "101",
    "dok_datum": "2017-04-27 00:00:00",
    "avsnittsrubrik": "Fiskeripolitik",
    "underrubrik": null,
    "kammaraktivitet": "ärendedebatt",
    "anforande_id": "997aecae-bb3b-e711-9452-00262d0d0c40",
    "anforande_nummer": "215",
    "talare": "Marianne Pettersson (S)",
    "parti": "S",
    "anforandetext": "<p>Fru ålderspresident! I vårt kongressbeslut står att vi ska verka för ett trålningsförbud, och det har vi redan i dag i den del av havet där Sverige har eget bestämmande.</p><p>Det är viktigt att vi fortsätter att stödja det småskaliga fisket, och här är en utveckling av passiva redskap och alternativa redskap jätteviktigt.</p><p>När det gäller fiske i vatten där Sverige genom bilaterala avtal har reglerat fiske behöver dock diskussionen tas med andra länder. Där kan vi inte själva ensidigt bestämma. Där måste vi i så fall föra förhandlingar med dessa länder. Ett ensidigt svenskt fiskeförbud där är inte meningsfullt och kanske inte ens lagligt.</p>",
    "intressent_id": "0341628241813",
    "rel_dok_id": "H401MJU14",
    "replik": "Y",
    "systemdatum": "2017-05-18 13:19:12"
  }
}