﻿{
  "anforande": {
    "dok_hangar_id": "4702552",
    "dok_id": "H409100",
    "dok_titel": "Protokoll 2016/17:100 Onsdagen den 26 april",
    "dok_rm": "2016/17",
    "dok_nummer": "100",
    "dok_datum": "2017-04-26 00:00:00",
    "avsnittsrubrik": "Arbetsmiljö och arbetstid ",
    "underrubrik": null,
    "kammaraktivitet": "ärendedebatt",
    "anforande_id": "17a891a8-413a-e711-9452-00262d0d0c40",
    "anforande_nummer": "49",
    "talare": "Erik Andersson (M)",
    "parti": "M",
    "anforandetext": "<p>Fru talman! Var ska man börja? Det parti som första gången använde sig av Sverigedemokraterna i Sveriges riksdag var Socialdemokraterna under alliansåren. Ni såg med hjälp av Sverigedemokraterna till att 100 000 löntagare fick höjd skatt, Magnus Manhammar. Är du rasist för det? Nej, jag skulle inte tro det.</p><p>Om Sverigedemokraterna, Centerpartiet, Liberalerna eller andra partier röstar på ett förslag från Moderaterna, gör det mig till en sämre människa? Nej, jag skulle inte tro det heller. Jag vet att Vänsterpartiet säkert har röstat på Moderaternas någon gång tidigare, men jag känner mig inte som en sämre människa för det.</p><p>I en demokrati respekterar man alla på ett likvärdigt sätt. Alla partier här är invalda i Sveriges riksdag. Vi samarbetar inte med Vänstern, för det är skadligt för landet, och vi skulle inte heller budgetsamarbeta med Sverigedemokraterna. Men att tala med alla tillhör vanlig god ton och vanligt hyfs. Att du inte fick lära dig det i skolan en gång i tiden!</p><p>Låt oss se på resultatet. Vad har hänt i Sverige när det gäller neddragningarna på Arbetsmiljöverket? Antalet arbetsplatsolyckor, sjukskrivningar och arbetssjukdomar per 1 000 invånare har ju minskat sedan 2006. De ökade något 2009, men sedan har det varit en kraftig ökning 2014. Att man tog bort pengar för att man ville effektivisera Arbetsmiljöverket har alltså inte givit något större resultat på hälsan hos dem som arbetar. Statistiken visar ju på en minskning.</p><p>Tidigare gjorde inspektörerna fler tillsynsuppdrag än i dag. Inspektörerna blev effektivare. Men sedan 2009 har alliansregeringen ökat medlen till Arbetsmiljöverket, och nu lägger vi mer än Socialdemokraterna.</p>",
    "intressent_id": "0480085646428",
    "rel_dok_id": "H401AU10",
    "replik": "Y",
    "systemdatum": "2017-05-16 16:12:46"
  }
}