﻿{
  "anforande": {
    "dok_hangar_id": "4703370",
    "dok_id": "H409101",
    "dok_titel": "Protokoll 2016/17:101 Torsdagen den 27 april",
    "dok_rm": "2016/17",
    "dok_nummer": "101",
    "dok_datum": "2017-04-27 00:00:00",
    "avsnittsrubrik": "Väg- och fordonsfrågor",
    "underrubrik": null,
    "kammaraktivitet": "ärendedebatt",
    "anforande_id": "4b7aecae-bb3b-e711-9452-00262d0d0c40",
    "anforande_nummer": "139",
    "talare": "Leif Pettersson (S)",
    "parti": "S",
    "anforandetext": "<p>Herr ålderspresident! Fel svar, Sten Bergheden. Noll hade varit rätt svar på bägge frågorna. Alliansen fattade inte ett enda beslut om en enda kilometer väg under er tid i regeringsställning. Det är vad ni gjorde.</p><p>Ni åstadkom möjligen en utredning, men som med alla andra utredningar är det inte säkert att den har lett någonstans. Den var slarvigt gjord, och det fanns ingenting att använda. Det är kännetecknande för hela den borgerliga tiden i regeringsställning. Ingenting var bra, och ingenting kom ut som kunde användas.</p><p>Ni duckade helt enkelt. ETT-försöket pågick under flera år. Regeringen fick rapporter om vad som hände. Vad sa man? Ingenting. Man gjorde ingenting. Ni läste Catharina Elmsäter-Svärds kommentarer: Jag har tagit emot utredningen. Tack så mycket! Det var ingenting annat.</p><p>Sedan var det frågan om alkobommarna. Svaret från Catharina Elmsäter-Svärd: Det är för dyrt, och vi kan inte ge oss in på det. Tack för försöket i Göteborg! Det var hennes svar på den frågan.</p><p>När Moderaterna är i opposition trivs ni bäst, och där ska ni vara. Då kommer förslagen om alkobommar, vägar, 74 ton och så vidare. Det är bra. Visst! Heja på oss när vi genomför saker och ting som är bra. Men, Sten Bergheden, stå inte där och påstå att ni skulle ha gjort detta mycket bättre. Ni har gjort precis ingenting i dessa frågor.</p><p>Se på klampningseländet som ni drog igång precis innan ni tappade regeringsmakten. Vad blev det av det? Ja, det är något som vi måste göra om. Vi skulle egentligen inte ha släppt igenom propositionen. Vi var kanske lite för snälla. Vi skulle ha tagit om och gjort rätt, så att det hade blivit fråga om mer än 24 timmar och inte som det är nu. Men det var typiskt för alliansregeringens sätt att jobba.</p><p>(Applåder) </p>",
    "intressent_id": "0365797008114",
    "rel_dok_id": "H401TU14",
    "replik": "Y",
    "systemdatum": "2017-05-18 13:19:08"
  }
}