﻿{
  "anforande": {
    "dok_hangar_id": "4702552",
    "dok_id": "H409100",
    "dok_titel": "Protokoll 2016/17:100 Onsdagen den 26 april",
    "dok_rm": "2016/17",
    "dok_nummer": "100",
    "dok_datum": "2017-04-26 00:00:00",
    "avsnittsrubrik": "Arbetsmiljö och arbetstid ",
    "underrubrik": null,
    "kammaraktivitet": "ärendedebatt",
    "anforande_id": "1ba891a8-413a-e711-9452-00262d0d0c40",
    "anforande_nummer": "53",
    "talare": "Erik Andersson (M)",
    "parti": "M",
    "anforandetext": "<p>Fru talman! Jag vet inte om jag uppfattade din fråga helt och hållet, Ali Esbati, men om man ser till vad som sticker ut på arbetsmarknaden kan man konstatera att kvinnors sjukskrivningar börjar öka, och det är den psykosociala arbetsmiljön som har blivit allt viktigare. Psykiska sjukdomar är den vanligaste sjukskrivningsorsaken. Detta måste vi göra något åt. Här har Moderaterna också förslag.</p><p>Vi vill förkorta tiden när man väl har hamnat i sjukskrivning, och det ska prövas om man kan göra något annat på sitt arbete eller prövas mot hela arbetsmarknaden, för vi tror - och det visar också undersökningar - att det är bättre om man har en god kontakt mellan arbetsgivaren och den som är sjukskriven för att se om man kan lösa problemet, så att personen kan återgå i arbete. Det är det absolut viktigaste. Men vi vill helst inte att man ska hamna där.</p><p>Vad kan man då göra för att råda bot på att ett antal arbetsgivare, främst offentliga arbetsgivare, visar väldigt höga sjuktal? Vi vill rikta särskilda insatser mot de arbetsgivarna och införa sanktioner. Det handlar om att komma till rätta med problemet och se till att de kan bli en bättre organisation, så att folk väljer att stanna kvar.</p><p>Fru talman! Jag har själv varit verksam i Täby norr om Stockholm, där jag var ordförande i stadsbyggnadsnämnden och socialnämnden. Under den tid jag jobbade där kunde jag se att de borgerliga kommunerna överlag hade bättre sjukskrivningstal än de röda kommunerna. Jag kan ta Täby som ett exempel på en kommun där kvinnorna tjänar mycket mer än männen. Det är alltså ojämställt på andra sättet, om man ser till dem som är anställda av kommunen. Den kommun som är mest jämställd är Solna, där kvinnor och män tjänar precis lika mycket. </p>",
    "intressent_id": "0480085646428",
    "rel_dok_id": "H401AU10",
    "replik": "Y",
    "systemdatum": "2017-05-16 16:12:46"
  }
}