﻿{
  "anforande": {
    "dok_hangar_id": "4702552",
    "dok_id": "H409100",
    "dok_titel": "Protokoll 2016/17:100 Onsdagen den 26 april",
    "dok_rm": "2016/17",
    "dok_nummer": "100",
    "dok_datum": "2017-04-26 00:00:00",
    "avsnittsrubrik": "Bostadspolitik och Planering och byggande",
    "underrubrik": null,
    "kammaraktivitet": "ärendedebatt",
    "anforande_id": "33a891a8-413a-e711-9452-00262d0d0c40",
    "anforande_nummer": "71",
    "talare": "Lars Eriksson (S)",
    "parti": "S",
    "anforandetext": "<p>Fru ålderspresident! I ett läge med en stor bostadsbrist, med många som söker bostad och med många som försöker att komma in på bostadsmarknaden, behöver staten använda sitt manöverutrymme för att försöka stimulera byggandet av sådant som det finns behov av och som annars inte skulle bli byggt. Då pratar jag inte minst om hyresrätter för ensamstående, ungdomar och studenter.</p><p>Ewa Thalén Finné pekar på att det i något fall har tagit ett halvår. Men jag kommer ihåg att den proposition som ni lade fram för riksdagen om fler bostäder för unga och studenter lade ni fram år sju av era åtta år i regeringen. Då kom förslaget om fler bostäder för unga och studenter. Då handlade det om att lätta på sådana regler som att hissar skulle gå upp till vinden. Det var det som var det stora förslaget.</p><p> STYLEREF Kantrubrik \\* MERGEFORMAT Bostadspolitik och Planering och byggande</p><p>Att säga att det tar några månader för den här regeringen att få fram förslag haltar faktiskt lite. Det finns nu bolag som är beredda att bygga med investeringsstödet som kan visa att de bygger på ett sätt som gör det möjligt för dem med lägre inkomster att hyra. Men detta tänker ni ta bort till hösten.</p><p>Jag vet inte om jag uppfattade det som att ni tänker göra det. Det finns lite olika förslag inom Alliansen, men huvudspåret är i alla fall att investeringsbidraget ska tas bort.</p>",
    "intressent_id": "0988383147219",
    "rel_dok_id": "H401CU14, H401CU15",
    "replik": "Y",
    "systemdatum": "2017-05-16 16:12:53"
  }
}