﻿{
  "anforande": {
    "dok_hangar_id": "4703370",
    "dok_id": "H409101",
    "dok_titel": "Protokoll 2016/17:101 Torsdagen den 27 april",
    "dok_rm": "2016/17",
    "dok_nummer": "101",
    "dok_datum": "2017-04-27 00:00:00",
    "avsnittsrubrik": "(forts. från § 11) Tillgång till betalkonto med grundläggande funktioner (forts. FiU33)",
    "underrubrik": null,
    "kammaraktivitet": null,
    "anforande_id": "437aecae-bb3b-e711-9452-00262d0d0c40",
    "anforande_nummer": "132",
    "talare": "Emil Källström (C)",
    "parti": "C",
    "anforandetext": "<p>Herr ålderspresident! Jag tror också att det kommer att bli svårt att hinna till den 1 juni.</p><p>För alla som kanske inte är insatta i alla detaljer i Riksbanksutredningen handlar det om att vi före valet måste lägga fram förslag som har bäring på grundlagsändringar. Om vi har det måste första beslutet fattas före valet. Det kan bli svårt att hinna, och det beror helt och hållet på att det har tagit väldigt lång tid att få igång utredningen efter fattat beslut. Vi bestämde att utredningen skulle tillsättas för ungefär ett år sedan. Jag vet inte vad regeringen har gjort under tiden. Kanske har de fikat med storbankerna; vem vet?</p><p></p><p>Som tur är kommer det mer tid hela tiden, vilket ger oss tid att lösa den här frågan. Men det får inte ta för mycket tid.</p>",
    "intressent_id": "0313210809828",
    "rel_dok_id": null,
    "replik": "Y",
    "systemdatum": "2017-05-18 13:19:08"
  }
}