﻿{
  "anforande": {
    "dok_hangar_id": "4702552",
    "dok_id": "H409100",
    "dok_titel": "Protokoll 2016/17:100 Onsdagen den 26 april",
    "dok_rm": "2016/17",
    "dok_nummer": "100",
    "dok_datum": "2017-04-26 00:00:00",
    "avsnittsrubrik": "Straffskalorna för vissa allvarliga våldsbrott",
    "underrubrik": null,
    "kammaraktivitet": "ärendedebatt",
    "anforande_id": "29a891a8-413a-e711-9452-00262d0d0c40",
    "anforande_nummer": "63",
    "talare": "Annika Hirvonen Falk (MP)",
    "parti": "MP",
    "anforandetext": "<p>Fru ålderspresident! Jag tror att Anti Avsan lite grann förenklar sin minnesbild av våra tidigare debatter. Det som jag kan minnas och som jag tycker är viktigt att betona även i detta sammanhang är att skärpta straff inte allmänt är en prevention mot brott. Det finns till exempel ingenting som tyder på att en gärningsman i valet mellan om han ska slå sin fru eller inte överväger hur långt fängelsestraffet eventuellt skulle kunna bli. Där upplever jag att debatten tidigare faktiskt handlat mycket om just argumentet att hårdare straff innebär att färre människor begår brott. Därmed inte sagt att det inte kan ha en betydelse. </p><p> STYLEREF Kantrubrik \\* MERGEFORMAT Straffskalorna för vissa allvarliga våldsbrott</p><p>Vi vet till exempel att mycket korta fängelsestraff inte ger kriminalvården tillräckliga förutsättningar att arbeta med de dömda vad gäller att motverka återfall i brott. </p><p>Som Anti Avsan själv påpekade är det för de individer som döms till detta straff och sitter inne ytterligare några månader naturligtvis några månader som de eventuellt inte återfaller i brott. </p><p>Men om man verkligen vill förebygga brottslighet är det en helt annan typ av åtgärder som krävs, och det har den tidigare borgerliga regeringen bortsett från. </p><p>Den sittande regeringen, som mitt parti ingår i, har antagit det första brottsförebyggande programmet på 20 år. Den typen av insatser spelar roll. Regeringen har satsat på skolor i utsatta områden. Den typen av åtgärder spelar roll. Regeringen har sett till att arbetslösheten sjunker. Den typen av åtgärder spelar roll för att minska brottsligheten. </p>",
    "intressent_id": "0819601620927",
    "rel_dok_id": "H401JuU14",
    "replik": "Y",
    "systemdatum": "2017-05-16 16:12:50"
  }
}