﻿{
  "anforande": {
    "dok_hangar_id": "4702552",
    "dok_id": "H409100",
    "dok_titel": "Protokoll 2016/17:100 Onsdagen den 26 april",
    "dok_rm": "2016/17",
    "dok_nummer": "100",
    "dok_datum": "2017-04-26 00:00:00",
    "avsnittsrubrik": "Arbetsmiljö och arbetstid ",
    "underrubrik": null,
    "kammaraktivitet": "ärendedebatt",
    "anforande_id": "0ca891a8-413a-e711-9452-00262d0d0c40",
    "anforande_nummer": "38",
    "talare": "Désirée Pethrus (KD)",
    "parti": "KD",
    "anforandetext": "<p>Fru talman! Jag vill börja med att yrka bifall till Kristdemokraternas reservation 1.</p><p>Tanken med arbetsmiljöarbetet är att det ska förebygga ohälsa och olycksfall samt motverka att människor utestängs från arbete. I många jobb är det stressen som är orsaken till det ökade antalet sjukskrivningar. Många är ständigt uppkopplade mot jobbet, och det blir ingen möjlighet till återhämtning.</p><p> STYLEREF Kantrubrik \\* MERGEFORMAT Arbetsmiljö och arbetstid</p><p>Inom vården är det i stället ofta tunga lyft men också stress och jobbiga arbetspass som är orsaken till sjukskrivning. Ofta måste personalen i vården också hantera en stor administrativ börda med dokumentation av olika slag och där det krävs mer av it-lösningar för att underlätta arbetet. Vi kristdemokrater anser att regeringen bör initiera en kartläggning och nationell åtgärdsplan för att komma till rätta med vårdpersonalens administrativa börda och dess påverkan på arbetsmiljön.</p><p>Fru talman! Många företag arbetar bra med det systematiska arbetsmiljöarbete som lagen kräver genom att genomföra årlig kontroll av arbetsmiljön och de facto också åtgärda de brister som finns. De samverkar med parterna på arbetsplatsen, skyddsombud men också utomstående aktörer i rehabiliteringsärenden som Försäkringskassan och företagshälsovård.</p><p>Regeringspartierna gör, och har ofta också haft som vallöfte, miljonsatsningar på Arbetsmiljöverket i syfte att öka inspektionerna ute på arbetsplatser. Med sina satsningar på miljontals kronor ökar man andelen besök från 3,4 till 3,5 procent av alla arbetsplatser. Det visar att vi knappast kan anslå resurser som når alla arbetsplatser. Då borde regeringen förstå att dessa miljoner kanske kan sättas in på ett mer effektivt sätt.</p><p>Vi från Kristdemokraterna har ett jättebra förslag. Vi tycker att man behöver utveckla interaktiva instrument. Vi föreslår i en av våra reservationer att man utreder förutsättningarna för att införa ett system med arbetsmiljödeklarationer där arbetsgivare och arbetstagare tillsammans tar fram hur de ska se ut. Precis som med skattedeklarationer ska de skickas in. Jag tror att man måste tänka på lite mer moderna sätt att arbeta för att granska arbetsmiljöarbetet och att få alla med på banan.</p><p>Fru talman! Att förhindra dödsolyckor i arbetet är naturligtvis prioriterat. Arbetsmiljöverket har en viktig roll att göra nedslag på arbetsplatser och arbeta förebyggande. Att människor dör på sin arbetsplats är aldrig acceptabelt. Vi ska förstås fortsätta att ha en tydlig nollvision vad gäller dödsolyckor i arbetslivet. Arbetsmiljöverket ska ha resurser för att komma och göra kontroller.</p><p>När det gäller antalet dödsolyckor i arbetslivet har det minskat dramatiskt de senaste decennierna. Men vi ser att det ökar när byggandet och infrastruktursatsningar ökar. Det finns nu en risk när vi ökar inom byggnadssektorn. Den ökade användningen av utländska underentreprenörer är en naturlig del av den fria rörligheten inom EU. Men det får inte innebära att olyckor drabbar denna grupp av personer på grund av bristfällig information. Den som ansvarar för arbetsmiljön måste se till att få fram information på språk som alla på byggarbetsplatsen förstår.</p><p>Nu ser vi oroande tecken på ett ökande antal sjukskrivningar. Vi kommer ihåg att det under den tidigare socialdemokratiska regeringen förtidspensionerades 140 personer varje dag i Sverige. Det var en utslagning av människor som vi inte har råd att gå tillbaka till. Vi ser nu återigen med Socialdemokraterna vid rodret att alla kurvor pekar i fel riktning och att sjukskrivningarna ökar dramatiskt. Här krävs det nu ett brett angreppssätt för att komma till rätta med den negativa utvecklingen.</p><p>Mellan 2015 och 2016 har kvinnors ohälsotal och frånvaro ökat med 1 dag medan männens har ökat med 0,4 dagar. Det finns många olika orsaker till att kvinnor i större utsträckning än män drabbas av arbetsskador. Sedan 1980-talet har kvinnor haft högre sjukfrånvaro än män, och skillnaderna fortsätter att öka. Yrken med ökad risk för sjukskrivning framträder inom skola, vård och omsorg - områden inom vilka kvinnor är dominerande. Vi kristdemokrater anser att Arbetsmiljöverket bör utveckla verktyg för arbetsgivare i syfte att kartlägga hur kvinnor och män i olika grad exponeras på arbetsplatsen för riskfaktorer som leder till sjukskrivning.</p><p> STYLEREF Kantrubrik \\* MERGEFORMAT Arbetsmiljö och arbetstid</p><p>Fru talman! Jag satt och tittade på fru talmannens stol - hur talmannen sitter. Om jag ska vara riktigt ärlig ser den inte ut att vara anpassad efter kvinnor. Detta är en typisk sådan sak. Vad är det för verktyg vi har i arbetslivet? Är de anpassade till både kvinnor och män? Jag vet inte vad ni tycker, men jag tycker att det ser ut som att man måste ha en viss längd eller höjd för att passa i stolen, och det är en manshöjd. Så här kan vi inte ha det, fru talman. Här måste vi se till att man på arbetsplatserna ser på riskfaktorer utifrån kvinnors och mäns olika perspektiv.</p><p>Fru talman! En annan fråga är det dubbelarbete som många kvinnor fortfarande tar på sig. Det handlar om huvudansvaret för hem och familj samtidigt som kvinnor förvärvsarbetar. Det kan leda till ökad risk för sjukskrivning. Försäkringskassan efterlyser ytterligare studier för att verifiera och fördjupa kunskapen. De efterlyser ett arbetsliv som förmår att ta hänsyn till de särskilda villkor som följer med föräldraskap. Kristdemokraterna delar den analysen, och vi vill se mer forskning kring det moderna arbetslivets villkor och hur det påverkar möjligheten att kombinera arbete och familjeliv.</p><p>Under Alliansens tid vid makten gjordes satsningar på Arbetsmiljöverket för att bidra till att förbättra kvinnors arbetsmiljö. Här kan nämnas till exempel Alliansens uppdrag till Arbetsmiljöverket att genomföra kunskaps- och informationsinsatser för att främja jämställdhet och motverka hot och våld i arbetslivet. Vi tror att forskning på kvinnors hälsa bör ges särskilda medel och att man ska fortsätta att stödja forskning kring kvinnors ohälsa.</p><p>Fru talman! Hot och våld är någonting som är oerhört viktigt att förebygga ute på arbetsplatserna. Det är betydligt vanligare att kvinnor utsätts för hot och våld i arbetet än att män gör det. Arbetsmiljöverket fick under Alliansens tid vid makten särskilda medel för att arbeta förebyggande på detta område. Också detta arbete borde regeringen se till att fortsätta.</p><p>Mobbning och trakasserier ute på arbetsplatserna måste tas på allvar. Ingen ska känna obehag av att gå till jobbet. Arbetsgivaren har ett tydligt ansvar i arbetsmiljölagstiftningen och måste förebygga sådana situationer. Sådana negativa tendenser skadar inte bara den enskilde individen utan hela arbetsplatsen.</p><p>Fru talman! Avslutningsvis: Regeringspartierna sätter sitt hopp till en arbetsmiljöstrategi för ett modernt arbetsliv som man har tagit fram. Men dagens arbetsliv kräver mer flexibilitet och mer av arbetstagarna än tidigare. Arbetsuppgifterna förändras i allt snabbare takt, och social kompetens är en komponent som krävs alltmer i arbetslivet. Det kräver också att arbetsmiljöarbetet ute på arbetsplatserna anpassas till nya krav och utmaningar. Regeringen borde se över den ålderstigna arbetsrätten i syfte att bejaka behovet av ett mer flexibelt arbetsliv.</p><p>Fru talman! Med detta vill jag yrka bifall till reservation 1.</p><p> STYLEREF Kantrubrik \\* MERGEFORMAT Arbetsmiljö och arbetstid</p><p>(Applåder)</p>",
    "intressent_id": "0860429409414",
    "rel_dok_id": "H401AU10",
    "replik": "N",
    "systemdatum": "2017-05-16 16:12:46"
  }
}