﻿{
  "anforande": {
    "dok_hangar_id": "4706363",
    "dok_id": "H409103",
    "dok_titel": "Protokoll 2016/17:103 Tisdagen den 2 maj",
    "dok_rm": "2016/17",
    "dok_nummer": "103",
    "dok_datum": "2017-05-02 00:00:00",
    "avsnittsrubrik": "Svar på interpellation 2016/17:456 om ålfiske som kulturarv",
    "underrubrik": null,
    "kammaraktivitet": "interpellationsdebatt",
    "anforande_id": "f81f8197-5344-e711-9450-00262d0d7125",
    "anforande_nummer": "141",
    "talare": "Maria Malmer Stenergard (M)",
    "parti": "M",
    "anforandetext": "<p>Herr talman! Jag är mycket glad över att ministern tar avstånd från det som regeringen själv har skrivit i propositionen, nämligen att regeringen bedömer att det bör vara en utgångspunkt att man inte ska skapa värdehierarkier som graderar betydelsen av olika kulturarv. Det har tolkats av mig och av medierna på sistone som att regeringen väljer att avstå, eftersom man är rädd att skapa just värdehierarkier. Det är otroligt positivt att ministern nu tar avstånd från det. </p><p>Jag har stor förståelse för att man vill vara försiktig och att man inte vill till exempel lyssna till kortsiktiga intressen. Där är det ingen risk när det gäller ålakulturen, eftersom den har funnits sedan 1400-talet. Där är det minsann ingen kortsiktighet. </p><p> STYLEREF Kantrubrik \\* MERGEFORMAT Svar på interpellationer</p><p>Den risk som finns är att ålakulturen dör ut inom kort, och det är det som ministern har att ta ställning till och som till syvende och sist ligger på hennes bord och inte på någon experts råd.</p><p>Om man nu ska skynda så långsamt och lyssna till expertisen, vad är det då som är skillnaden när det gäller den nominering som man har gjort till metodlistan? Varför har man valt att lyfta fram Sagobygden från ministerns egen hembygd redan nu? </p><p>Jag hoppas att regeringen vågar skynda lite fortare i denna fråga, och jag hoppas verkligen att regeringen vågar ta ställning för ålafisket längs Hanöbukten. </p><p>Jag tackar för debatten och välkomnar varmt ministern till min och andre vice talmannens hembygd där vi har ålafisket. </p>",
    "intressent_id": "0572788110724",
    "rel_dok_id": "H410456",
    "replik": "N",
    "systemdatum": "2017-05-29 11:46:48"
  }
}