﻿{
  "anforande": {
    "dok_hangar_id": "4702552",
    "dok_id": "H409100",
    "dok_titel": "Protokoll 2016/17:100 Onsdagen den 26 april",
    "dok_rm": "2016/17",
    "dok_nummer": "100",
    "dok_datum": "2017-04-26 00:00:00",
    "avsnittsrubrik": "Bostadspolitik och Planering och byggande",
    "underrubrik": null,
    "kammaraktivitet": "ärendedebatt",
    "anforande_id": "46a891a8-413a-e711-9452-00262d0d0c40",
    "anforande_nummer": "90",
    "talare": "Lars Eriksson (S)",
    "parti": "S",
    "anforandetext": "<p>Fru ålderspresident! Ola Johansson slår vitt och brett men har väldigt få egna, konkreta förslag. Den här regeringen har ju presenterat förslag.</p><p>Jag vet inte vad det är för alternativa fakta, men det finns ju listor över de kommuner där man faktiskt har ansökt för att bygga studentbostäder. Jag räknade upp ett antal av dem.</p><p>Den tidigare regeringen lade fram en proposition, <em>Fler bostäder åt unga och studenter</em>, som handlade om lättnader för hiss och undantag från regeln om hiss upp till vindsvåningar. Det var den stora propositionen; ni gav den till och med ett färgomslag för att det skulle se ut som om den var handlingskraftig.</p><p>Det som här i kammaren lyftes fram som en stor reform var dessutom den som fick den tidigare ministerns namn, Attefallsreformen. För bara några år sedan stod alliansföreträdare här i talarstolen och sa att tiotusentals, kanske upp till 80 000, Attefallshus skulle byggas. Där skulle unga och studenter bosätta sig och börja sin bostadskarriär.</p><p> STYLEREF Kantrubrik \\* MERGEFORMAT Bostadspolitik och Planering och byggande</p><p>Det var den argumentationen ni hade, och frågan är hur det gick med detta. Blir det några Attefallshus, där de unga och studenterna ska sätta sina första bon? Skannar man igenom landet ser man att det finns lite mer att önska på den fronten.</p><p>Den här regeringen har ändå lagt fram ett förslag om ett investeringsstöd, som också ska gälla boende för unga och studenter. Jag har räknat upp ett antal kommuner, och jag kan också hänvisa till en lista över de kommuner som har ansökt om detta. Där framgår också om det ska gå till studentbostäder eller hyresrätter.</p><p>Jag tycker därför att den allmänt slängda retoriken från den gode Ola Johansson faktiskt är lite missriktad. Den här regeringen har sett dessa problem och, tycker jag, tar dem på allvar med åtgärder som verkar i nutid.</p>",
    "intressent_id": "0988383147219",
    "rel_dok_id": "H401CU14, H401CU15",
    "replik": "Y",
    "systemdatum": "2017-05-16 16:12:54"
  }
}