﻿{
  "anforande": {
    "dok_hangar_id": "4702552",
    "dok_id": "H409100",
    "dok_titel": "Protokoll 2016/17:100 Onsdagen den 26 april",
    "dok_rm": "2016/17",
    "dok_nummer": "100",
    "dok_datum": "2017-04-26 00:00:00",
    "avsnittsrubrik": "Policyramverk för svenskt utvecklingssamarbete och humanitärt bistånd",
    "underrubrik": null,
    "kammaraktivitet": "ärendedebatt",
    "anforande_id": "68a891a8-413a-e711-9452-00262d0d0c40",
    "anforande_nummer": "119",
    "talare": "Statsrådet Isabella Lövin (MP)",
    "parti": "MP",
    "anforandetext": "<p>Herr ålderspresident! Vi delar synen på prioriteringen att det är fattiga människors perspektiv på utvecklingen och fattigdomsbekämpning som är hela målet med biståndet.</p><p>De prioriteringar som vi lyfter fram är tydliga. Det är miljö och klimat, konfliktförebyggande och fredsbyggande och jämställdhet. Det är de tre viktiga stora strukturella utmaningar som vi ser att biståndet måste förhålla sig till och orientera sig omkring. Konflikter, klimatförändringar och strukturellt förtryck av 50 procent av jordens befolkning är det som är de omedelbara hindren för fattigdomsbekämpning och utveckling. Det är klart och tydligt uttryckt i denna skrivelse.</p><p>Dessutom framhåller vi naturligtvis demokrati och rättsstatens principer. Vi går också vidare med de framgångsrika samarbeten som Sverige har sedan lång tid när det gäller att till exempel stödja forskning och utvecklingsländer, hälsa och en rad andra områden. Men det kanske Margareta Cederfelt vill lägga ned i syfte att vara tydligare med prioriteringarna. Miljö, klimat, jämställdhet och konfliktförebyggande - de är väldigt tydliga.</p><p> STYLEREF Kantrubrik \\* MERGEFORMAT Policyramverk för svenskt utvecklings-samarbete och humanitärt bistånd</p><p>När det handlar om uppföljningen har resultatredovisningen inte ändrats över huvud taget utifrån ramverket. Vi kommer med ytterligare instrument som handlar om resultat i de enskilda strategierna där det finns resultat uttryckta. Det finns i budgetpropositionen, och riksdagen kan noggrant följa upp detta utifrån mycket tydligare redovisning än tidigare. Regeringen har gjort åtta tematiska områden i budgetpropositionen där vi redovisar mål, inriktning och utvecklingen mot strategimålen med illustrativa exempel och finansiella utfall per tematiskt område.</p><p>Det går att följa upp detta, och Sida gör liksom våra partner i de multilaterala organen årliga strategirapporter.</p>",
    "intressent_id": "0911490574010",
    "rel_dok_id": "H401UU11",
    "replik": "Y",
    "systemdatum": "2017-05-16 16:13:00"
  }
}