﻿{
  "anforande": {
    "dok_hangar_id": "4702552",
    "dok_id": "H409100",
    "dok_titel": "Protokoll 2016/17:100 Onsdagen den 26 april",
    "dok_rm": "2016/17",
    "dok_nummer": "100",
    "dok_datum": "2017-04-26 00:00:00",
    "avsnittsrubrik": "Bostadspolitik och Planering och byggande",
    "underrubrik": null,
    "kammaraktivitet": "ärendedebatt",
    "anforande_id": "3ea891a8-413a-e711-9452-00262d0d0c40",
    "anforande_nummer": "82",
    "talare": "Emma Hult (MP)",
    "parti": "MP",
    "anforandetext": "<p> STYLEREF Kantrubrik \\* MERGEFORMAT Bostadspolitik och Planering och byggande</p><p>Fru ålderspresident! Jag känner inte till detta domstolsbeslut, så jag har lite svårt att kommentera det. Men det är klart att även jag kan tycka att det är märkligt att man inte skulle kunna få bygga ett litet hus på sin fastighet.</p><p>Det jag vänder mig emot när Ewa Thalén Finné säger att man ska bygga på åkermarken handlar om dessa villamattor som rullas ut i i princip hela södra Skåne. Som ni hör, av min dialekt att döma, kommer även jag från södra Skåne - samma valkrets som Ewa Thalén Finné. Jag är uppväxt i Trelleborgs kommun. Där byggs det nu, tacknämligt nog, hyresrätter. Och det är inte på åkermark, utan mitt inne i staden på ett stort gammalt industriområde där det under många år inte har byggts utan bara stått still. Det finns mark att bygga på även i södra Skåne som inte är åkermark.</p><p>Framför allt finns det väldigt mycket mark i Skåne som just nu tillhör bilen. Det är någonting vi talar ganska lite om. Jag skulle gärna se en utveckling där vi undersöker hur vi ska ställa om städerna till att bli mindre bilberoende och rymma fler människor. Då kommer det också att frigöras en massa yta där vi kommer att kunna förtäta. Jag vill vända mig emot att det bara är åkermark som man kan bygga på i södra Skåne. Jag tycker att den inställningen är tråkig.</p><p>(Applåder)</p>",
    "intressent_id": "0628870165823",
    "rel_dok_id": "H401CU14, H401CU15",
    "replik": "Y",
    "systemdatum": "2017-05-16 16:12:54"
  }
}