﻿{
  "anforande": {
    "dok_hangar_id": "4546972",
    "dok_id": "H40910",
    "dok_titel": "Protokoll 2016/17:10 Onsdagen den 28 september",
    "dok_rm": "2016/17",
    "dok_nummer": "10",
    "dok_datum": "2016-09-28 00:00:00",
    "avsnittsrubrik": "Ett svenskt tonnagebeskattningssystem",
    "underrubrik": null,
    "kammaraktivitet": "ärendedebatt",
    "anforande_id": "2cd5f233-e195-e611-9441-00262d0d7125",
    "anforande_nummer": "35",
    "talare": "Rasmus Ling (MP)",
    "parti": "MP",
    "anforandetext": "<p>Fru talman! Miljöpartiet och regeringen har lagt fram flera förslag som har underlättat inte minst för fartygsverksamhet på vatten när vi i den budget som vi har lagt fram har sänkt bränsleskatterna för just detta.</p><p>Jag tycker att den kritik som kommer från Sverigedemokraterna är grund. Som jag sa i mitt anförande fanns inget av de förslag som Olle Felten från Sverigedemokraterna talar om i den budgetmotion som de lade fram. Det nyvakna intresset för frågan är förstås bra. Jag hade önskat att det också skulle ha gällt andra former av hållbara transporter, och jag hoppas att den budget som Sverigedemokraterna kommer att lägga fram innehåller något sådant. Men hittills har det varit helt tomt på sådant fram till att vi nu slutgiltigt hanterar ärendet i kammaren.</p>",
    "intressent_id": "0744139167426",
    "rel_dok_id": "H401SkU6",
    "replik": "Y",
    "systemdatum": "2016-10-19 11:49:06"
  }
}