﻿{
  "anforande": {
    "dok_hangar_id": "4703370",
    "dok_id": "H409101",
    "dok_titel": "Protokoll 2016/17:101 Torsdagen den 27 april",
    "dok_rm": "2016/17",
    "dok_nummer": "101",
    "dok_datum": "2017-04-27 00:00:00",
    "avsnittsrubrik": "Skogspolitik",
    "underrubrik": null,
    "kammaraktivitet": "ärendedebatt",
    "anforande_id": "8b7aecae-bb3b-e711-9452-00262d0d0c40",
    "anforande_nummer": "202",
    "talare": "Lars-Axel Nordell (KD)",
    "parti": "KD",
    "anforandetext": "<p>Fru ålderspresident! Jag fanns inte i det här utskottet på den tiden, och jag har ingen aning om hur planen såg ut. Jag känner inte till den.</p><p>Däremot måste vi naturligtvis försöka uppnå det som lades fast då; det är helt klart. Exakt i vilken takt det ska göras och hur mycket man satsar beror på vilka resurser som finns.</p><p>Där är det så, som Stina Bergström mycket riktigt säger, att vi har olika budgetar och inte samma möjligheter att gå in och satsa mer pengar som ni kan göra, eftersom ni tar ut mer skatt av skattebetalarna. Så ser det ut.</p>",
    "intressent_id": "0125056691517",
    "rel_dok_id": "H401MJU13",
    "replik": "Y",
    "systemdatum": "2017-05-18 13:19:12"
  }
}