﻿{
  "anforande": {
    "dok_hangar_id": "4703370",
    "dok_id": "H409101",
    "dok_titel": "Protokoll 2016/17:101 Torsdagen den 27 april",
    "dok_rm": "2016/17",
    "dok_nummer": "101",
    "dok_datum": "2017-04-27 00:00:00",
    "avsnittsrubrik": "Frågestund",
    "underrubrik": "Beskattningen av arbete",
    "kammaraktivitet": "frågestund",
    "anforande_id": "f179ecae-bb3b-e711-9452-00262d0d0c40",
    "anforande_nummer": "55",
    "talare": "Statsrådet Per Bolund (MP)",
    "parti": "MP",
    "anforandetext": "<p></p><p>Fru talman! Även när det gäller historieskrivningen tror jag att man ska försöka förhålla sig ärlig till hur det har sett ut. Anledningen till att intäkterna till välfärden ökade även under den förra regeringens tid var att kommunerna i väldigt hög grad ökade kommunalbeskattningen. Den förra regeringen gjorde i praktiken egentligen en skatteväxling från statliga skatter, som också är progressiva, till ökade kommunalskatter. Det gjorde att många fler fick betala mer, särskilt de med låga inkomster. Det gjorde också att de ekonomiska klyftorna i Sverige ökade under alliansregeringens tid vid makten, till skillnad från nu när vi i stället kan se fram emot minskade ekonomiska klyftor.</p><p>(Applåder)</p>",
    "intressent_id": "0956444284814",
    "rel_dok_id": "H4C120170427fs",
    "replik": "N",
    "systemdatum": "2017-05-18 13:18:57"
  }
}