﻿{
  "anforande": {
    "dok_hangar_id": "4702552",
    "dok_id": "H409100",
    "dok_titel": "Protokoll 2016/17:100 Onsdagen den 26 april",
    "dok_rm": "2016/17",
    "dok_nummer": "100",
    "dok_datum": "2017-04-26 00:00:00",
    "avsnittsrubrik": "Policyramverk för svenskt utvecklingssamarbete och humanitärt bistånd",
    "underrubrik": null,
    "kammaraktivitet": "ärendedebatt",
    "anforande_id": "6da891a8-413a-e711-9452-00262d0d0c40",
    "anforande_nummer": "124",
    "talare": "Said Abdu (L)",
    "parti": "L",
    "anforandetext": "<p>Herr ålderspresident! Vad är målet med svenskt bistånd? I dagens läge får man olika och alltför många svar beroende på vem man frågar. Inte ens om man läser de dokument som styr biståndet går det att få en tydlig bild av vad det faktiskt är Sverige vill åstadkomma med vårt generösa bidrag till omvärlden.</p><p> STYLEREF Kantrubrik \\* MERGEFORMAT Policyramverk för svenskt utvecklings-samarbete och humanitärt bistånd</p><p>Dagens debatt om policyramverket är en uppdatering av Alliansens biståndspolitiska plattform från 2014. Innan dess fanns bara ett mål: att bidra till att skapa förutsättningar för fattiga människor att förbättra sina levnadsvillkor. Det var ursprungsfrasen. Under Alliansen blev det mer av resultatinriktning och mindre av grundlösa om än välriktade förhoppningar. Skrivningen ändrades till: att skapa förutsättningar för bättre levnadsvillkor för människor som lever i fattigdom och förtryck.</p><p>Förtrycket blev på det sättet en huvudfiende. Vi fick en styrmodell för biståndet, även om Liberalerna hade önskat att plattformen skulle ha gått betydligt mycket längre i att tydliggöra de svenska ambitionerna.</p><p>Självklart måste policyer uppdateras, men från Liberalernas håll är vi kritiska till på vilket sätt regeringen har gjort det i detta fall. Det har även framgått av dagens debatt att fler är det. I stället för att göra mycket av något vill regeringen att svenskt bistånd ska lösa alla världens problem. Så framstår det i policyramverket.</p><p>Herr ålderspresident! Sverige är ett medelstort land i EU men ett litet land i världen. För att få genomslag för vår politik menar vi liberaler att vi måste våga prioritera.</p><p>Herr ålderspresident! När katastrofen är ett faktum måste svensk hjälp komma snabbt. Människor som bor i länder som befinner sig i konflikt behöver akut stöd. Mot bakgrund av den mycket svåra situationen i Syrien och Irak bör Sverige öka det finansiella stödet till FN:s humanitära hjälporgan UNHCR, World Food Programme, Ocha och Unicef, för att nämna några.</p><p>I krig slås ekonomisk tillväxt sönder. När statens funktioner helt fallit samman kan inget växa. Därför är det humanitära biståndet så viktigt. Det handlar om liv och död.</p><p>Vi tror att demokrati är den allra viktigaste nyckeln till utveckling och tillväxt, såväl ekonomisk som mänsklig. Men många av världens fattiga bor i medelinkomstländer. Därför kan bistånd inte ses som en omfördelning från rika till fattiga länder. I stället handlar det om att hjälpa länder att leverera till sin egen befolkning. I många fall är det korruption och dålig styrning som i dessa länder är den stora boven. Att skicka pengar rakt in i regimer som lägger pengarna i egen ficka är inte försvarbart. Länder som inte visar vilja att förbättra sig, som att exempelvis gå i en mer demokratisk riktning och att respektera sina medborgares mänskliga rättigheter, bör undantas från svenskt bistånd. More for more-principen bör gälla här.</p><p>Vi tror att i demokratiseringens spår kommer feministiska framsteg. Det är demokratin som är nyckeln, men år 2015 backade den demokratiska utvecklingen för tionde året i rad sett till hela världen. Det sammanfaller med ett stort bakslag för kvinnors rättigheter globalt. Liberala reformer som befolkningen vunnit rullas ofta tillbaka när rättsstaten faller samman och våldsmonopolet ger vika.</p><p>Resultatet blir att beroendet av män ökar, att flickor inte kan gå i skolan och att kvinnor får svårt att försörja sig på egen hand. Liberalerna har en lång tradition av jämställdhetskamp som också gäller utrikespolitiken. Vi välkomnar att den rödgröna regeringen har introducerat begreppet feministisk utrikespolitik.</p><p> STYLEREF Kantrubrik \\* MERGEFORMAT Policyramverk för svenskt utvecklings-samarbete och humanitärt bistånd</p><p>I en konfliktfylld värld är kvinnor alltid förlorare. Det är de som drabbas hårdast och deras rättigheter som först dras in.</p><p>Om regeringen vill nå ut med sin politik måste man därför våga prioritera. Bistånd för fattigdomsbekämpning bör inriktas på reformer som faktiskt hjälper de fattiga.</p><p>Jag yrkar bifall till reservation 1.</p><p>Överläggningen var härmed avslutad.</p><p>(Beslut skulle fattas den 27 april.)</p>",
    "intressent_id": "0173210620224",
    "rel_dok_id": "H401UU11",
    "replik": "N",
    "systemdatum": "2017-05-16 16:13:01"
  }
}