﻿{
  "anforande": {
    "dok_hangar_id": "4706363",
    "dok_id": "H409103",
    "dok_titel": "Protokoll 2016/17:103 Tisdagen den 2 maj",
    "dok_rm": "2016/17",
    "dok_nummer": "103",
    "dok_datum": "2017-05-02 00:00:00",
    "avsnittsrubrik": "Svar på interpellation 2016/17:456 om ålfiske som kulturarv",
    "underrubrik": null,
    "kammaraktivitet": "interpellationsdebatt",
    "anforande_id": "f71f8197-5344-e711-9450-00262d0d7125",
    "anforande_nummer": "140",
    "talare": "Kultur- och demokratiministern Alice Bah Kuhnke (MP)",
    "parti": "MP",
    "anforandetext": "<p>Herr talman! Jag förstår inte riktigt varför riksdagsledamot Malmer Stenergard tror att det är rädsla för att våga rangordna som ligger bakom detta. Jag vill verkligen vara tydlig med att expertmyndigheten i fråga, som jag menar att det är helt centralt att vi lyssnar till, menar att det finns svåra metodiska utmaningar kvar och gör bedömningen att vi inte bör nominera utan fortsätta arbetet innan vi kan göra det. Vi gör bedömningen att vi ska lyssna till expertmyndigheten. </p><p>Jag är inte rädd för att ta nästa steg när det finns tillräckliga underlag. Däremot är jag rädd för godtycklighet, jag är rädd för att den som skriker högst vinner mest, jag är rädd för kortsiktiga trender som styr bedömningar och jag är också rädd för politisk klåfingrighet. Jag vill att det ska finnas tydliga förklarbara metoder bakom det som vi väljer att satsa och investera i. </p><p>Huruvida just ålafisket, som är ett miljöpartistiskt favoritämne som jag gärna diskuterar mer i en annan interpellationsdebatt, blir föremål för nominering vill jag lämna till expertisen och professionen. </p><p>Men jag vill återigen understryka vikten av armslångt avstånd. Det är helt centralt. Det ska i första hand vara de professionella inom kulturarvsområdet som tycker och föreslår. Det ska finnas välgrundade argument, förklarbara och tydliga, och det ska inte vara godtycklighet eller kortsiktiga trender som avgör. </p>",
    "intressent_id": "0787584650516",
    "rel_dok_id": "H410456",
    "replik": "N",
    "systemdatum": "2017-05-29 11:46:48"
  }
}