﻿{
  "anforande": {
    "dok_hangar_id": "4703370",
    "dok_id": "H409101",
    "dok_titel": "Protokoll 2016/17:101 Torsdagen den 27 april",
    "dok_rm": "2016/17",
    "dok_nummer": "101",
    "dok_datum": "2017-04-27 00:00:00",
    "avsnittsrubrik": "Medborgarskap, Migration och asylpolitik, Anhöriginvandring och Arbetskraftsinvandring",
    "underrubrik": null,
    "kammaraktivitet": "ärendedebatt",
    "anforande_id": "d179ecae-bb3b-e711-9452-00262d0d0c40",
    "anforande_nummer": "25",
    "talare": "Johanna Jönsson (C)",
    "parti": "C",
    "anforandetext": "<p>Fru ålderspresident! Vi pratar alltså om pull-effekter nu. Vi är helt medvetna om att det finns pull-effekter. Det är ingenting vi förnekar på något sätt. Vi har bland annat talat om hur välfärdssystemen måste förändras för att minska pull-effekterna men också för att minska kostnader. Vi är fullt medvetna om det här, och jag skulle säga att vi är ett av de partier som har tagit fram flest förslag på just det området och som är medvetna om den här problematiken.</p><p>Det handlar inte bara om personer som inte har skyddsskäl, utan det handlar också om personer som har skyddsskäl men som söker sig till det land där man får bäst förutsättningar. Det är så människor fungerar. Det är precis vad du och jag skulle göra om vi behövde bege oss någonstans. Det här omfattar alltså båda de här grupperna. För att få till en jämnare fördelning i Europa behöver vi titta på det här men också vad gäller de som inte har skyddsskäl. De behöver givetvis styras om till andra vägar. Där är det som ni försöker ta bort, nämligen den lågkvalificerade arbetskraftsinvandringen, jätteviktigt för att de ska se att det finns andra möjligheter än att komma på det här sättet. Ni motverkar precis det.</p><p>Det är ingen motsättning mellan detta och att ha lagliga vägar, utan tvärtom är de lagliga vägarna ett sätt att få färre att komma via Medelhavet och via flyktingsmugglare. Flyktingsmugglarna göder kriminella organisationer och bidrar till mycket lidande på olika håll i världen, och när man sedan kommer till Sverige hamnar man i ett skuggsamhälle som är skadligt för den enskilde men också för samhället i stort. Jag kan inte se motsättningen där.</p><p>Däremot tror jag, när jag hör Paula Bieler tala om amnesti, att det finns något slags förvirring här. Vi har inte föreslagit amnesti för personer som har fått avslag och inte har skyddsskäl. Jag vet inte riktigt var den uppfattningen kommer från. Om du menar att vi vill erbjuda akut sjukvård till alla som befinner sig i Sverige beror det på att vi inte vill att människor ska ligga och dö på gatorna. Vi tycker inte att det är värdigt. Jag vet alltså inte riktigt vad det är för amnesti du talar om.</p>",
    "intressent_id": "0495218011521",
    "rel_dok_id": "H401SfU14, H401SfU15, H401SfU16, H401SfU17",
    "replik": "Y",
    "systemdatum": "2017-05-18 13:18:53"
  }
}