﻿{
  "anforande": {
    "dok_hangar_id": "4703963",
    "dok_id": "H409102",
    "dok_titel": "Protokoll 2016/17:102 Fredagen den 28 april",
    "dok_rm": "2016/17",
    "dok_nummer": "102",
    "dok_datum": "2017-04-28 00:00:00",
    "avsnittsrubrik": "Aktuell debatt om attentatet i Stockholm",
    "underrubrik": null,
    "kammaraktivitet": "aktuell debatt",
    "anforande_id": "fb989fe0-bc3b-e711-9452-00262d0d0c40",
    "anforande_nummer": "15",
    "talare": "Linda Snecker (V)",
    "parti": "V",
    "anforandetext": "<p>Herr talman! Eftersom Vänsterpartiet anser att terroristdåd är en fruktansvärd handling som hotar både demokratin och det öppna samhället vill vi väldigt gärna diskutera denna fråga med andra partier för att komma fram till lösningar som minskar våldsbejakande extremism.</p><p>När den första delen av terrorlagstiftningen, som handlar om finansiering, utbildning och resor, kom 2015 var Vänsterpartiet kritiskt till slutförslaget. Men vi var med och förhandlade om förslaget och fick med och tillförde punkter som vi tycker är bra i överenskommelsen. Jag vill särskilt påminna Liberalerna om att de därmed stöttar Vänsterpartiets politik när det gäller hur vi motverkar terrorism.</p><p>Men Vänsterpartiet ställde inte upp på slutprodukten, och när förhandlingarna nu fortsatte var ett av kraven att Vänsterpartiet skulle backa i sin politik för att kunna vara med i samtalet. Jag ska förklara lite varför vi har svårt att göra det.</p><p>Vi kan inte backa från den politiken, för den kriminalisering som har föreslagits avser handlingar som ligger långt ifrån själva terroristhandlingen i både tid och rum. I flera fall kriminaliseras helt vardagliga handlingar, som till exempel att resa, öppna ett e-postmeddelande, ge gåvor till familjemedlemmar och skänka bidrag till humanitära projekt.</p><p>Vår kritik 2015, som fortfarande kvarstår, gäller bland annat att lagstiftningen nu innebär att en person som stiger på en flygbuss på väg till Arlanda och tänker resa iväg för att ansluta sig till Daish men ångrar sig, kliver av bussen och väljer att åka hem i stället för att kliva på planet har begått en kriminell handling, ett terroristbrott, bara genom att påbörja resan till Arlanda. Vi tycker inte att detta är ett bra sätt att lagstifta.</p><p> STYLEREF Kantrubrik \\* MERGEFORMAT Aktuell debatt om attentatet i Stockholm</p><p>Vänsterpartiet ansåg att möjligheterna till lagföring med denna lagstiftning kan väntas bli begränsade och därmed ineffektiva, samtidigt som lagförslagen innebär en långtgående kriminalisering och en inskränkning av mänskliga fri- och rättigheter. Vi trodde även att det skulle bli svårt att bevisa i domstol och få en fällande dom. Det har enbart skett ett åtal med den nya terrorlagstiftningen, och det föll i Svea hovrätt.</p><p>Det som vi i Vänsterpartiet var oroliga för har nu skett. Vi har därför svårt att backa från den politiken när vi nu ser vad som sker i Sveriges domstolar.</p><p>Det är också svårt att ta vissa partiers förslag på allvar. Borgerliga partier reagerar med ryggmärgsreflexen och menar att mer övervakning och mer kriminalisering är lösningen. Det är ju så borgerliga partier brukar reagera.</p><p>Men det parti som totalt har tappat sin politiska kompass är Miljöpartiet, och detta är något jag verkligen beklagar. Miljöpartiet föreslår att fotboja - som är ett sätt att verkställa brottsdömdas fängelsestraff - ska användas för människor som varken har begått brott eller är dömda brottslingar. Det märks att Vänsterpartiet hade behövts i terrorsamtalen.</p><p>Vänsterpartiet gör som så många vill: Vi ser till att terrorattacken inte blir en politisk pajkastning, att vi i lagstiftningen inte hastar iväg och att vi inte gör partipolitik av en så pass allvarlig händelse.</p>",
    "intressent_id": "0150118366721",
    "rel_dok_id": "H4C120170428ad",
    "replik": "N",
    "systemdatum": "2017-05-18 13:27:08"
  }
}