﻿{
  "anforande": {
    "dok_hangar_id": "4546972",
    "dok_id": "H40910",
    "dok_titel": "Protokoll 2016/17:10 Onsdagen den 28 september",
    "dok_rm": "2016/17",
    "dok_nummer": "10",
    "dok_datum": "2016-09-28 00:00:00",
    "avsnittsrubrik": "Riksrevisionens rapport om ekonomiska risker för staten i fråga om gruvavfall",
    "underrubrik": null,
    "kammaraktivitet": null,
    "anforande_id": "37d5f233-e195-e611-9441-00262d0d7125",
    "anforande_nummer": "44",
    "talare": "Maria Strömkvist (S)",
    "parti": "S",
    "anforandetext": "<p>Fru talman! Som det står i regeringens skrivelse har regeringen \"påbörjat ett arbete för att utreda och analysera förutsättningarna för nya modeller för kostnadstäckning\". Regeringen gör också bedömningen att \"det krävs en fördjupad analys\". Där är man väl inte riktigt överens med Riksrevisionen, som borde ha uppdaterat sin analys utifrån de olika förutsättningarna och det som hänt över tid.</p><p>Regeringen jobbar med detta. Utgångspunkten i analysen är dagens lagstiftning, som innebär att förorenaren betalar. Det är det som är grunden.</p><p>Men det är inte så enkelt som att Bergsstaten bara kan lägga på detta. Det är det som är problematiken. I så fall kanske Bergsstaten skulle ha någon enkel modell för det.</p><p>Det som är den stora skillnaden mellan oss är väl att det handlar om 10 procent i stället för 2 promille. Man kommer ju inte att kunna ha någon gruvverksamhet i landet med Vänsterpartiets förslag. Vi socialdemokrater och regeringen tycker att gruvverksamheten är otroligt viktig för landet.</p>",
    "intressent_id": "0136801772915",
    "rel_dok_id": null,
    "replik": "Y",
    "systemdatum": "2016-10-19 11:49:08"
  }
}