﻿{
  "anforande": {
    "dok_hangar_id": "4702552",
    "dok_id": "H409100",
    "dok_titel": "Protokoll 2016/17:100 Onsdagen den 26 april",
    "dok_rm": "2016/17",
    "dok_nummer": "100",
    "dok_datum": "2017-04-26 00:00:00",
    "avsnittsrubrik": "Bostadspolitik och Planering och byggande",
    "underrubrik": null,
    "kammaraktivitet": "ärendedebatt",
    "anforande_id": "37a891a8-413a-e711-9452-00262d0d0c40",
    "anforande_nummer": "75",
    "talare": "Tuve Skånberg (KD)",
    "parti": "KD",
    "anforandetext": "<p>Fru ålderspresident! Jag begärde ordet för replik när Emma Hult kom in på bullerfrågan. Det som oroar mig är att det är en överenskommelse som regeringen och regeringens minister, bostadsminister Peter Eriksson, gjorde med allianspartierna som var inbjudna. Man kan dels tala om sakfrågan, dels tala om hur man gör en överenskommelse och sedan står för den.</p><p>Låt mig först säga något om själva sakfrågan. I förordningen 2015:216 om trafikbuller vid bostadsbyggnader står det: \"Buller från spårtrafik och vägar bör inte överskrida 1. 55 dBA ekvivalent ljudnivå vid en bostadsbyggnads fasad.\" Det ökar vi genom denna överenskommelse till 60 decibel. Som jämförelse kan jag säga att i den övernattningslägenhet som jag har bott i - och jag har nu bott ett tag i Stockholm, 22 år noga räknat - mätte jag upp på fasaden utanpå, när man öppnat fönstret och håller bullermätaren utanpå, 80 decibel nattetid.</p><p>Här är vid nybyggnation 60 decibel. Det är den nivå vi talar om. Det är en påplussning från 55 till 60 decibel. Jag och många andra i storstäderna bor med betydligt mer än 60, bor bra, bor centralt, och sover inte dåligt om natten. Inomhus är nivåerna i mitt fall 40 men enligt byggnormerna 30 decibel. Det sover jag gott i. Vad är då problemet rent sakligt, Emma Hult?</p>",
    "intressent_id": "0161597857912",
    "rel_dok_id": "H401CU14, H401CU15",
    "replik": "Y",
    "systemdatum": "2017-05-16 16:12:53"
  }
}