﻿{
  "anforande": {
    "dok_hangar_id": "4702552",
    "dok_id": "H409100",
    "dok_titel": "Protokoll 2016/17:100 Onsdagen den 26 april",
    "dok_rm": "2016/17",
    "dok_nummer": "100",
    "dok_datum": "2017-04-26 00:00:00",
    "avsnittsrubrik": "Bostadspolitik och Planering och byggande",
    "underrubrik": null,
    "kammaraktivitet": "ärendedebatt",
    "anforande_id": "38a891a8-413a-e711-9452-00262d0d0c40",
    "anforande_nummer": "76",
    "talare": "Emma Hult (MP)",
    "parti": "MP",
    "anforandetext": "<p>Fru ålderspresident! Det var spännande. Det jag försökte framhålla var: Varför talar vi om att vi ska höja bullernivåerna och inte minska bullret vid källan? Det är vad hela den punkt som jag talade om handlar om. Varför ska vi tala om hur mycket buller människor ska behöva tåla i stället för att försöka åtgärda det som bullrar? Det är ett bättre sätt att se problemet. Det var mitt försök att ta nästa steg i debatten. Det vi behöver göra är att minska bullret från det som bullrar. Blir det fler fordon kommer det att bullra ännu mer.</p>",
    "intressent_id": "0628870165823",
    "rel_dok_id": "H401CU14, H401CU15",
    "replik": "Y",
    "systemdatum": "2017-05-16 16:12:53"
  }
}