﻿{
  "anforande": {
    "dok_hangar_id": "4706363",
    "dok_id": "H409103",
    "dok_titel": "Protokoll 2016/17:103 Tisdagen den 2 maj",
    "dok_rm": "2016/17",
    "dok_nummer": "103",
    "dok_datum": "2017-05-02 00:00:00",
    "avsnittsrubrik": "Svar på interpellationerna 2016/17:402, 403, 404, 405 och 406 om fjärrstyrd flygledning",
    "underrubrik": null,
    "kammaraktivitet": "interpellationsdebatt",
    "anforande_id": "d61f8197-5344-e711-9450-00262d0d7125",
    "anforande_nummer": "107",
    "talare": "Statsrådet Anna Johansson (S)",
    "parti": "S",
    "anforandetext": "<p>Herr talman! Om jag vore moderat hade jag kanske varit lite försiktig med att kritisera statliga bolagsaffärer, men det kan vi ta en annan gång.</p><p>Jag konstaterar igen att Edward Riedl insinuerar och sprider oro i onödan. I det sista inlägget hade Edward Riedl chans att säga om det finns en kritik mot att Transportstyrelsen inte har fullgjort sitt uppdrag som tillstånds- och tillsynsmyndighet. Det kommer ingen sådan kritik, och jag förutsätter därför att Edward Riedl är enig med mig om att Transportstyrelsen har fullgjort sitt uppdrag på ett bra sätt.</p><p>Vad gäller besparingspotentialen i detta projekt är det givetvis ledningarna i Luftfartsverket respektive Swedavia som måste bedöma och avgöra om detta är till gagn för deras verksamhet.</p><p>Slutligen: Utflytten av statliga jobb är en del av förvaltningspolitiken. Den omfattar inte bolag, vilket Edward Riedl vet. </p><p>Ännu viktigare är att framhålla att det handlar om totalt 50-60 jobb i hela landet som möjligen kan förflyttas till Arlanda. Samtidigt möjliggör denna teknik en mer utbyggd och bättre tillgänglighet på de flygplatser som finns i andra delar av Sverige genom att de kan ha bättre öppethållandetider och därmed också kunna hantera fler starter och landningar. Det är i sig en bra förutsättning för fler jobb i hela landet, som jag tror motsvaras väl av det fåtal jobb som direkt berörs.</p><p>Vi arbetar inte enbart med de statliga jobben, utan vi skapar jobb och tillväxt i hela landet. Det har vi för avsikt att fortsätta med. Vi har också för avsikt att fortsätta att vara positivt inställda till ny teknik som skapar nya möjligheter och bättre förutsättningar för jobb och tillväxt.</p><p>Överläggningen var härmed avslutad.</p>",
    "intressent_id": "0691264514114",
    "rel_dok_id": "H4C120170502ip",
    "replik": "N",
    "systemdatum": "2017-05-29 11:46:41"
  }
}