﻿{
  "anforande": {
    "dok_hangar_id": "4703370",
    "dok_id": "H409101",
    "dok_titel": "Protokoll 2016/17:101 Torsdagen den 27 april",
    "dok_rm": "2016/17",
    "dok_nummer": "101",
    "dok_datum": "2017-04-27 00:00:00",
    "avsnittsrubrik": "(forts. från § 11) Tillgång till betalkonto med grundläggande funktioner (forts. FiU33)",
    "underrubrik": null,
    "kammaraktivitet": null,
    "anforande_id": "3f7aecae-bb3b-e711-9452-00262d0d0c40",
    "anforande_nummer": "128",
    "talare": "Emil Källström (C)",
    "parti": "C",
    "anforandetext": "<p></p><p>Herr ålderspresident! Betänkandet som vi i dag ska diskutera handlar om en rad frågor, men jag tänker fokusera på den fråga som kanske har debatterats mest här i eftermiddag, och det är tillgången till kontanter och hanteringen av desamma. Problemen är välkända. På såväl landsbygden som i städernas förorter har allt fler bankkontor antingen försvunnit helt eller slutat med kontanter. Det här leder till att människor som i sin vardag nyttjar kontanter har svårare att göra så. Det är svårare att såväl ta ut som att sätta in kontanter.</p><p>Ett minst lika viktigt problem är att företag och föreningar som i sin verksamhet tar emot eller hanterar mycket kontanter har svårt att bli av med dem. Det finns exempel på turistföretag i norra Sverige som tvingas köra tiotals mil med hundratusentals kronor i kontanter för att över huvud taget kunna sätta in dessa kontanta medel på bank eller liknande.</p><p>Det är ett problem som måste lösas. Det har i princip två lösningar. För det första måste vi fortsätta med utbyggnaden av digital infrastruktur, för ingen ska tro att det är något övergående att vi nyttjar allt mindre kontanter och att allt färre vill befatta sig med desamma.</p><p>Utvecklingen med kort och Swish och liknande kommer att fortsätta, och den är i grunden mycket bra om och när allt fungerar. Det här bygger dock på att det finns bredband och mobiltäckning. Det finns inte i landets alla delar, och det är ett problem som måste lösas.</p><p>Ett annat problem som måste lösas är självklart den faktiska hanteringen av kontanter. Vi kommer att, om än i liten utsträckning, behöva använda kontanter och fortsätta vilja använda kontanter. Vi kommer att ta emot besökare från hela världen för vilka det är naturligt att använda kontanter. Det kommer alltså att finnas ett behov av ett väl fungerande kontanthanteringssystem under överskådlig tid. Då är bara frågan hur man får det på plats.</p><p>För mig är frågan förhållandevis enkel. Vi har redan i dag ett system med säkra transporter mellan olika former av depåer och banker och handel, såväl till som från. Självklart är det detta som man måste utgå från.</p><p>Det finns i dag ett delat ansvar mellan en ganska bred flora av myndigheter som Post- och telestyrelsen, länsstyrelser och Riksbanken. Det är ett ansvar som man delar med till exempel banker, handel och andra aktörer. Det är naturligt att det är i denna krets, möjligen i en lite mer renodlad krets, som man också löser problemet.</p><p>Sedan kommer frågorna om vem som sätter upp riktlinjerna, vem som betalar och vilken aktör som i de enskilda fallen har det där sista huvudansvaret. Där finns det anledning att helt enkelt sätta ned foten och komma överens om vad som ska gälla.</p><p>Den här frågan har utretts vid ett flertal tillfällen. Det som nu behövs är att vi kommer överens och lägger fast ett system som ska gälla framöver och som fungerar bättre än i dag och suddar ut de vita fläckar som finns på den svenska kontanthanteringskartan i dagsläget.</p><p>Diskussionen har i mångt och mycket handlat om vilken sorts utredning som är den bästa för att lösa problemet. Jag tror nog att de allra flesta är mindre intresserade av det. Det som är viktigt är att vi de facto kommer fram med en ny politik och kommer fram med en lösning så att vi kan lägga det här problemet bakom oss och gå vidare i våra liv.</p><p></p><p>Jag kan konstatera att när det gäller finansutskottets gebit och de frågor vi hanterar är just parlamentariska utredningar, när vi sitter tillsammans alla partier och försöker komma överens, de mest effektiva när det gäller att få saker på plats under denna mandatperiod.</p><p>Vi tvingade fram en parlamentarisk utredning om överskottsmål och liknande och passade där på att lösa ett antal frågor som till exempel hade bäring på budgetprocessen. I närtid kommer den utredning som ska se över riksbankslagen när det gäller alltifrån direktion och inflationsmål till kontanthantering att ha sitt första möte.</p><p>Eftersom jag är en del av utredningen kommer jag på det mötet att föreslå att vi skyndsamt skriver ett delbetänkande, att vi skickar signalen från riksdagens alla partier - i bästa fall - till primärt regeringen att nu måste vi lösa problemet. Jag tror att det är det snabbaste och mest verkningsfulla sättet att komma fram, och det är därför det är där vi väljer att agera.</p><p>Den här frågan är inte betjänt av plakatviftande i utskottsinitiativ. Det som på allvar räknas är det som snabbast och bäst löser problemet, och det är precis vad Centerpartiet och Alliansen ämnar göra.</p>",
    "intressent_id": "0313210809828",
    "rel_dok_id": null,
    "replik": "N",
    "systemdatum": "2017-05-18 13:19:08"
  }
}