﻿{
  "anforande": {
    "dok_hangar_id": "4702552",
    "dok_id": "H409100",
    "dok_titel": "Protokoll 2016/17:100 Onsdagen den 26 april",
    "dok_rm": "2016/17",
    "dok_nummer": "100",
    "dok_datum": "2017-04-26 00:00:00",
    "avsnittsrubrik": "Straffskalorna för vissa allvarliga våldsbrott",
    "underrubrik": null,
    "kammaraktivitet": "ärendedebatt",
    "anforande_id": "2aa891a8-413a-e711-9452-00262d0d0c40",
    "anforande_nummer": "64",
    "talare": "Anti Avsan (M)",
    "parti": "M",
    "anforandetext": "<p>Fru ålderspresident! Att fler arbetar i dag beror, till att börja med, på de åtgärder som vidtogs av alliansregeringen. Men vi ska inte debattera det nu, utan vi ska debattera rättspolitik.</p><p>Om man begår brott handlar det inte ytterst om vad man själv har råkat ut för, utan det handlar om vad varje människa själv kan tillåta sig att göra mot andra. Det är klart att man på olika sätt kan förebygga det. </p><p>När det gäller påståendet att det inte skulle ha funnits något förebyggande arbete under alliansregeringens tid vill jag hävda motsatsen. Ett brottsförebyggande program med stora och intetsägande rubriker utan innehåll är inte lösningen på de problem som vi ser i till exempel de områden som är utsatta för allvarlig brottslighet. Där kan jag tycka att regeringen har visat ganska stor handlingsförlamning.</p><p>Det handlar om att faktiskt göra det basala jobb som alla poliser ska göra och som alla inom socialtjänsten ska göra för att komma till rätta med de problem som finns. Det har man kanske inte gjort. </p><p>Just på det brottsförebyggande området gjordes det ganska många konkreta förändringar. Det handlade bland annat om att införa större möjligheter att genomföra förundersökningar mot barn som inte har fyllt 15 år. Varför gjorde man det? Man gjorde det inte för att de ska lagföras - vi har en straffmyndighetsålder på 15 år - utan för att socialtjänsten ska få verktyg för att kunna ingripa tidigt. </p><p>Vi har stridit för sociala insatsgrupper, där regeringen har visat sig njugg. Jag besökte samtliga sociala insatsgrupper i detta län under den tid då det var en försöksverksamhet med sociala insatsgrupper. Det var mycket effektivt. </p><p>Så visst har det vidtagits många brottsförebyggande åtgärder. Men det är inte det som det handlar om. Varje sak fordrar nämligen sin åtgärd. </p><p>Straffens innehåll är viktigt. Men därutöver är det viktigt att samhället reagerar. Det är därför som vi har straff.</p>",
    "intressent_id": "0338458649710",
    "rel_dok_id": "H401JuU14",
    "replik": "Y",
    "systemdatum": "2017-05-16 16:12:50"
  }
}