﻿{
  "anforande": {
    "dok_hangar_id": "4706363",
    "dok_id": "H409103",
    "dok_titel": "Protokoll 2016/17:103 Tisdagen den 2 maj",
    "dok_rm": "2016/17",
    "dok_nummer": "103",
    "dok_datum": "2017-05-02 00:00:00",
    "avsnittsrubrik": "Svar på interpellation 2016/17:450 om regionala undantag från nationell flygskatt",
    "underrubrik": null,
    "kammaraktivitet": "interpellationsdebatt",
    "anforande_id": "cf1f8197-5344-e711-9450-00262d0d7125",
    "anforande_nummer": "100",
    "talare": "Finansministern Magdalena Andersson (S)",
    "parti": "S",
    "anforandetext": "<p>Herr talman! Regeringen har som sagt ännu inte tagit ställning till flygskatten, utan vi kommer att återkomma med besked. Vi har tillsatt en utredning och skickat ut den på remiss, och nu sammanställer vi remissvaren. Vi kommer sedan att återkomma med besked vad gäller flygskatten.</p><p>Det är viktigt att vi gör det vi kan för att minska klimatutsläppen. 2016 var det varmaste året någonsin, och det är oerhört viktigt att vi vidtar åtgärder och tar ansvar för våra barn och barnbarn.</p><p>Det är naturligtvis också viktigt att det finns goda förutsättningar att leva och verka i hela Sverige. Vi har många gånger hört moderater säga i denna talarstol att regeringens politik kommer att få förödande effekter för jobb och tillväxt, men hittills går det trots detta ganska bra.</p><p> STYLEREF Kantrubrik \\* MERGEFORMAT Svar på interpellationer</p><p>Vad gäller flygskatten kommer regeringen som sagt att återkomma.</p><p>Överläggningen var härmed avslutad.</p>",
    "intressent_id": "098412828516",
    "rel_dok_id": "H410450",
    "replik": "N",
    "systemdatum": "2017-05-29 11:46:39"
  }
}