﻿{
  "anforande": {
    "dok_hangar_id": "4703370",
    "dok_id": "H409101",
    "dok_titel": "Protokoll 2016/17:101 Torsdagen den 27 april",
    "dok_rm": "2016/17",
    "dok_nummer": "101",
    "dok_datum": "2017-04-27 00:00:00",
    "avsnittsrubrik": "Skogspolitik",
    "underrubrik": null,
    "kammaraktivitet": "ärendedebatt",
    "anforande_id": "7c7aecae-bb3b-e711-9452-00262d0d0c40",
    "anforande_nummer": "187",
    "talare": "Isak From (S)",
    "parti": "S",
    "anforandetext": "<p>Fru ålderspresident! Skogen, skogsindustrin och inkomsterna från skogen är naturligtvis ofantligt viktiga för Sverige. De har varit det och kommer att vara det.</p><p>Jag är lite orolig för kompetensförsörjningen i skogsindustrin. Vi behöver locka fler att jobba i skogen, både vid röjningen och som jägmästare, och vi måste locka fler att läsa till arkitekt och stadsarkitekt och så vidare så att vi kan få igång ett träbyggande.</p><p>Efterfrågan på skogen är bra. Som jag sa i mitt anförande är det flera stora internationella kinesiska bolag som vill göra investeringar i norra Skandinavien. Man har redan beslutat om en investering i norra Finland, och nu tittar man på Sverige. Varför? Jo, för att Sverige ligger i framkant och tar beslut mot en biobaserad ekonomi och bort från fossilberoende. Det är därför man gör investeringar i Sverige.</p><p>Jag tycker att vi fortsättningsvis ska vara överens. Jag är glad att vi kom fram till en förhandlingsposition som vi är överens om när det gäller LULUCF och som vi båda två kan stå upp för. Därför säger jag också som det är: Sluta spela det där kortet! Vi är överens. Sluta tramsa om det här. Svensk skogspolitik beslutas om här i Sverige, och någonting annat är inte aktuellt. Det ska vi tala om för alla, och det tror jag att alla förstår. Alla välkomnar också den satsning som vi gör mot ett biobaserat samhälle. Det är den vägen vi måste gå, och det är det som är framtiden.</p>",
    "intressent_id": "0506482805418",
    "rel_dok_id": "H401MJU13",
    "replik": "Y",
    "systemdatum": "2017-05-18 13:19:12"
  }
}