﻿{
  "anforande": {
    "dok_hangar_id": "4703963",
    "dok_id": "H409102",
    "dok_titel": "Protokoll 2016/17:102 Fredagen den 28 april",
    "dok_rm": "2016/17",
    "dok_nummer": "102",
    "dok_datum": "2017-04-28 00:00:00",
    "avsnittsrubrik": "Svar på interpellation 2016/17:367 om medicinsk åldersbedömning",
    "underrubrik": null,
    "kammaraktivitet": "interpellationsdebatt",
    "anforande_id": "12999fe0-bc3b-e711-9452-00262d0d0c40",
    "anforande_nummer": "32",
    "talare": "Johanna Jönsson (C)",
    "parti": "C",
    "anforandetext": "<p>Herr talman! Ministern fortsätter att ägna en del av sin talartid åt att diskutera vad som har gjorts och inte har gjorts tidigare. Jag upprepar att jag tycker att det är ganska irrelevant eftersom det handlar om vad vi kan göra just nu. Jag försökte också förtydliga varför detta är viktigt, brådskande och behöver tas tag i nu av den sittande regeringen. Just nu sitter ju inte vi i regering.</p><p>Om vi ska hålla på och diskutera vad som hände förut och varför det inte gjordes förut, låt mig åter säga: Ni var inte heller drivande. Frågan var inte lika akut. Det inte var lika många som kom, så frågan var inte lika viktig. </p><p>Det borde definitivt ha gjorts mer för att driva på detta, men det var svårt. Migrationsverket försökte lösa det på flera olika sätt, och regeringen sa ju inte: Lös inte detta! Migrationsverket försökte men hade svårt att hitta en metod för det. Migrationsverket har också sagt att det inte var tillräcklig politisk påtryckning. Det är sant; vi borde ha gjort mer.</p><p>Men låt oss inte ägna all tid åt detta. Ministern svarar fortfarande inte på min fråga. Han fortsätter att ta upp domstolarna och att systemet nu är på plats. Men jag talar om dem som är i nästa skede. Jag talar om dem som redan har fått sitt sista avslag i domstolen. Det är dem detta handlar om, så var snäll och svara på frågan. Varför vill ministern inte att de ska få tillgång till detta bättre och fantastiskt rättssäkra system som ministern talar om?</p><p>Minderåriga ska ha bevisbördan. Ja, de har bevisbördan. Men ministern är såklart medveten om hur svårt det är att bevisa sin ålder om man kommer från Afghanistan och har en tazkira som underkänns av Migrationsverket, om man har varit på flykt och inte fått med sig sina handlingar eller om man inte hade några handlingar från början för att man till exempel är född i Iran.</p><p>Snälla, svara på frågan vad gäller dem i sista skedet: Varför inte?</p>",
    "intressent_id": "0495218011521",
    "rel_dok_id": "H410367",
    "replik": "N",
    "systemdatum": "2017-05-18 13:27:15"
  }
}