﻿{
  "anforande": {
    "dok_hangar_id": "4702552",
    "dok_id": "H409100",
    "dok_titel": "Protokoll 2016/17:100 Onsdagen den 26 april",
    "dok_rm": "2016/17",
    "dok_nummer": "100",
    "dok_datum": "2017-04-26 00:00:00",
    "avsnittsrubrik": "Policyramverk för svenskt utvecklingssamarbete och humanitärt bistånd",
    "underrubrik": null,
    "kammaraktivitet": "ärendedebatt",
    "anforande_id": "5ca891a8-413a-e711-9452-00262d0d0c40",
    "anforande_nummer": "107",
    "talare": "Margareta Cederfelt (M)",
    "parti": "M",
    "anforandetext": "<p>Herr ålderspresident! Jag tackar Maria Andersson Willner för svaret, som tyvärr bekräftar att jag inte har fått något svar, för Maria Andersson Willner gjorde misstaget att räkna upp allt som finns. Men vad är det ni ser som extra viktigt? Vad är det som ni extra mycket vill satsa på? Vilka är det som ni extra mycket vill samarbeta med, och om vad vill ni samarbeta extra mycket?</p><p> STYLEREF Kantrubrik \\* MERGEFORMAT Policyramverk för svenskt utvecklings-samarbete och humanitärt bistånd</p><p>Det här är viktiga frågor, för om vi som riksdag ska kunna följa upp måste vi ha lite mer information än vad som faktiskt är givet i policyramverket eller det dokument som Maria Andersson Willner refererar till. Och regeringen har haft lång tid på sig. I regeringsdeklarationen 2014 talade statministern om att det skulle komma ett nytt policyramverk och en reviderad skrivelse. Men så här tre år senare kan jag inte se att det är några nya prioriteringar som har tillkommit.</p><p>Går det att få några specificeringar? Det skulle underlätta.</p>",
    "intressent_id": "0970259744617",
    "rel_dok_id": "H401UU11",
    "replik": "Y",
    "systemdatum": "2017-05-16 16:13:00"
  }
}