﻿{
  "anforande": {
    "dok_hangar_id": "4546972",
    "dok_id": "H40910",
    "dok_titel": "Protokoll 2016/17:10 Onsdagen den 28 september",
    "dok_rm": "2016/17",
    "dok_nummer": "10",
    "dok_datum": "2016-09-28 00:00:00",
    "avsnittsrubrik": "Riksrevisionens rapport om ekonomiska risker för staten i fråga om gruvavfall",
    "underrubrik": null,
    "kammaraktivitet": null,
    "anforande_id": "3cd5f233-e195-e611-9441-00262d0d7125",
    "anforande_nummer": "49",
    "talare": "Anders Forsberg (SD)",
    "parti": "SD",
    "anforandetext": "<p>Fru talman! Jag tackar Jens Holm för frågorna.</p><p>När det gäller den specifika gruvan var det väl så att det var en riktig soppa som bara blev värre. Blandar man i ännu fler dåliga ingredienser i soppan blir det ännu sämre. Men det är väl uppenbart att den här gruvan påverkades starkt av framför allt mineralpriser och kanske en övertro på investeringarnas lyckosamhet.</p><p>Som jag nämnde i mitt huvudanförande står vi bakom Riksrevisionens rapport. Vi står bakom de förslagen och även de svar som har kommit. Framför allt tycker jag att det ska lyftas fram att en del av denna politik faktiskt genomförs redan i dag i många delar. Sedan är det väl också så att man måste avvakta de förslag som kommer. Vi fann inte i det här läget någon anledning att gå in och anmärka på de delarna.</p><p>Sedan tycker jag att Vänsterpartiet lyfter fram en del intressanta aspekter - just detta med att säkra miljön och tillräckliga ekonomiska medel för att kunna täcka för miljöförluster och så vidare. I princip håller vi alltså med, men vi ansåg i detta läge inte att det var tillräckligt för att avvika från det förslag från utskottet som låg på bordet.</p>",
    "intressent_id": "0469825305127",
    "rel_dok_id": null,
    "replik": "Y",
    "systemdatum": "2016-10-19 11:49:08"
  }
}