﻿{
  "anforande": {
    "dok_hangar_id": "4546972",
    "dok_id": "H40910",
    "dok_titel": "Protokoll 2016/17:10 Onsdagen den 28 september",
    "dok_rm": "2016/17",
    "dok_nummer": "10",
    "dok_datum": "2016-09-28 00:00:00",
    "avsnittsrubrik": "Regional anpassning av arbetsmarknadsutbildning",
    "underrubrik": null,
    "kammaraktivitet": "ärendedebatt",
    "anforande_id": "18d5f233-e195-e611-9441-00262d0d7125",
    "anforande_nummer": "17",
    "talare": "Raimo Pärssinen (S)",
    "parti": "S",
    "anforandetext": "<p>Herr talman! Ja, vi får väl önska Liberalerna lycka till på deras förnyelseresa.</p><p>De förslag som kommer nu verkar vara väldigt nya, men de pekar åt ett visst håll. Jag noterar två saker i Fredrik Malms anförande.</p><p>Det ena är retoriken. Han anklagar mig för att ha en viss retorik. Han har naturligtvis sin egen.</p><p>Det andra är att han vill lägga ned Arbetsförmedlingen. Här har vi en översyn av hur arbetsmarknadsutbildningarna fungerar. Nu har han kommit fram till svaret: Han vill lägga ned Arbetsförmedlingen, och sedan vill han ha lägre ingångslöner.</p><p>Samtidigt har ni från den borgerliga kanten tryckt på väldeliga om att vi ska ha en stor översyn av Arbetsförmedlingen. Det är tillgodosett. Nu är den utredningen på gång. Men då orkar inte Liberalerna vänta. Ni kanske är klara med er förnyelseresa redan. Ni säger: \"Nej, vi väntar inte på någon utredning, utan vi lägger ned Arbetsförmedlingen och startar en ny myndighet.\" Jag förstår inte riktigt logiken i det, Fredrik Malm. Varför inte vara delaktig på bästa sätt i översynen av Arbetsförmedlingen som regeringen har tillsatt? Man ska se över uppdraget som myndigheten har och så vidare. Det är brett. Varför bara raskt gå på? Ali Esbati sa någonting om att det är en desperat handling, och nog verkar det vara lite av en desperat handling.</p><p>Bara för att Arbetsförmedlingen har hamnat i det här läget kan man inte säga att det är Arbetsförmedlingens fel. Man har naturligtvis styrt det politiskt, och det gjorde ni under åtta år, Fredrik Malm. Men nu har ni hittat en ny lösning: \"Vi struntar i att göra den här översynen. Vi lägger ned. Sedan kommer vi att göra en lösning. Då sänker vi ingångslönerna. Då blir det jobb i Sverige.\"</p><p>Fredrik Malm har tidigare sagt att om inte arbetsmarknadens parter tar sitt ansvar sänker vi här i riksdagen lönerna. Jag vill fråga: När har de inte gjort det?</p>",
    "intressent_id": "0113077554312",
    "rel_dok_id": "H401AU3",
    "replik": "Y",
    "systemdatum": "2016-10-19 11:49:04"
  }
}