﻿{
  "anforande": {
    "dok_hangar_id": "4703370",
    "dok_id": "H409101",
    "dok_titel": "Protokoll 2016/17:101 Torsdagen den 27 april",
    "dok_rm": "2016/17",
    "dok_nummer": "101",
    "dok_datum": "2017-04-27 00:00:00",
    "avsnittsrubrik": "(forts. från § 11) Tillgång till betalkonto med grundläggande funktioner (forts. FiU33)",
    "underrubrik": null,
    "kammaraktivitet": null,
    "anforande_id": "3a7aecae-bb3b-e711-9452-00262d0d0c40",
    "anforande_nummer": "123",
    "talare": "Anette Åkesson (M)",
    "parti": "M",
    "anforandetext": "<p>Herr ålderspresident! Om man packar ihop tusenlappar riktigt tätt motsvarar en decimeter 1 miljon kronor, och 100 meter packade tusenlappar motsvarar 1 miljard. Det behöver man naturligtvis inte göra, men det visar på att pengar har ett synligt värde som är svårt att föreställa sig när man ser ett antal nollor på papper eller i datorn. Känslan för pengar går helt förlorad. Det är många människor som har svårt att föreställa sig skillnaden mellan 1 miljon och 1 miljard. Tre nollor låter ju inte så mycket, men skillnaden mellan en decimeter tusenlappar och 100 meter tusenlappar är påtaglig.</p><p>Detta betänkande handlar huvudsakligen om att genomföra betalkontodirektivet. Det innebär att bankkundernas ställning stärks genom att de får bättre information om avgifter för att på ett enklare sätt kunna jämföra olika bankers villkor. Man ska lättare kunna byta bank, vilket kan öka rörligheten och konkurrensen. Tillgången till betalkonto ska främjas för alla som är bosatta i EES-området.</p><p>I betänkandet behandlas även en motion om kontanthantering. Frågan om kontanthantering är högaktuell eftersom den berör många människor. Den tekniska utvecklingen går fort, och just gällande kontanthantering går den speciellt fort i Sverige. Efterfrågan på pengar minskar; det kan man se på mängden kontanter i cirkulation, som har minskat dramatiskt sedan 2010 liksom antalet bankomater. Vad gäller bankkontor minskar de totalt sett, men de kontor som hanterar kontanter har minskat ännu mer. 2016 var det första året då det fanns fler kontantlösa bankkontor i Sverige än bankkontor med traditionell kassa. Alla kan se att det införs självscanning i matbutiker, och man betalar överallt med kort eller med mobiltelefon.</p><p>Det finns många fördelar med digital kontanthantering. Det är enklare, snabbare och säkrare. Men det finns även nackdelar, framför allt att alla inte är med på banan. Det kan vara äldre, unga, nyanlända eller turister som får svårigheter. Men även landsbygden får försämrade villkor. Det kan även slå mot företag och föreningar som är beroende av kontanter.</p><p>Jag tror att vi alla är ganska överens om själva problembilden. Frågan är hur man ska åtgärda problemet och vem som ska göra vad. Det finns många inblandade parter, men ingen har, enligt Kontanthanteringsutredningen, ett tydligt och övergripande ansvar. Det har tillsatts utredningar, och den parlamentariska landsbygdskommittén har kommit in med förslag. Dessa bereds.</p><p>För bara en månad sedan avslog vi i riksdagen i samband med behandlingen av betänkandet <em>Finansiell stabilitet och finansmarknadsfrågor</em> motioner där man ville lägga över ett större ansvar för kontanthanteringen på bankerna. Vi avslog motionerna med hänvisning till den parlamentariska riksbanksutredningen som drar igång i närtid och som har i uppdrag att överväga hur Riksbankens ansvar för en väl fungerande kontanthantering i hela landet bör tydliggöras i lag liksom vilken roll och vilket ansvar Riksbanken har för kontanttillgången i hela landet samt kostnaderna för denna.</p><p></p><p>Vi i Alliansen betonar i vårt särskilda yttrande att vi anser att det finns ett problem för företag, föreningar och privatpersoner som vill eller behöver hantera kontanter. Vi betonar att det finns en insikt om att problemet tilltar och att vi därför vill att dessa frågor hanteras skyndsamt i utredningen.</p><p>(Applåder)</p>",
    "intressent_id": "0198031297912",
    "rel_dok_id": null,
    "replik": "N",
    "systemdatum": "2017-05-18 13:19:08"
  }
}