﻿{
  "anforande": {
    "dok_hangar_id": "4703963",
    "dok_id": "H409102",
    "dok_titel": "Protokoll 2016/17:102 Fredagen den 28 april",
    "dok_rm": "2016/17",
    "dok_nummer": "102",
    "dok_datum": "2017-04-28 00:00:00",
    "avsnittsrubrik": "Aktuell debatt om attentatet i Stockholm",
    "underrubrik": null,
    "kammaraktivitet": "aktuell debatt",
    "anforande_id": "02999fe0-bc3b-e711-9452-00262d0d0c40",
    "anforande_nummer": "22",
    "talare": "Johan Hedin (C)",
    "parti": "C",
    "anforandetext": "<p> STYLEREF Kantrubrik \\* MERGEFORMAT Aktuell debatt om attentatet i Stockholm</p><p>Herr talman! Tack, alla meddebattörer i denna viktiga debatt! De samtal som pågår mellan regeringen och allianspartierna för att utveckla den gemensamma strategin har tagits upp. Det är en fortsättning på den som vi gjorde i december 2015.</p><p>Samtalen inleddes i måndags. De präglas av ett gott samtalsklimat och en konstruktiv anda. Det är viktigt att inte stirra sig blind på <em>en</em> av de motivbilder som någon som planerar ett terrorattentat mot Sverige kan ha. Säkerhetspolisen såväl som den nationella samordnaren arbetar med tre huvudsakliga våldsbejakande former: islamism, högerextremism och vänsterextremism. Flera har också nämnt den rättsprocess som pågår mot tre nazister i Göteborg.</p><p>I samtalen har Centerpartiet med sig några idéer som Centerpartiet vill hävda. Det gäller, som jag tog upp i mitt tidigare inlägg, kriminalisering av samröre. Vi vill i samma anda också titta på en ytterligare kriminalisering av stödjande av terrorism. Någonting annat som vi vill ta upp är att inga offentliga medel ska kunna gå till spridande av våldsbejakande och antidemokratiska budskap.</p><p>Myndigheter måste få större möjligheter att dela information som är viktig för att hindra terrorbrott. Den nationella samordnarens roll måste breddas och fördjupas. Vi ser framför oss ett nationellt resursteam för att hantera framför allt återvändare men även andra som riskerar att radikaliseras. Vi tittar också på om man inte skulle kunna återföra en nationell polisreserv till detta.</p><p>I dessa samtal ingår partier som alla har visat att de har varit mogna att ta ansvar för Sverige, att sätta partipolitisk prestige åt sidan och att jobba tillsammans för det som är det gemensammas väl. Det är partier som inte försöker ta enkla poäng på att exploatera rädsla, och det är partier som genom historien har varit beredda att ta ansvar för just Sverige. Alla partier är inte mogna för det.</p><p>(Applåder)</p>",
    "intressent_id": "0204443909416",
    "rel_dok_id": "H4C120170428ad",
    "replik": "N",
    "systemdatum": "2017-05-18 13:27:09"
  }
}