﻿{
  "anforande": {
    "dok_hangar_id": "4703370",
    "dok_id": "H409101",
    "dok_titel": "Protokoll 2016/17:101 Torsdagen den 27 april",
    "dok_rm": "2016/17",
    "dok_nummer": "101",
    "dok_datum": "2017-04-27 00:00:00",
    "avsnittsrubrik": "Frågestund",
    "underrubrik": "Regeringens mål för ekologisk produktion",
    "kammaraktivitet": "frågestund",
    "anforande_id": "0f7aecae-bb3b-e711-9452-00262d0d0c40",
    "anforande_nummer": "85",
    "talare": "Statsrådet Sven-Erik Bucht (S)",
    "parti": "S",
    "anforandetext": "<p>Fru talman! Tack för frågan!</p><p>Svensk livsmedelsproduktion har minskat under 20 års tid. I dag råder ett handelsunderskott på livsmedel på minus 52 miljarder. Det har försvunnit oerhört mycket arbetstillfällen på svensk landsbygd under de 20 åren just för att livsmedelsproduktionen har minskat så drastiskt.</p><p>Livsmedelsstrategin handlar om att öka den svenska livsmedelsproduktionen. Det gäller den konventionella produktionen, det vill säga svenskt konventionellt miljöanpassat jordbruk, samt den närproducerade och ekologiska produktionen.</p><p></p><p>Om inte Betty Malmberg har uppmärksammat det kan jag säga att efterfrågan på den här typen av produktion har ökat dramatiskt under de senaste tio åren. Det finns inte svenska ekologiska produkter i den omfattning som svenska konsumenter efterfrågar, och därför vill vi stimulera till mer sådan produktion.</p>",
    "intressent_id": "0781357446917",
    "rel_dok_id": "H4C120170427fs",
    "replik": "N",
    "systemdatum": "2017-05-18 13:18:58"
  }
}