﻿{
  "anforande": {
    "dok_hangar_id": "4702552",
    "dok_id": "H409100",
    "dok_titel": "Protokoll 2016/17:100 Onsdagen den 26 april",
    "dok_rm": "2016/17",
    "dok_nummer": "100",
    "dok_datum": "2017-04-26 00:00:00",
    "avsnittsrubrik": "Bostadspolitik och Planering och byggande",
    "underrubrik": null,
    "kammaraktivitet": "ärendedebatt",
    "anforande_id": "4da891a8-413a-e711-9452-00262d0d0c40",
    "anforande_nummer": "97",
    "talare": "Robert Hannah (L)",
    "parti": "L",
    "anforandetext": "<p>Fru talman! Jag vill börja med att för Liberalernas räkning yrka bifall till reservation 9 om jourlägenheter i betänkande CU14 om bostadspolitik samt till reservation 5 om privat initiativrätt när det gäller detaljplaner i betänkande CU15 om planering och byggande. För tids vinnande yrkar vi i Liberalerna inte bifall till våra övriga reservationer, men vi står självklart helhjärtat bakom även dessa.</p><p> STYLEREF Kantrubrik \\* MERGEFORMAT Bostadspolitik och Planering och byggande</p><p>Fru talman! Sveriges bostadsmarknad präglas av för lite bostäder och för lite marknad. Långtgående regleringar gör att det inte byggs tillräckligt, medan köer och skatter gör att människor inte kan, inte vågar och inte vill flytta mellan de fastigheter som redan är byggda.</p><p>Liberalerna ser konsekvenserna av den politik som har förts i Sverige under en lång tid. De sociala problemen för varje enskild människa som drabbas är stora. Hyresmarknadens köer stänger ute dem utan socialt kapital och kontakter. Bostadsrätternas och villornas priser stänger ute dem utan finansiellt kapital till en insats. Det råkar ofta vara samma individer som stängs ute från hyresmarknaden och den ägda marknaden. Bristen på en vettig bostadspolitik gör att många svenskar hänvisas till en orättvis andrahandsmarknad. Och vi vet alla att man har en mycket sämre chans att få en bostad via Blocket om man heter Ali.</p><p>Den svenska bostadsmarknaden är ett socialistiskt vänsterhaveri, kan jag beskriva det som. Man har försökt att politiskt reglera fram rättvisa och jämlikhet men har i stället skapat segregation, social orättvisa och färre klassresor.</p><p>Socialdemokraterna har politiskt skapat miljonprogramsområden med uteslutande hyresrätter och därmed också utanförskap, eftersom Socialdemokraternas jobbpolitik och höga trösklar samtidigt gör att dessa personer har oerhört svårt att få jobb. Socialdemokraterna har i princip gjort allt fel med sin bostadspolitik. </p><p>I Gårdsten i Göteborg, som är ett miljonprogramsområde där jag själv har bott och som har varit otryggt och haft ett otroligt utanförskap liksom en otrolig brist på arbete, har man nu lyckats vända på utvecklingen. Enligt bedömningen kommer Gårdsten inte att vara ett utsatt område inom två års tid.</p><p>Vad har man gjort? Man har satsat på fler blandade bostadsformer. Man bygger alltså andra bostadsformer än hyresrätter och försöker få en mix i området så att även människor som tar sig upp kan stanna kvar. Man har även möjlighet att äga sin bostad. Det finns en väg ut ur utanförskap och segregation, och den heter liberalisering och egenmakt genom blandade bostadsformer i alla orter. </p><p>Dessutom heter vägen mer närvaro av polis, och där har regeringen också bidragit genom att ta bort ungdomspoliserna i de här områdena. Detta har Liberalerna en politik för, när vi satsar mer på trygghetsvärdar och 4 000 kronor mer i kassan för varenda polis i Sverige. Genom Liberalernas polisreform blir det 300 poliser till bara i Göteborg.</p><p>Konsekvenserna för jobben och tillväxten är också svåra på grund av just bostadspolitiken. Företag får svårare att växa, och konkurrenskraften i vår ekonomi försvagas. Spotify och andra startup-företag väljer att växa i andra länder än Sverige, och man kan fråga sig varför. De anger själva att det är för svårt att hitta bostäder till personalen, och därför väljer de att växa i andra länder.</p><p>Att företag väljer att inte komma till Sverige och att människor inte kan flytta till jobben gör att åtminstone 15 000 svenskar går arbetslösa. Även Migrationsverket och kommunerna pekar på att det absolut svåraste inte är att ge asylsökande och nyanlända introduktionskurser i svenska och andra saker som vi ofta pratar om, utan det är tak över huvudet som är den största utmaningen. Det ser man här i Stockholm, där det socialdemokratiska styret över huvud taget inte har lyckats nå målet med att ge alla nyanlända tak över huvudet.</p><p> STYLEREF Kantrubrik \\* MERGEFORMAT Bostadspolitik och Planering och byggande</p><p>Vi vet varför vi står där vi står nu. Alla fakta och all statistik finns tillgängligt. Boverket har bland annat pekat på behovet av en ändamålsenlig planprocess. De säger även att vi har för långa ledtider för bostadsbyggande. Vi har EU:s tuffaste hyresreglering. Vi har ett bruksvärdessystem som fungerar allt sämre på en överhettad marknad. Våra kostnader för att flytta och byta bostad är sannolikt de högsta i hela OECD. Även byggkostnaderna är de högsta i EU. Socialdemokraterna har skapat ett bra recept!</p><p>Regeringen tar nu också åt sig äran för att vi bygger fler bostäder än på många år. Men att tro att Mehmet Kaplan och Peter Eriksson är anledningen till att det byggs rekordmånga bostäder i Sverige är ungefär som att tro på jultomten. Man lyssnar inte på de idéer och förslag som branschen har. Man vägrar diskutera ränteavdrag eller hyresregleringen på riktigt och subventionerar bostäder som enligt alla experter ändå skulle ha byggts. Men detta vägrar Vänsterpartiet att lyssna på, för de experterna räknas ju inte.</p><p>Anledningen till att det byggs så mycket som det gör i dag beror i mångt och mycket på det regelförenklingsarbete som Alliansen genomförde, men allra mest beror det på att vi befinner oss i en högkonjunktur. Man kan väl vara ärlig med att det är det som är anledningen. När högkonjunkturen svänger kommer bostadsbyggandet också att minska.</p><p>Fru talman! Debatten i kammaren i dag har tydligt visat att regeringspartierna, Vänsterpartiet och Sverigedemokraterna inte på något sätt har en politik som möter upp utmaningarna på den svenska bostadsmarknaden. Det är mycket snack om solidaritet, allas rätt till en bostad och 22punktsprogram, men i praktiken försvarar man det system som har lett till att vi saknar 700 000 bostäder i Sverige, att 350 000 unga vuxna saknar eget boende, där vi har längre kötid för en hyresrätt i Sverige i dag än för en Trabant i det kommunistiska Östtyskland på 80-talet. Det system som S, MP, V och SD försvarar är just det system som har lett till utanförskap och stark social segregation i Sverige. </p><p>Anledningen till att de bostadspolitiska samtalen misslyckades var helt enkelt att regeringen dansade efter Vänsterpartiets pipa. Man ville helt enkelt inte föreslå de reformer som Sverige behöver för att vi ska kunna lösa bostadssituationen, och därför var det inte heller någon mening att fortsätta dessa samtal.</p><p>Från Liberalernas sida har vi tagit fram en helt ny bostadspolitik sedan valet 2014. Vi tar utmaningen på allvar med kloka, nödvändiga och ibland faktiskt svåra avvägningar. Vi vill se långsiktiga och genomgripande reformer för att lösa den svenska bostadskrisen. En av de svåra avvägningarna rör ränteavdragen, och vi vill minska dem med 1 procent per år på tio års sikt och sänka taket. Det är nödvändigt för att få till en bostadsmarknad som fungerar.</p><p>Vad Sverige behöver är Liberalernas och Alliansens bostadspolitik. Liberalerna lägger bara i dessa två betänkanden som vi diskuterar i dag fram långt mer genomgående förslag än vad regeringen har mäktat med i sitt så kallade 22-punktsprogram, som man kan säga innehåller tre recept: för det första en mix av regelförenklingar som de två regeringspartierna röstade emot när Alliansen styrde, för det andra felriktade förslag som innebär mer politisk styrning av bostadsmarknaden och för det tredje en halvmesyr till reform av bruksvärdessystemet som inte kommer att leda till kortare köer. Det kommer fortfarande att vara en halv miljon människor i Stockholms bostadskö och 200 000 i Göteborgs bostadskö.</p><p> STYLEREF Kantrubrik \\* MERGEFORMAT Bostadspolitik och Planering och byggande</p><p>Jag kan nämna tio korta punkter som vi har med i våra två betänkanden. Liberalerna föreslår bland annat</p><p>gemensamma europeiska byggregler</p><p>en ny boendeform för unga</p><p>digital handläggning av plan- och byggärenden för att öka effektiviteten och allmänhetens insyn</p><p>ökad regional planering</p><p>fördjupade översiktsplaner, begränsning av kravet på detaljplaner samt att man i stället låter kommuner bestämma när sådana behövs</p><p>att länsstyrelserna tas bort som instans i beslutsordningen och i stället blir samtalspartner till kommunerna</p><p>ett antal bygglovsbefriade åtgärder</p><p>privat initiativrätt till detaljplaner</p><p>planbestämmelser som hävs efter genomförandetiden </p><p>serietillverkade hus.</p><p>Många av de här sakerna utreds och genomförs nu av regeringen, men man kan väl säga att Mehmet Kaplan inte direkt var en bidragande faktor till att de här utredningarna kom till. Det har tagit väldigt lång tid att komma och spela match, men det är bra! Kommer det regelförenklingar till Sveriges riksdag så kommer Liberalerna självklart att rösta för dem, för Sverige behöver liberaliseringar på bostadsmarknaden.</p><p>Jag vill särskilt lyfta fram två frågor som behandlas i dag. Det handlar för det första om att boendeplatser för personer som behöver jourboende eller skyddat boende ska prioriteras. Ingen kvinna ska behöva bo kvar i en bostad med en våldsam man endast för att kommunen inte kan ta fram en jourbostad tillräckligt snabbt. Vi behöver säkerställa att dessa personer får det skydd som de har rätt till, och det görs endast genom att kommunerna prioriterar jourboenden och skyddade boenden.</p><p>Den tidigare nationella samordnaren mot våld i nära relationer föreslog att kommunernas ansvar för insatsen skyddat boende för våldsutsatta ska regleras i socialtjänstlagen. Enligt vår mening skulle detta med fördel kunna kompletteras med att lagen om kommunernas bostadsförsörjningsansvar skärps så att det tydligt framgår att kommunerna ska analysera behovet av tillfälliga boenden för våldsutsatta och deras anhöriga.</p><p>Kort och gott: Kommunerna ska vara tvungna att se till att kvinnor som är utsatta för våld ska ha en bostad dit de kan ta vägen.</p><p>För det andra handlar det om tillgänglighetskrav i studentlägenheter. Alliansen får förhoppningsvis i dag igenom ett tillkännagivande som innebär att regeringen bör utreda möjligheten att minska de krav som ställs på studentbostäder när det gäller tillgänglighet. Jag vill vara tydlig här: Liberalerna kommer inte att bidra till några politiska förändringar som gör att vi backar bandet vad gäller möjligheten för personer med funktionshinder att få leva ett liv som vi andra. Men vi vill samtidigt utreda och se hur vi kan kombinera möjligheten att bygga och utnyttja fler studentbostäder mer effektivt samtidigt som vi behåller en hög standard för personer med funktionshinder. Där kan det norska systemet tjäna som ett exempel.</p><p> STYLEREF Kantrubrik \\* MERGEFORMAT Bostadspolitik och Planering och byggande</p><p>Fru talman! Liberalerna har ett tydligt mål med bostadspolitiken: Vi måste våga öppna upp och få en hyresmarknad som är öppen och tillgänglig för alla, där till exempel 90-talister också har en chans till en hyresrätt. Nu står de längst bak i kön.</p><p>Vi behöver stötta ensamstående föräldrar och äldre genom bostadstillägg i stället för att, som regeringen gör i dag, subventionera byggföretag för att de ska bygga hus som de redan har tänkt bygga. Det är helt orimligt att de rödgröna partierna hellre stöttar rika byggherrar än ensamstående föräldrar och garantipensionärer, om vi kallar dem för det.</p><p>Vi måste också se till att få fler bostäder och framför allt blandade boendeformer i hyresrättsdominerade områden för att bekämpa utanförskapet.</p><p>(Applåder)</p>",
    "intressent_id": "0223069839622",
    "rel_dok_id": "H401CU14, H401CU15",
    "replik": "N",
    "systemdatum": "2017-05-16 16:12:54"
  }
}