﻿{
  "anforande": {
    "dok_hangar_id": "4703370",
    "dok_id": "H409101",
    "dok_titel": "Protokoll 2016/17:101 Torsdagen den 27 april",
    "dok_rm": "2016/17",
    "dok_nummer": "101",
    "dok_datum": "2017-04-27 00:00:00",
    "avsnittsrubrik": "Medborgarskap, Migration och asylpolitik, Anhöriginvandring och Arbetskraftsinvandring",
    "underrubrik": null,
    "kammaraktivitet": "ärendedebatt",
    "anforande_id": "bd79ecae-bb3b-e711-9452-00262d0d0c40",
    "anforande_nummer": "5",
    "talare": "Yilmaz Kerimo (S)",
    "parti": "S",
    "anforandetext": "<p>Fru ålderspresident! Johan Forssell svarade inte riktigt på frågan hur man ska lösa frågan om kommunplaceringarna som inte fungerar. Det fungerar inte därför att vissa kommuner säger nej och hänvisar till att de inte har bostäder. Men samma problem finns i alla kommuner, men andra kommuner har hanterat det. </p><p></p><p>När det gäller att Malmö nu säger nej säger de inte nej till fler flyktingar. De säger att även EBO ska räknas av när man blir kompenserad. Det är jättemånga som bor där enligt EBO. Man vill att det ska räknas när man får anvisningar. </p><p>Men däremot har Täby, Nacka och Danderyd, som är moderatstyrda, sagt nej bara för att de inte har några bostäder. Det är ingen anledning. Det är typiskt att det kommer från moderatstyrda kommuner och inte från Sstyrda kommuner, som har hanterat detta. S-styrda kommuner har väldigt många i EBO redan. Det är därför som det inte har fungerat. Men de har hanterat det ändå. Men det har inte de moderatstyrda kommunerna gjort. </p><p>Det blir större segregation när vissa väljer att bo enligt EBO i bara Malmö, Södertälje och Botkyrka. Men om alla kommuner tar ett solidariskt ansvar, som vi kräver inom EU, i vårt eget land skulle det fungera mycket bättre. Även integrationen skulle då fungera bättre. </p>",
    "intressent_id": "0515990253512",
    "rel_dok_id": "H401SfU14, H401SfU15, H401SfU16, H401SfU17",
    "replik": "Y",
    "systemdatum": "2017-05-18 13:18:52"
  }
}