﻿{
  "anforande": {
    "dok_hangar_id": "4703370",
    "dok_id": "H409101",
    "dok_titel": "Protokoll 2016/17:101 Torsdagen den 27 april",
    "dok_rm": "2016/17",
    "dok_nummer": "101",
    "dok_datum": "2017-04-27 00:00:00",
    "avsnittsrubrik": "Väg- och fordonsfrågor",
    "underrubrik": null,
    "kammaraktivitet": "ärendedebatt",
    "anforande_id": "667aecae-bb3b-e711-9452-00262d0d0c40",
    "anforande_nummer": "166",
    "talare": "Lars Tysklind (L)",
    "parti": "L",
    "anforandetext": "<p></p><p>Fru ålderspresident! Jag tycker nog att Leif Pettersson gjorde en logisk kullerbytta där. </p><p>Det är förstås lite positivt att Leif Pettersson säger att han \"vänder sig lite mot\" vårt resonemang. Att det bara är lite han vänder sig mot kan kanske vara bra. </p><p>Att marknaden styr och att det finns kapacitetsbrist inom järnvägsnätet är vi helt överens om. Det finns de som inte kan transportera på järnväg på grund av kapacitetsbrist. Det är ju detta vi pratar om när vi talar om tillgänglighet. Det måste vi avhjälpa. </p><p>Vi behöver underhålla den järnväg vi har, så att den fungerar. Vi vet att detta gäller lite varstans i Sverige. Dessutom måste järnvägsnätet byggas ut. Det är vi väl helt överens om. </p><p>Men sedan kommer den logiska kullerbyttan: På grund av att järnvägen inte fungerar tvingas man ta godset på lastbil, men varför ska man då inte utnyttja lastbilen optimalt och köra 74-tonsekipage och längre lastbilar? Det blir något slags moment 22 i detta. När sedan järnvägskapaciteten byggs ut och man får till detta med intermodaliteten och omlastningsnoderna torde vi väl få ett annat system. </p><p>Leif Pettersson säger att marknaden ska styra, men det gör den ju inte om vi begränsar möjligheten att använda 74-tonsbilar så att systemet inte går att utnyttja så bra som möjligt bara för att det finns brister någonstans i det. Det är klart att de bristerna ska avhjälpas och att sjöfarten ska få bättre möjligheter. Jag tror framför allt att det handlar om regler. I dag talar man mycket om regelverket för sjöfarten. </p>",
    "intressent_id": "0535526562910",
    "rel_dok_id": "H401TU14",
    "replik": "Y",
    "systemdatum": "2017-05-18 13:19:09"
  }
}