﻿{
  "anforande": {
    "dok_hangar_id": "4703370",
    "dok_id": "H409101",
    "dok_titel": "Protokoll 2016/17:101 Torsdagen den 27 april",
    "dok_rm": "2016/17",
    "dok_nummer": "101",
    "dok_datum": "2017-04-27 00:00:00",
    "avsnittsrubrik": "Frågestund",
    "underrubrik": "Vägslitageavgiften och bioekonomin",
    "kammaraktivitet": "frågestund",
    "anforande_id": "077aecae-bb3b-e711-9452-00262d0d0c40",
    "anforande_nummer": "77",
    "talare": "Statsrådet Sven-Erik Bucht (S)",
    "parti": "S",
    "anforandetext": "<p>Fru talman! Tack för frågan, även om citatet inte är korrekt. </p><p>Jag måste ändå säga att regeringen har höga ambitioner att gå över till en biobaserad ekonomi. Sverige var en gång i tiden en oljebaserad ekonomi, och vi ska nu över till en smart biobaserad ekonomi som kommer att innebära att Sverige ska bli det första landet i världen som kan bli fossilfritt. Ambitionen är att Sverige ska bli fossilfritt redan 2045. Då är bland annat skogsråvara en viktig parameter för att komma ifrån det fossila bränslet. Att vidta kontraproduktiva åtgärder för att få fram skogsråvara som ska användas för att komma ifrån olja är inte bra. Det blir kontraproduktivt.</p>",
    "intressent_id": "0781357446917",
    "rel_dok_id": "H4C120170427fs",
    "replik": "N",
    "systemdatum": "2017-05-18 13:18:58"
  }
}