﻿{
  "anforande": {
    "dok_hangar_id": "4702552",
    "dok_id": "H409100",
    "dok_titel": "Protokoll 2016/17:100 Onsdagen den 26 april",
    "dok_rm": "2016/17",
    "dok_nummer": "100",
    "dok_datum": "2017-04-26 00:00:00",
    "avsnittsrubrik": "Policyramverk för svenskt utvecklingssamarbete och humanitärt bistånd",
    "underrubrik": null,
    "kammaraktivitet": "ärendedebatt",
    "anforande_id": "60a891a8-413a-e711-9452-00262d0d0c40",
    "anforande_nummer": "111",
    "talare": "Pernilla Stålhammar (MP)",
    "parti": "MP",
    "anforandetext": "<p> STYLEREF Kantrubrik \\* MERGEFORMAT Policyramverk för svenskt utvecklings-samarbete och humanitärt bistånd</p><p>Herr ålderspresident! Tack för frågan, Margareta Cederfelt!</p><p>Grunden är ju mänskliga rättigheter, demokrati och fattigdomsbekämpning. Den har vi gemensam, och det har Sverige alltid stått för i sitt utvecklingssamarbete.</p><p>Några fokusområden i våra utvecklingssamarbeten som vi har i dag är Afrika och Mellanöstern.</p><p>Jag menar det breda konfliktperspektivet. Det handlar om att förebygga konflikt genom utvecklingssamarbete, utveckling i olika samhällen, uppbyggande av demokratiska strukturer och så vidare. Det är ett lapptäcke av olika åtgärder som behöver vidtas för att man ska kunna förhindra konflikter och bygga starka samhällen.</p><p>Samtidigt är det många länder som befinner sig i konflikt. Där satsar Sverige på att kunna medla och bidra till konfliktlösning. Vi måste också se till att kvinnor - alltså 50 procent av befolkningen - inte hålls borta från förhandlingsborden. Man måste även ha med kvinnorna när man fattar beslut om hur ett samhälle ska byggas upp efter ett fredsavtal och i själva fredsavtalsbeslutet.</p><p>När det gäller postkonflikt bör man fortsätta att vara kvar när ett land har drabbats av krig och konflikt. Då handlar det väldigt mycket om att bygga upp demokratiska strukturer och institutioner för att man ska få ett fungerande samhälle som inte återgår i konflikt.</p><p>Det arbetet handlar väldigt mycket om förebyggande, om att häva konflikt och om postkonflikt.</p>",
    "intressent_id": "0704744533715",
    "rel_dok_id": "H401UU11",
    "replik": "Y",
    "systemdatum": "2017-05-16 16:13:00"
  }
}