﻿{
  "anforande": {
    "dok_hangar_id": "4546972",
    "dok_id": "H40910",
    "dok_titel": "Protokoll 2016/17:10 Onsdagen den 28 september",
    "dok_rm": "2016/17",
    "dok_nummer": "10",
    "dok_datum": "2016-09-28 00:00:00",
    "avsnittsrubrik": "Riksrevisionens rapport om ekonomiska risker för staten i fråga om gruvavfall",
    "underrubrik": null,
    "kammaraktivitet": null,
    "anforande_id": "3dd5f233-e195-e611-9441-00262d0d7125",
    "anforande_nummer": "50",
    "talare": "Jens Holm (V)",
    "parti": "V",
    "anforandetext": "<p>Fru talman! Jag tycker att Anders Forsbergs svar ganska väl illustrerar hur Sverigedemokraterna bedriver politik i dagens Sverige. Man säger hela tiden \"å ena sidan, å andra sidan, å andra sidan, å ena sidan\", men vad är det konkret man vill göra? Här finns det ett antal skarpa förslag om att ställa miljökrav och sociala krav med ekonomiska garantier på dessa bolag som etablerar sig i Sverige. Många av dem är tyvärr ute efter snabba vinster och vill inte ta ett samhällsansvar. Då säger Anders Forsberg \"ja, det här är vällovliga förslag, det här är bra saker som vi egentligen håller med om\", men ni tänker inte rösta för dem nu om några timmar. Det tycker jag är märkligt.</p><p>Jag tycker att det är bra att Sverigedemokraterna driver kravet på en höjd mineralavgift, men man har det som ett särskilt yttrande i betänkandet. Man väcker ingen motion med ett skarpt krav om det nu när man har chansen, för det är nu vi har betänkandet öppet.</p><p>Jag vill därför återigen fråga Anders Forsberg: Tycker du verkligen inte att detta är tillräckligt bra förslag för att ställa krav på de aktörer som vill etablera sig i Sverige genom att kräva ekonomiska garantier så att miljön, sjöar, marken och skogen inte förstörs för tiotals eller kanske hundratals år framöver, som vi tyvärr har sett exempel på? Om ni tycker så borde ni rösta för de här förslagen.</p>",
    "intressent_id": "0216534495014",
    "rel_dok_id": null,
    "replik": "Y",
    "systemdatum": "2016-10-19 11:49:08"
  }
}