﻿{
  "anforande": {
    "dok_hangar_id": "4546972",
    "dok_id": "H40910",
    "dok_titel": "Protokoll 2016/17:10 Onsdagen den 28 september",
    "dok_rm": "2016/17",
    "dok_nummer": "10",
    "dok_datum": "2016-09-28 00:00:00",
    "avsnittsrubrik": "Regional anpassning av arbetsmarknadsutbildning",
    "underrubrik": null,
    "kammaraktivitet": "ärendedebatt",
    "anforande_id": "0cd5f233-e195-e611-9441-00262d0d7125",
    "anforande_nummer": "5",
    "talare": "Raimo Pärssinen (S)",
    "parti": "S",
    "anforandetext": "<p>Herr talman! Vi hör att Niklas Wykman kommer från skatteutskottet, och han älskar alla skattesänkningar. Då borde det rimligtvis komma stora skattesänkningar i Moderaternas budgetmotion - ett sjätte jobbskatteavdrag som ska fixa det här med arbetslösheten. </p><p>Men kan Wykman för oss här i kammaren presentera att det gick bra med arbetslösheten under den tid då ni styrde och gjorde alla dessa skattesänkningar? Nej.</p><p>Kan Wykman leda i bevis att det var er regering och era åtgärder som gjorde att arbetsmarknadsutbildningarna blev effektivare? Nej. De sjönk ju som en sten på grund av er politik. Det är fakta. Sedan kan man försöka blåsa upp det eller trixa med statistiken. Det var så här det var, och det kommer från mycket trovärdiga källor.</p><p>Eftersom det var så stor kris inom Arbetsförmedlingen på grund av ointresse från regeringens sida - det ledde också till stora förändringar när det gällde besättningarna - tappade man förtroendet för Arbetsförmedlingen. Det var ju så. Nu är det ett hästjobb att vända på skutan, men det håller på att ske nu. I stället för att omgärda förmedlarna med detaljerade regelsystem öppnar vi nu för att man ska kunna vara professionell på sitt jobb som förmedlare. Det är skillnaden.</p><p>Ni hade politiken att man bara skulle vända sig till dem som stod längst ifrån arbetsmarknaden. Det betydde att det ofta var fel personer som blev rekryterade till utbildningarna, vilket gav ett dåligt resultat. Det är detta man nu förändrar.</p><p>Niklas Wykman kanske tror att man fixar detta med ett sjätte jobbskatteavdrag. Det tror inte vi socialdemokrater. Vi är övertygade om att det inte hjälper. Satsa på Arbetsförmedlingen i stället!</p><p>(Applåder)</p>",
    "intressent_id": "0113077554312",
    "rel_dok_id": "H401AU3",
    "replik": "Y",
    "systemdatum": "2016-10-19 11:49:04"
  }
}