﻿{
  "anforande": {
    "dok_hangar_id": "4703370",
    "dok_id": "H409101",
    "dok_titel": "Protokoll 2016/17:101 Torsdagen den 27 april",
    "dok_rm": "2016/17",
    "dok_nummer": "101",
    "dok_datum": "2017-04-27 00:00:00",
    "avsnittsrubrik": "Frågestund",
    "underrubrik": "Postgång på landsbygden",
    "kammaraktivitet": "frågestund",
    "anforande_id": "1a7aecae-bb3b-e711-9452-00262d0d0c40",
    "anforande_nummer": "96",
    "talare": "Lotta Finstorp (M)",
    "parti": "M",
    "anforandetext": "<p>Fru talman! Det är ett stort problem att vi ser politikområden som stuprör medan människor på landsbygden lever i sin verklighet och snarare med hängrännor. Därför ville jag ställa denna fråga till just landsbygdsministern.</p><p>Regeringen säger att hela Sverige ska leva, men er skattepolitik avseende vägslitageavgift och flygskatt slår hårdast mot människor som bor på landsbygden och driver företag där.</p><p>På vilket sätt säkrar landsbygdsministern samhällsservice för oss som bor och verkar på landsbygden?</p><p>(Applåder)</p>",
    "intressent_id": "0750518623913",
    "rel_dok_id": "H4C120170427fs",
    "replik": "N",
    "systemdatum": "2017-05-18 13:18:59"
  }
}