﻿{
  "anforande": {
    "dok_hangar_id": "4703370",
    "dok_id": "H409101",
    "dok_titel": "Protokoll 2016/17:101 Torsdagen den 27 april",
    "dok_rm": "2016/17",
    "dok_nummer": "101",
    "dok_datum": "2017-04-27 00:00:00",
    "avsnittsrubrik": "Väg- och fordonsfrågor",
    "underrubrik": null,
    "kammaraktivitet": "ärendedebatt",
    "anforande_id": "4d7aecae-bb3b-e711-9452-00262d0d0c40",
    "anforande_nummer": "141",
    "talare": "Karin Svensson Smith (MP)",
    "parti": "MP",
    "anforandetext": "<p>Herr ålderspresident! Miljöpartiet värnar alla transportslag för människor att ta sig fram. Jag talar ofta om cykel- och kollektivtrafik. Men jag tycker också att det är viktigt att värna om personbilismen i Sverige. Den kräver att vägarna är hela. De som bor utanför städerna kan inte ha potthål i vägarna.</p><p>Jag har blivit uppvaktad av många olika grupper från andra delar av Sverige än där jag bor som klagar på vägarnas tillstånd. Jag har frågat dem när potthålen inträffar. Då har ett tydligt samband framkommit med tyngre lastbilar. Jag menar att det är bilfientligt att hävda att lastbilen ska ha ensamrätt till vägen. Jag tycker att alla transportslag ska finnas och att människor som bor utanför storstäderna också ska kunna förflytta sig i vårt vägsystem.</p><p>Om man vill belasta vägarna mer måste man vara lite ärlig och anslå mer pengar. Sten Bergheden hänvisar till att de i Finland rustar upp broarna. Annars går broarna sönder. De är inte dimensionerade för så tunga bilar som Sten Bergheden föreslår. Det kräver att man anslår betydligt mer pengar till underhåll. Här handlar det om vägrekonstruktion. Enligt Vägverket motsvarar en fullastad 60 tons lastbil 75 000 personbilspassager. Personbilen har också rätt till vägsystemet, inte bara lastbilen.</p><p>Jag har en fråga till Sten Bergheden. Jag skulle vilja veta om Sten Bergheden betraktar USA som ett bilfientligt land. Är det Sten Berghedens uppfattning?</p>",
    "intressent_id": "0457308547314",
    "rel_dok_id": "H401TU14",
    "replik": "Y",
    "systemdatum": "2017-05-18 13:19:09"
  }
}