﻿{
  "anforande": {
    "dok_hangar_id": "4546972",
    "dok_id": "H40910",
    "dok_titel": "Protokoll 2016/17:10 Onsdagen den 28 september",
    "dok_rm": "2016/17",
    "dok_nummer": "10",
    "dok_datum": "2016-09-28 00:00:00",
    "avsnittsrubrik": "Regional anpassning av arbetsmarknadsutbildning",
    "underrubrik": null,
    "kammaraktivitet": "ärendedebatt",
    "anforande_id": "12d5f233-e195-e611-9441-00262d0d7125",
    "anforande_nummer": "11",
    "talare": "Raimo Pärssinen (S)",
    "parti": "S",
    "anforandetext": "<p> STYLEREF Kantrubrik \\* MERGEFORMAT Regional anpassning av arbetsmarknads-utbildning</p><p>Herr talman! Utvärderingen när det gäller Volvo Cars gav en bra lärdom. Det var även pengar som kom från europeiska fonder och så vidare. Precis som Désirée Pethrus säger var det ett dåligt resultat, men det ska man ha lärt sig av nu - det hoppas jag verkligen.</p><p>Vi kramar inte alla arbetsmarknadsutbildningar - det gör vi inte. Vi har haft perioder med en massa olika experiment i sämre konjunkturer och så vidare. Det ska vi inte ha, utan det ska vara riktat mot det behov som finns.</p><p>Då får man inte heller göra som ni tyvärr gjorde när ni låste in i regelsystemet och bara tittade på dem som var långt borta. Då fick vi exempel som den här verkstadskillen Magnus. Han sa: Det är konstigt. Jag träffade en kille vars föräldrar jag känner. Han har gått en verkstadsutbildning och är arbetslös. Jag har ringt till Arbetsförmedlingen och sagt att jag vill anställa den här killen, men nej, han kommer inte i första hand, för han har varit arbetslös för kort tid.</p><p>Det blev ju omvänt. Nu har man dock fått en annan instruktion så att man verkligen ska börja ta dem direkt från dag ett, och det kommer naturligtvis att hjälpa till och fylla på.</p><p>Sedan har vi det svåra problem som Désirée Pethrus pekar på, det vill säga de som har låg utbildningsnivå, inte kan språket och så vidare. Det är en utmaning, men nu på förmiddagen, innan jag kom hit, hade vi ett seminarium med Almega som också pekade på väldigt många goda exempel på vad som händer där ute.</p><p>Jag har inte tid att svara på alla frågor nu, men Désirée Pethrus känner till vad regeringen gör och har gjort. Det handlar om tidigare språkinlärning, bättre kartläggning, snabbspår och att öppna upp för studiestartsstöd för dem med låg utbildning, fler möjligheter att komma in på extratjänster och så vidare.</p><p>Det händer alltså en massa saker, och det tror jag att Désirée Pethrus också kan erkänna.</p>",
    "intressent_id": "0113077554312",
    "rel_dok_id": "H401AU3",
    "replik": "Y",
    "systemdatum": "2016-10-19 11:49:04"
  }
}