﻿{
  "anforande": {
    "dok_hangar_id": "4703370",
    "dok_id": "H409101",
    "dok_titel": "Protokoll 2016/17:101 Torsdagen den 27 april",
    "dok_rm": "2016/17",
    "dok_nummer": "101",
    "dok_datum": "2017-04-27 00:00:00",
    "avsnittsrubrik": "Frågestund",
    "underrubrik": "Stöd till demokratiska rörelser i världen",
    "kammaraktivitet": "frågestund",
    "anforande_id": "227aecae-bb3b-e711-9452-00262d0d0c40",
    "anforande_nummer": "104",
    "talare": "Christian Holm Barenfeld (M)",
    "parti": "M",
    "anforandetext": "<p>Fru talman! Dessvärre har det i många lägen varit lite för tyst från Sverige när det gäller kritik mot starka diktaturer. Vi vet att det har varit olika processer.</p><p>Både biståndsministern och utrikesministern har uttryckt att det sker positiva saker på Kuba. Jag har svårt att se de positiva delarna.</p><p>I går presenterade regeringen rapporter om mänskliga rättigheter. I rapporten om Vitryssland förefaller det som att man har missat mycket av det som har skett där, till exempel massarresteringar, på sistone.</p><p></p><p>Kommer vi att få höra biståndsministern ta tydligare ställning för demokrati och mänskliga rättigheter runt om i världen?</p>",
    "intressent_id": "0485476395125",
    "rel_dok_id": "H4C120170427fs",
    "replik": "N",
    "systemdatum": "2017-05-18 13:18:59"
  }
}