﻿{
  "anforande": {
    "dok_hangar_id": "4703370",
    "dok_id": "H409101",
    "dok_titel": "Protokoll 2016/17:101 Torsdagen den 27 april",
    "dok_rm": "2016/17",
    "dok_nummer": "101",
    "dok_datum": "2017-04-27 00:00:00",
    "avsnittsrubrik": "Skogspolitik",
    "underrubrik": null,
    "kammaraktivitet": "ärendedebatt",
    "anforande_id": "757aecae-bb3b-e711-9452-00262d0d0c40",
    "anforande_nummer": "180",
    "talare": "Jens Holm (V)",
    "parti": "V",
    "anforandetext": "<p>Fru ålderspresident! Röd politik för grön omställning - det var Vänsterpartiets slogan. Men en bra slogan ska kopieras och spridas, så vi bjuder på den.</p><p>Jag har två frågor till Isak From. Den första är kort. Du talar mycket om att bygga mer i trä. Jag håller helt med. Det är hoppfullt när man hör om ett antal byggföretag som nu börjar bygga i trä. Men det är trots allt ett byggande som fortfarande är på marginalen; det är betong och det gammalmodiga som fortfarande är normen.</p><p></p><p>Jag undrar helt enkelt: Vad har Socialdemokraterna för slags förslag för att vi ska stimulera ett ökat byggande i trä och kanske göra det lite dyrare att bygga i betong? I betänkandet föreslås ingenting konkret.</p><p>Jag skulle också vilja fråga Isak From om nyckelbiotopsinventeringen, som avbröts av Skogsstyrelsen men som nu ska ha återupptagits. Man ska inventera nyckelbiotoper. Det är ett begrepp som kanske inte är helt superdefinierat i vissa lägen, men man ska ta reda på var det finns områden med höga biologiska värden. Denna inventering är helt avgörande för att vi ska veta var det finns skog som borde vara prioriterad att skydda.</p><p>Nu säger Skogsstyrelsen att man ska börja att inventera igen. Men det man inventerar ska man sedan inte registrera. Man ska alltså inte göra någonting av det. Vi i Vänsterpartiet har tagit upp att man bör återgå till det tidigare arbete som man hade fram till dess att man hittar en kompletterande metod som fungerar ännu bättre.</p><p>Vad anser egentligen Socialdemokraterna om detta? Jag tycker att ni har varit väldigt tysta i debatten, där så gott som alla andra har haft en åsikt.</p>",
    "intressent_id": "0216534495014",
    "rel_dok_id": "H401MJU13",
    "replik": "Y",
    "systemdatum": "2017-05-18 13:19:11"
  }
}