﻿{
  "anforande": {
    "dok_hangar_id": "4703963",
    "dok_id": "H409102",
    "dok_titel": "Protokoll 2016/17:102 Fredagen den 28 april",
    "dok_rm": "2016/17",
    "dok_nummer": "102",
    "dok_datum": "2017-04-28 00:00:00",
    "avsnittsrubrik": "Svar på interpellation 2016/17:367 om medicinsk åldersbedömning",
    "underrubrik": null,
    "kammaraktivitet": "interpellationsdebatt",
    "anforande_id": "11999fe0-bc3b-e711-9452-00262d0d0c40",
    "anforande_nummer": "31",
    "talare": "Justitie- och migrationsministern Morgan Johansson (S)",
    "parti": "S",
    "anforandetext": "<p>Herr talman! Problemet var inte att ni inte drev på, utan problemet var att ni inte gjorde någonting. Ni lät systemet fallera utan att göra någonting. Det var ingenting 2012, 2013 eller 2014.</p><p>Detta har fört med sig stora konsekvenser. En sådan konsekvens är att när det kommer ensamkommande ungdomar hit är det svårt att avgöra deras ålder.</p><p>Den andra problemdelen var att när det 2015 kom 35 000 visste man inte hur man skulle placera dem. I en del fall placerades därför vuxna tillsammans med ungdomar.</p><p>Detta är ett exempel på när en regering inte klarar av att lösa en uppgift utan skjuter saker och ting framför sig. Då hamnar man ofta i sådana här situationer. </p><p>Min fråga till Johanna Jönsson var varför ni inte gjorde något när ni hade möjlighet att göra något för att klara upp situationen. Jag fick inget svar på den frågan.</p><p>Det kom 35 000 år 2015. Av dem har drygt hälften fått besked om de får stanna eller inte. Vi har kvar ungefär 17 000. De allra flesta av dem kommer att få besked inom det närmaste halvåret. </p><p>Vi har en hög takt på beslutsfattandet nu. Det togs 112 000 beslut förra året, och hittills i år har det tagits 95 000 beslut. Det är en följd av att vi har allokerat så mycket resurser till Migrationsverket.</p><p>Av de ensamkommande ungdomar som har fått sina beslut och är under 18 år ligger beviljandegraden högt. Jag tror att den senaste siffran är 84 procent.</p><p>Johanna Jönsson säger att rättssäkerheten är ifrågasatt. Migrationsverket har gjort en bedömning av en utvärdering av beslutsfattandet. Man har kommit fram till att man kan bli bättre i en del avseenden. Men att utifrån det säga att det inte finns någon rättssäkerhet på detta område är att dra för långtgående slutsatser. Det är tvärtom så att när frågorna väl kommer till migrationsdomstolarna och Migrationsöverdomstolen har ändringsfrekvensen inte ökat. Här görs en ny prövning för att se om det besked som Migrationsverket gav var riktigt eller inte. Att ändringsfrekvensen inte har ökat är ett argument för att vi har en rättssäker process.</p><p>Det är som sagt den enskilde som ska påvisa att åldern är sannolik. Det är så regelverket ser ut. Lyckas man inte med det löper man risken att bli betraktad som vuxen. Något annat sätt finns det inte för oss att hantera detta på. Vi kan inte ha en ordning där vi automatiskt litar på den som kommer och säger att han eller hon är 16 år när han eller hon i själva verket visar alla tecken på att vara 20, 25 eller 30 år. Det måste göras en prövning.</p><p>Det vi har gjort, som den borgerliga regeringen inte gjorde, är att vi har skapat ett system för medicinsk åldersbedömning som är ett av världens mest rättssäkra. Man har de modernaste metoderna till sitt förfogande.</p><p> STYLEREF Kantrubrik \\* MERGEFORMAT Svar på interpellationer</p><p>Johanna Jönsson påpekade helt riktigt att Migrationsverket i februari sa att man avvaktade med beslut tills man kunde tillgodogöra sig det nya bevismedlet. Det är så man får göra när man får ett nytt bevismedel.</p><p>Jag pekade också på möjligheten att domstolarna kan inhämta ytterligare underlag under en överklagandeprocess. Det har redan skett i ett tjugotal fall.</p><p>Att gå vidare i detta är inte aktuellt för mig.</p>",
    "intressent_id": "0473783431010",
    "rel_dok_id": "H410367",
    "replik": "N",
    "systemdatum": "2017-05-18 13:27:15"
  }
}