﻿{
  "anforande": {
    "dok_hangar_id": "4703370",
    "dok_id": "H409101",
    "dok_titel": "Protokoll 2016/17:101 Torsdagen den 27 april",
    "dok_rm": "2016/17",
    "dok_nummer": "101",
    "dok_datum": "2017-04-27 00:00:00",
    "avsnittsrubrik": "Medborgarskap, Migration och asylpolitik, Anhöriginvandring och Arbetskraftsinvandring",
    "underrubrik": null,
    "kammaraktivitet": "ärendedebatt",
    "anforande_id": "bf79ecae-bb3b-e711-9452-00262d0d0c40",
    "anforande_nummer": "7",
    "talare": "Paula Bieler (SD)",
    "parti": "SD",
    "anforandetext": "<p>Fru ålderspresident! Jag kan inledningsvis skicka en hälsning till Socialdemokraterna: Om man vill avskaffa EBO går det alldeles utmärkt att yrka bifall till yrkande 19 vår motion 3409, som handlar just om att se över EBO-lagstiftningen och antingen avskaffa den eller möjliggöra för kommunerna att undantas.</p><p>Fru ålderspresident! Vi behandlar i dag fyra betänkanden i ett. Ett betänkande handlar om medborgarskapsfrågor, ett handlar om migration och asylfrågor, ett handlar om anhöriginvandring och ett handlar om arbetskraftsinvandring.</p><p></p><p>Vi hörde nyss Moderaternas talesperson Johan Forssell säga här i talarstolen att detta sker mot bakgrund av vad som har hänt de senaste åren och - flera gånger - att det är lätt att vara efterklok.</p><p>Jag kan stå här och stolt säga att för mig och mina partikamrater har det också varit väldigt lätt att vara förklok. Det är inte på något sätt märkligt att det som har skett har skett, utan det var på alla sätt förutsägbart. Det kanske inte var förutsägbart exakt när, exakt hur eller exakt vilka siffror det skulle handla om, men att vi stod inför en kris och att den politik som fördes öppnade upp för de följdeffekter som vi har sett har varit en självklarhet under lång tid.</p><p>Det finns till och med ministrar i nuvarande regering som har uttryckt sig på exakt detta sätt. Det är självklart att om Sverige har en generösare migrationspolitik än övriga EU-länder kommer vi också att få ett betydligt större mottagande än övriga EU-länder. Det här är bara en liten del i den politik som har förts och som har lett till den situation som vi varit i och fortfarande är i.</p><p>Fru ålderspresident! Det har varit ett par mycket omtumlande år, minst sagt, där siffrorna för antalet asylsökande som valt att söka asyl i just Sverige har skjutit i höjden.</p><p>Det har också varit ett par omtumlande veckor. Mot bakgrund av superkrisen 2015 började allt fler partier svänga, men de senaste veckorna - sedan vi drabbats av ett terrorattentat som krävde dödsoffer utöver terroristen själv - har det varit än märkligare att lyssna på övriga partiers utspel och uttalanden.</p><p>Helt plötsligt talar jättemånga om att det är ett problem att vi har ett så stort antal avvikna personer i Sverige - personer som efter avslagsbeslut har stannat kvar i Sverige och befunnit sig i vårt land utan legal rätt till detta. Självaste Miljöpartiet har ett språkrör som gick ut och talade om att man kanske bör sätta fotboja på fler personer som får avslag för att minska antalet som kan gömma sig i vårt land illegalt.</p><p>Det är förstås bra att fler personer som jobbar med politik och som har ansvar för vårt land inser det självklara i att lagar och beslut måste följas. Jag kan dock inte låta bli att tycka att det är både oroväckande och en aning ironiskt att vi, som har påpekat detta under lång tid, just med motiveringen att det handlar om att lagar ska efterlevas och att regler inte får urholkas, har anklagats för att vara populister och för att dra alla över en kam.</p><p>Det ska till ett terrordåd för att andra politiker ska inse att personer inte ska vistas i vårt land illegalt. Är det bara terrorister som ska utvisas om de har ett utvisningsbeslut på sig? Är det bara de som begår grova brott som inte ska få stanna om de inte har rätt att stanna?</p><p>Det är två olika debatter som har blandats ihop, och jag fascineras över hur detta samtal har förts.</p><p>För mig och för mitt parti är det, som sagt, alldeles självklart: Om vi har regler ska dessa följas. Om beslut fattas ska dessa följas.</p><p>När man talar om att värna asylrätten måste man också se över vad det är som urholkar den. Är det inte så att vi urholkar asylrätten om vi är slapphänta och låter personer stanna kvar fastän de har kommit hit, sagt sig söka asyl och fått beslut om att de inte har asylskäl? Då tillåter vi att systemen missbrukas för att användas som migrationsvägar till vårt land - inte för att erbjuda skydd till dem i akut nöd och behov av detta.</p><p></p><p>Fru ålderspresident! Vi har redan varit inne på att Migrationsverket släppte sin nya prognos i går. Jag ska direkt passa på att rätta Johan Forssell lite grann. Han sa att 51 000 ärenden beräknas lämnas över till polis de närmaste fyra åren, men dessa 51 000 ärenden är de där ärendet beräknas lämnas över till polis och där personen beräknas avvika.</p><p>Därutöver är det ytterligare 20 000 som beräknas flyttas över till polis för att utvisas med tvång och som alltså inte förmår att självmant följa våra lagar och att respektera våra beslut. Denna siffra är dock väldigt låg satt i relation till hur många som faktiskt följer de beslut som fattas.</p><p>När jag ändå pratar om prognosen från Migrationsverket vill jag passa på att nämna något om de 34 000 personer som - vilket vi hörde tidigare - beräknas komma hit under innevarande år för att söka asyl. Det här är en siffra av flera. Det har presenterats scenarier med både större och mindre antal asylsökande. Spännvidden är från 22 000 till 45 000 asylsökande under innevarande år.</p><p>Men jag vill vara tydlig med att Migrationsverket poängterar att det råder en väldigt stor osäkerhet, inte bara gällande att det finns en stor spännvidd utan också vad beträffar det faktum att användandet av de migrationsvägar som har tagits till Europa, som bromsades när fler länder införde gränskontroller, såg över villkoren för mottagande och började få kontroll över sina gränser, börjar öka igen.</p><p>Siffrorna börjar åter peka uppåt för antalet som kommer direkt till Italien via den centrala rutten över Medelhavet. Vi ser att siffrorna för rutterna runt Medelhavet också är på väg uppåt.</p><p>Vad gäller den minskning som vi har sett, som till stor del har följt av att andra länder har börjat att ta sitt ansvar och ha gränskontroller, påpekar Migrationsverket att det finns en stor risk att systemet kommer att braka samman ännu en gång. I takt med att antalet ökar finns det en betydande risk att övriga länder inte längre vill, orkar eller förmår att hålla sina gränser och ha kontroll över migrationen.</p><p>Anledningen till att jag tar upp detta är att ingen ska kunna hävda att Migrationsverket inte varnade, vilket på senare tid har varit populärt att hävda bland regeringspartierna gällande de rapporter som har kommit om hur man hanterade situationen 2015.</p><p>Migrationsverket varnade redan då. Migrationsverket lämnade prognoser med tydlig information om att det rörde sig om osäkra prognoser och att det fanns många faktorer som kunde påverka resultatet åt olika håll. Ändå framställs det som att man inte visste, att det inte var säkert och att ingen kunde förutse. Ändå hävdas det att det är lätt att vara efterklok och att vi har varit naiva. Det sista kan jag instämma i, inte att vi har varit det men att väldigt många i kammaren har varit det.</p><p>Fru ålderspresident! Sverigedemokraterna har under flera års tid lagt fram många konkreta förslag om hur man kan påverka de migrationsströmmar till Sverige som sker i namnet av asyl, under förevändningen att man söker asyl, men som i själva verket är sätt att förflytta sig och migrera vidare från en förvisso dålig situation men inte för att akut söka skydd.</p><p>Vi har talat om vikten av att säkerställa att principerna som låg till grund för Dublinförordningen - att man ska söka asyl och få skydd i första säkra land - ska gälla. Övriga länder i EU - och egentligen även utanför, för det är inte bara Europa som kan erbjuda skydd - måste pressas att ta det ansvar de har i egenskap av att vara den första plats där personer kan nå säkerhet.</p><p></p><p>Hela tanken bakom att man ska söka skydd och beviljas skydd där man befinner sig, såsom asylsystemet är utbyggt, är för att personer inte ska behöva flytta. De ska inte behöva röra på sig längre än till en säker plats. Det är byggt för de ställen där det redan fanns en stor bredd, en stor diaspora, som skulle skyddas från att fortsatt förtryckas där de befann sig. De skulle ha rätt att stanna där de var.</p><p>Dem migrationspolitik som inte minst Sverige har fört har lett till att man har godkänt och godtagit att andra länder smiter undan sitt ansvar. Andra länder erbjuder så dåliga villkor att man har ett race to the bottom, där personer som behöver skydd känner sig mer eller mindre tvungna att flytta sig vidare.</p><p>Man öppnar därmed också upp för att andra personer passar på och ansluter till migrationsströmmarna. Kommer de inte direkt från stridens hetta är det svårare att spåra tillbaka. Det är därför vi har långa handläggningstider, långa utredningar och mycket osäkerhet. Man ser inte konkret var personer kommer ifrån när personer rör på sig.</p><p>Vi ska självfallet hjälpa till. Vi ska självfallet bidra till mottagande via vidarebosättningssystemet där det finns behov av det. Vi ska bidra till att de länder som geografiskt befinner sig nära också har en kapacitet och får möjlighet och stöd för att vara just den geografiska plats där personer får skydd.</p><p>Vi ska vara beredda på, även om det är väldigt osannolikt, att om en kris händer i vårt närområde ska vi kunna erbjuda platser, tak över huvudet, och kräva hjälp från andra länder för det praktiska med detta.</p><p>Vi har under lång tid lagt fram många konkreta förslag med många hänvisningar till exakt vilka förordningar och internationella avtal som ger oss rätt att agera och som ger oss rätt att säga: Stopp, ni tar inte ert ansvar, som ger oss rätt att säga: Det är inte här personer ska söka asyl.</p><p>Fru ålderspresident! Nog om detta för tillfället. Jag vill tala lite kort om en annan fråga där det har svängt mycket de senaste åren. I valrörelsen, och inte minst i valrörelsen inför valet till Europaparlamentet, skedde ett mirakel i Sverige. Sverigedemokraterna hade påtalat att vi hade problem med ett organiserat tiggeri i Sverige med personer som utnyttjas, personer som begår brott och kriminella nätverk som lever på detta. Vips, om vi påtalar detta, finns inte problemet.</p><p>Det fanns inget problem med tiggeri i Sverige. Det fanns inget organiserat tiggeri. Det var omöjligt att förbjuda fattigdom, uttalade man. På senare tid har allt fler partier återigen även i denna fråga insett: Jo, det är ett problem med organiserat tiggeri. Vi har problem med personer både som utnyttjas och som utnyttjar till följd av, återigen, slapp efterlevnad av de regelverk som gäller, bristande kontroller och bristande vilja att ta tag i problemet och agera.</p><p>En av de reservationer jag avser att yrka bifall till handlar om den fria rörligheten inom EU. Vi vet att det tyvärr ofta är så att en stor del av det tiggeri som vi har i Sverige är en följd av att det finns andra länder som har släppts in i EU som inte förmått ta ansvar för sina egna medborgare. Dessa medborgare åker i stället hit för att försörja sig genom tiggeri på våra gator.</p><p>Det här är ett typiskt exempel på när regelverk inte efterlevs. Man har rätt som EU-medborgare att åka till andra länder och vistas där i tre månader. Men vi har ingen kontroll över hur länge personerna vistas här. Vi har ingen registrering som sker när de kommer in. De måste visa att de är medborgare, men sedan händer inte så mycket. De kan stanna här ganska lång tid utan att över huvud taget få det prövat.</p><p></p><p>Vi hade tidigare kontroll, registrering och krav på folkbokföring även för EU-medborgare. Det togs bort till följd av ett EU-direktiv. Tyvärr händer det ofta att EU ger med ena handen, tar med andra handen, och gör det hela sämre i slutändan.</p><p>Egentligen är det allt detta som man hänvisar till från utskottets sida när vi i dag säger att det finns ett behov av att återinföra kontroll, registrering och krav på medvetenhet om vilka som befinner sig i vårt land, när, var och hur.</p><p>Vi står fast vid att regelverk och förordningar är utformade på ett sådant sätt att de inte fungerar och att de gör mer skada än nytta. När andra länder under lång tid har kunnat strunta i vissa förordningar som gäller kan också Sverige hävda att vi har ett behov av kontroll. Systemet fungerar inte.</p><p>Jag kan också notera att i själva ställningstagandet från utskottet talar man om att det finns en möjlighet att avvisa vid gränsen när EU-medborgare kommer hit om de inte kan visa sin identitet. Om de inte är EU-medborgare har de självfallet inte rätt att komma hit. Det gäller också om det finns skäl att anta att de inte kommer att kunna försörja sig eller göra rätt för sig.</p><p>Hade jag varit naiv hade jag väl hoppats att utskottets ställningstagande egentligen innebar att man ville att fler skulle avvisas vid gränsen. Det är väl också ett medskick till regeringen att se till att sådana kontroller implementeras.</p><p>Fru ålderspresident! Det finns självfallet skäl när personer fullt legitimt och välkommet ska kunna flytta till Sverige. Det kan handla om arbete, studier eller om de hittar sin kärlek och finner att Sverige är det land där de har mest gemensamt och som de vill bosätta sig i.</p><p>Sverigedemokraterna gör en väldigt stor skillnad mellan uppehållstillstånd och medborgarskap. För oss är det en självklarhet att om man vill stanna i Sverige permanent och vill ha permanent uppehållsrätt bör man också sträva efter att bli svensk medborgare. Då bör vi också uppvärdera medborgarskapet.</p><p>Det är en grundläggande tanke för oss i synen på hur man skapar gemenskap. Medborgarskapet måste uppvärderas. Vi har haft detta som en röd tråd, inte minst i vår höstbudget förra året och i efterföljande debatter. Därför kommer jag inte att orera länge om det. Jag ser att många är oroliga, och jag har redan dragit över min anmälda talartid väldigt mycket.</p><p>Jag vill poängtera att det är en väldigt stor skillnad mellan att vara här av en specifik anledning som gör att man beviljas uppehållstillstånd - det ska kunna förlängas och utvärderas, men det ska fortfarande vara bundet till att man följer de villkor som gäller för detta - och att ha ovillkorlig rätt att vistas i vårt land. Det bör vara förbehållet medborgare, de som fullt ut anammat att vara svenskar och som ser Sverige som sitt hemland.</p><p>Fru ålderspresident! Med detta står jag givetvis bakom samtliga reservationer från Sverigedemokraterna. Men för tids vinnande yrkar jag endast bifall till reservation 2 i SfU14 och reservationerna 19, 37 och 43 i SfU15.</p>",
    "intressent_id": "0182800488922",
    "rel_dok_id": "H401SfU14, H401SfU15, H401SfU16, H401SfU17",
    "replik": "N",
    "systemdatum": "2017-05-18 13:18:53"
  }
}