﻿{
  "anforande": {
    "dok_hangar_id": "4546972",
    "dok_id": "H40910",
    "dok_titel": "Protokoll 2016/17:10 Onsdagen den 28 september",
    "dok_rm": "2016/17",
    "dok_nummer": "10",
    "dok_datum": "2016-09-28 00:00:00",
    "avsnittsrubrik": "Riksrevisionens rapport om ekonomiska risker för staten i fråga om gruvavfall",
    "underrubrik": null,
    "kammaraktivitet": null,
    "anforande_id": "36d5f233-e195-e611-9441-00262d0d7125",
    "anforande_nummer": "43",
    "talare": "Jens Holm (V)",
    "parti": "V",
    "anforandetext": "<p>Fru talman! Jag har två frågor till Maria Strömkvist.</p><p>Du sa, Maria, att våra motioner i detta ärende faller ganska platt. Jag tycker tyvärr att utskottsmajoritetens svar faller ganska platt, eller kommer i varje fall till korta, i vissa viktiga frågor.</p><p>Det första rör Bergsstatens tillstånd för provborrning. Jag tycker att det i detta fall är uppenbart att Bergsstaten ger många sådana tillstånd, och det går väldigt fort när man ger dem. Man ställer dock inga ekonomiska krav på den som får tillstånd att borra i marken och sedan kanske öppna en gruva vad gäller att återställa miljön.</p><p>När jag läser ert svar tycker jag ärligt talat att det känns rätt krystat. Vad ni säger är att det är svårt att bedöma hur stor en ekonomisk garanti ska vara, alltså hur mycket pengar dessa företag ska fondera. Det kan jag hålla med om: Det är svårt att säga en exakt summa. </p><p>Men kan vi inte vara överens, Maria, om att det vore bra att ställa ekonomiska krav på dem som provborrar i vår svenska berggrund? Skulle vi inte på så sätt kunna sålla ut de bolag som är ute efter snabba pengar och kortsiktiga vinster men som inte tar något som helst miljöansvar eller socialt ansvar? Vi vet att det finns sådana aktörer i denna bransch. Detta var min första fråga.</p><p>Min andra frågar gäller det faktum att vi i Sverige har världens lägsta mineralavgift. Den är löjligt låg: 2 promille av värdet på det man plockar upp ur berggrunden. Vi i Vänsterpartiet vill höja den. Vi tycker att det är dags att denna industri ska betala för det som man plockar upp.</p><p> STYLEREF Kantrubrik \\* MERGEFORMAT Riksrevisionens rapport om ekono-miska risker för staten i fråga om gruvavfall</p><p>Ni svarar bara att ni inte vill föregripa regeringens beredning. Men vad är det då egentligen som regeringen bereder? Det skulle jag vilja veta.</p>",
    "intressent_id": "0216534495014",
    "rel_dok_id": null,
    "replik": "Y",
    "systemdatum": "2016-10-19 11:49:08"
  }
}