﻿{
  "anforande": {
    "dok_hangar_id": "4703370",
    "dok_id": "H409101",
    "dok_titel": "Protokoll 2016/17:101 Torsdagen den 27 april",
    "dok_rm": "2016/17",
    "dok_nummer": "101",
    "dok_datum": "2017-04-27 00:00:00",
    "avsnittsrubrik": "Väg- och fordonsfrågor",
    "underrubrik": null,
    "kammaraktivitet": "ärendedebatt",
    "anforande_id": "497aecae-bb3b-e711-9452-00262d0d0c40",
    "anforande_nummer": "137",
    "talare": "Leif Pettersson (S)",
    "parti": "S",
    "anforandetext": "<p>Herr ålderspresident! Vi kan vara överens om en sak, Sten Bergheden och jag, och det är att åren 2006-2014 hade vi en moderatledd alliansregering i Sverige. Det tror jag inte att Sten Bergheden på något sätt förnekar, för så var det.</p><p>Sedan finns det en del andra saker som jag skulle vilja att Sten Bergheden påminner mig om, för jag kanske har dåligt minne.</p><p>Under den här tiden, under dessa åtta år, hur många beslut fattade regeringen om att tillåta tyngre fordon i Sverige? Det är en enkel fråga som jag undrar om Sten Bergheden kan svara på.</p><p>Min nästa fråga är: Hur många kilometer väg öppnades för tyngre fordon, 64 eller 74 ton, i Sverige under samma tid, alltså 2006-2014?</p><p>Det var två mycket enkla frågor med två mycket enkla svar. Kan Sten Bergheden svara på dem?</p>",
    "intressent_id": "0365797008114",
    "rel_dok_id": "H401TU14",
    "replik": "Y",
    "systemdatum": "2017-05-18 13:19:08"
  }
}