﻿{
  "anforande": {
    "dok_hangar_id": "4702552",
    "dok_id": "H409100",
    "dok_titel": "Protokoll 2016/17:100 Onsdagen den 26 april",
    "dok_rm": "2016/17",
    "dok_nummer": "100",
    "dok_datum": "2017-04-26 00:00:00",
    "avsnittsrubrik": "Nya utstationeringsregler",
    "underrubrik": null,
    "kammaraktivitet": "ärendedebatt",
    "anforande_id": "e6a791a8-413a-e711-9452-00262d0d0c40",
    "anforande_nummer": "1",
    "talare": "Jessika Roswall (M)",
    "parti": "M",
    "anforandetext": "<p>Herr ålderspresident! Vi ska i dag debattera regeringens proposition om nya utstationeringsregler. En hel del av förslagen är relaterade till regler genom EU-direktiv. Jag tänker inte ta upp dem i debatten utan koncentrera mig på de frågor där vi i Alliansen tillsammans med många remissinstanser anser att förslagen leder fel.</p><p>Låt mig börja med att säga något om utstationering. Finns det något värde med det? Det sker ca 40 000 utstationeringar varje år i Sverige. Merparten av dem sker i byggsektorn; det vet vi. Enligt beräkningar är det samhällsekonomiska värdet av utstationering i Sverige ca 4,1 miljarder kronor per år. Ungefär hälften av det härrör från byggsektorn.</p><p>Varje dag kan vi läsa om att vi behöver bygga fler bostäder och mer infrastruktur. Utgångspunkten i den här debatten bör alltså vara att efterfrågan på arbetskraft inom framför allt bostadsbyggandet kommer att vara stor under många år och att det finns viktiga värden i ökad rörlighet på arbetsmarknaden.</p><p>Vad gäller propositionen har vi i Alliansen ett flertal invändningar. Jag börjar med den övergripande invändningen som Lagrådet varit väldigt tydligt med: Var finns utredningen som stöder att dessa regler gör tillämpningen mer effektiv och ändamålsenlig? I propositionen anförs det ett flertal gånger, men Lagrådet är extremt tydligt och hänvisar till och med till regeringsformen när man säger att lagen inte uppfyller de syften som den sägs uppfylla. De flesta av oss tycker att det är en rimlig utgångspunkt att ha ett syfte och kunna bevisa att det behövs, men det är någonting som regeringen uppenbarligen helt struntar i.</p><p>Vi i Alliansen anser att den nuvarande lagstiftningen fungerar väl och att det i avsaknad av faktiska argument från regeringen eller en utredning är oklokt att göra några förändringar. Man måste då fråga sig vad det egentliga motivet är bakom regeringens förslag.</p><p>Liksom många remissinstanser menar vi att regeringens förslag går för långt. Avsikten med lex Laval och bevisregeln var att bevara den svenska arbetsmarknadsmodellen samtidigt som man slog vakt om den fria rörligheten och uppfyllde EU-domstolens krav.</p><p>De regler som gällt fram till nu innebär att facken haft möjlighet att vidta stridsåtgärder för att säkra efterlevnaden av villkor inom den hårda kärnan i ett svenskt centralt branschavtal. Det kan gälla exempelvis minimilön, arbetstid och semester. Men fackföreningarna måste ta hänsyn till att arbetstagarna redan kan ha villkor som uppfyller kraven, till exempel genom ett utländskt kollektivavtal.</p><p>Dessutom finns det möjligheter för utstationerande arbetsgivare att freda sig enligt bevisregeln genom att visa att man uppfyller de krav som ställs. Det innebär att arbetsgivaren ska ha visat att det är ställt utom rimligt tvivel att sjysta villkor tillämpas.</p><p>Med regeringens förslag kommer facket att kunna vidta stridsåtgärder och kräva kollektivavtal av varje företag som kommer hit - även om de uppfyller minimivillkor eller till och med går längre. Givet att de flesta utstationeringar sker under kort tid - enbart några månader - kan såklart ett kollektivavtal och de skyldigheter som följer av detta med förhandlingar och annat upplevas som betungande. Det kanske rent av gör att vissa företag väljer att inte komma hit. Det, menar vi, är inte någonting som Sverige behöver. Liksom flertalet remissinstanser tycker vi också att det här strider mot EU-rättens principer om proportionalitet och ömsesidigt erkännande.</p><p>Förslaget riskerar dessutom att vara konfliktdrivande, vilket regeringen har fått påtalat för sig men struntat i. Jag tänker på det att om en arbetsgivare sluter kollektivavtal frivilligt gäller kollektivavtalet i alla delar. Men om en arbetsgivare väljer att avvakta, blir varslad om stridsåtgärd och då tecknar avtal, då gäller en annan typ av kollektivavtal med begränsade skyldigheter. Vad är det för logik, och hur kan man påstå att det blir mer effektivt och ändamålsenligt?</p><p> STYLEREF Kantrubrik \\* MERGEFORMAT Nya utstationerings-regler</p><p>Det sista jag vill lyfta fram är det här med transparens. Grunden inom EU är samarbete och den fria rörligheten av varor, tjänster och arbetskraft. Som jag sa inledningsvis är det värdefullt - till och med nödvändigt - för Sverige med rörlighet på arbetsmarknaden, och utstationeringen ger samhällsekonomiska vinster för Sverige.</p><p>Men för att utstationerande företag ska vilja och kunna verka i Sverige måste de veta vad som krävs av dem, och för att utländska arbetstagare ska känna till sina rättigheter måste de kunna ta del av gällande kollektivavtal. Regler om detta har funnits sedan lex Laval infördes, men vi kan konstatera att de inte efterföljs av arbetstagarorganisationerna. Till dags dato är det ett fåtal - jag upprepar: ett <em>fåtal</em> - kollektivavtal som har lämnats in till Arbetsmiljöverket. Det är därför obegripligt och oacceptabelt att regeringen inte följer upp detta med någon sorts lagstiftning som ökar transparensen. Konkret innebär detta att med de nya reglerna kan en arbetstagarorganisation vidta stridsåtgärder, men arbetsgivaren kan ha saknat tillgång till det kollektivavtal man ska följa. Det är inte en balanserad lagstiftning.</p><p>Sammanfattningsvis, herr ålderspresident, vill jag säga att det är viktigt att det finns goda villkor för den som kommer hit och arbetar. Därför är det bra att delar av tillämpningsdirektivet nu genomförs. Det går att förbättra regelverket utan att försvåra för de företag som kommer hit. Men jag anser att det är anmärkningsvärt att regeringen tillsammans med Sverigedemokraterna driver igenom de här förslagen, som verkar drivas mer av protektionism än av ett genuint intresse för dem som vill verka och arbeta här.</p><p>Herr ålderspresident! Jag yrkar bifall till reservation 1.</p><p>(Applåder)</p>",
    "intressent_id": "0718034011110",
    "rel_dok_id": "H401AU9",
    "replik": "N",
    "systemdatum": "2017-05-16 16:12:44"
  }
}