﻿{
  "anforande": {
    "dok_hangar_id": "4546972",
    "dok_id": "H40910",
    "dok_titel": "Protokoll 2016/17:10 Onsdagen den 28 september",
    "dok_rm": "2016/17",
    "dok_nummer": "10",
    "dok_datum": "2016-09-28 00:00:00",
    "avsnittsrubrik": "Ett svenskt tonnagebeskattningssystem",
    "underrubrik": null,
    "kammaraktivitet": "ärendedebatt",
    "anforande_id": "29d5f233-e195-e611-9441-00262d0d7125",
    "anforande_nummer": "32",
    "talare": "Cecilie Tenfjord-Toftby (M)",
    "parti": "M",
    "anforandetext": "<p>Fru talman! Jag yrkar bifall till förslaget i betänkandet och avslag på motionen.</p><p>Sverige har, som tidigare talare tagit upp, i generationer varit en stolt sjöfartsnation. Den svenska handelsflottan har varit en tillgång för våra övriga näringar, som behöver få ut sina varor på den internationella marknaden. En svensk flagga har varit en symbol för viktiga arbetstillfällen, skatteintäkter, miljö och utveckling inom näringen.</p><p>Tyvärr har vi under de senaste två decennierna sett en ständig minskning av antalet svenskflaggade fartyg på världens hav. Det finns självklart flera orsaker till det, men ett av de argument som näringen själv har lyft fram är att de under andra länders flagga kan få en gynnsammare beskattning. Detta har utarmat den svenska handelsflottan, arbetstillfällen har försvunnit och kompetensen inom sjöfarten hotas.</p><p>För att komma åt den snedvridna konkurrensen föreslås nu en ny skatt för den svenska internationella handelsflottan - en tonnagebeskattning. Det är ett förslag som vi moderater välkomnar och ställer oss bakom. Det är viktigt för Sverige och för att tillvarata den kompetens som finns inom den svenska sjöfarten att vi behåller och utökar antalet fartyg under svensk flagg.</p><p>Fru talman! Som tidigare talare har lyft fram har det varit en långdragen process. Den startade 2004, och vi har haft flera utredningar. Att detta är en komplex fråga visade sig före sommaren, när vi trodde att vi var i mål men då EU-kommissionen hade invändningar mot vissa detaljer i lagförslaget som de menade stred mot EU:s statsstödsregelsystem. Vi fick återigen göra om, och med vissa smärre justeringar kan vi i dag äntligen debattera förslaget om ett svenskt tonnagebeskattningssystem.</p><p> STYLEREF Kantrubrik \\* MERGEFORMAT Ett svenskt tonnage-beskattningssystem</p><p>Alla skatter ska ha ett tydligt syfte, och för denna lagändring är målet att vi genom en ökad konkurrenskraft nu återigen ska se en tillväxt av antalet svenskflaggade fartyg i vår handelsflotta. En växande sjöfartsnäring har positiva effekter på alla svenska näringsområden.</p><p>Det ligger nu på våra rederier att visa att tonnagebeskattningen faktiskt styr mot detta mål. Alla signaler som vi har fått från den svenska sjöfartsnäringen styr åt det hållet. Inte ofta kan vi se ett mer synligt och konkret resultat än om vi lyckas nå målen genom denna skatteändring - ett ökat antal svenska flaggor på världens hav.</p><p>(Applåder)</p><p>I detta anförande instämde Hans Rothenberg (M).</p>",
    "intressent_id": "010343930918",
    "rel_dok_id": "H401SkU6",
    "replik": "N",
    "systemdatum": "2016-10-19 11:49:06"
  }
}