﻿{
  "anforande": {
    "dok_hangar_id": "4703963",
    "dok_id": "H409102",
    "dok_titel": "Protokoll 2016/17:102 Fredagen den 28 april",
    "dok_rm": "2016/17",
    "dok_nummer": "102",
    "dok_datum": "2017-04-28 00:00:00",
    "avsnittsrubrik": "Aktuell debatt om attentatet i Stockholm",
    "underrubrik": null,
    "kammaraktivitet": "aktuell debatt",
    "anforande_id": "f3989fe0-bc3b-e711-9452-00262d0d0c40",
    "anforande_nummer": "7",
    "talare": "Linda Snecker (V)",
    "parti": "V",
    "anforandetext": "<p>Herr talman! För tre veckor sedan drabbades Sverige av ytterligare en terrorattack. Mitt i Stockholms dunkande pulsåder körde en lastbil in i en folkmassa under fredagseftermiddagens rusning. Fem personer avled och många fler chockades. Men Sverige och det svenska folket agerade inte med panik utan med solidaritet. Människor öppnade sina hem och erbjöd mat och sovplatser till dem som inte kunde ta sig hem. Dagen efter fylldes Stockholm av blommor, kärleksbudskap och kramar till polisen.</p><p> STYLEREF Kantrubrik \\* MERGEFORMAT Aktuell debatt om attentatet i Stockholm</p><p>Vad många efterfrågade var lugn och att politiken inte skulle dra förhastade slutsatser eller agera i affekt. Vad som har skett är tvärtom. Så gott som vartenda politiskt parti har tävlat om att verka allra mest handlingskraftigt och slängt fram ogenomtänkta förslag som bryter både mot grundlagen och mot mänskliga rättigheter.</p><p>Terrorism är ett hot som vi tar på stort allvar, oavsett om det sker i Syrien, Paris, Norge, Trollhättan eller Stockholm. Men Vänsterpartiet är inte intresserat av att delta i det absurda politiska spel som just nu pågår. Vi måste våga hålla huvudet kallt och hjärtat varmt i sådana här sammanhang, inte dra några förhastade slutsatser eller föreslå sådana åtgärder eller lagstiftning.</p><p>Vänsterpartiet vill bekämpa och motverka terrorism med effektiva, rättssäkra och välavvägda metoder. Vi måste stå upp för demokratiska principer som är fastslagna i grundlagen och kunna balansera olika legitima intressen - brottsbekämpning och medborgerlig trygghet å ena sidan och rättssäkerhet och integritet å andra sidan - när vi lagstiftar.</p><p>Många av förslagen som debatteras i medierna är dessutom till för att förhindra exakt det som redan har skett i Stockholm. Men det behövs också åtgärder som kan förhindra sådana terrordåd som utfördes av Anders Behring Breivik i Oslo och Anton Lundin Pettersson i Trollhättan. Nästa terrordåd kan ske i tunnelbanan eller på en flygplats, precis som i Bryssel. Därför behövs det en samlad kunskap, analys och förslag som inte bara förhindrar det som redan skett utan även det som inte får ske.</p><p>Det som händer just nu är att det enbart fokuseras på våldsbejakande islamistisk extremism. Det är nästan så att en kan tro att det bara är vissa män med en viss religion eller bakgrund som kan begå terrorbrott, men så är det ju inte.</p><p>Vi ser lika allvarligt på terrorism och extremistiska handlingar oavsett om handlingarna är motiverade av högerextrema eller religiösa skäl. Jihadism och högerextremism är lika på så sätt att deras våldsamma idéer är patriarkala, konservativa och militanta. De får bränsle av varandra och är ömsesidigt beroende av att skapa en förvrängd hatbild av det öppna samhället.</p><p>Muslimer svartmålas i debatten och beskylls för att vara terrorister. Det är en del av Daish mål att alla muslimer ska stigmatiseras från det öppna samhället och söka sig till den islamiska staten. Det är även vad antimuslimska fascistiska och främlingsfientliga krafter vill, att muslimer ska vara de onda och det vita och svenska det goda. </p><p>Jihadister och rasister går hand i hand i sin kamp mot samhällets mångfald. Det är också därför både Daish och vitmaktmiljöer arbetar enligt ensam varg-teorin, att den attackerande terroristen är en ensam person utan nätverk omkring sig. Så är oftast inte fallet.</p><p>Attackerna härstammar från samma angrepp mot mångfald, det öppna samhället och i grund och botten vår demokrati. Därför måste samtliga extrema miljöer motarbetas. Därför kan inte politiska förslag fokusera enbart på islamisk våldbejakande extremism.</p><p> STYLEREF Kantrubrik \\* MERGEFORMAT Aktuell debatt om attentatet i Stockholm</p><p>Det finns mycket arbete som pågår runt omkring i hela Sverige för att motverka våldsbejakande extremism. Vänsterpartiet vill ha en utvärdering av kunskapshusen och gärna att flera sådana inrättas, mer forskning om antidemokratiska budskap på nätet och i sociala medier, ett nationellt kunskapscentrum, höja kunskapen hos socionomer och skolpersonal, medie och informationskunnighet i skolan och mer kunskap om hur rekrytering i sociala medier går till.</p><p>Den nationella samordnarens arbete ska fortsätta, och framför allt behöver alla kommuner en handlingsplan. Städer ska planeras så att de är trygga och säkra och så att terrorattacker med stora fordon inte kan ske.</p><p>Extremism och terrorism försvinner inte av sig självt. Vi måste tillsammans bygga ett starkt, solidariskt och jämlikt samhälle fritt från terror. För att göra det krävs det envisa politiker, modiga tjänstemän och ett engagerat samhälle.</p>",
    "intressent_id": "0150118366721",
    "rel_dok_id": "H4C120170428ad",
    "replik": "N",
    "systemdatum": "2017-05-18 13:27:08"
  }
}