﻿{
  "anforande": {
    "dok_hangar_id": "4703963",
    "dok_id": "H409102",
    "dok_titel": "Protokoll 2016/17:102 Fredagen den 28 april",
    "dok_rm": "2016/17",
    "dok_nummer": "102",
    "dok_datum": "2017-04-28 00:00:00",
    "avsnittsrubrik": "Aktuell debatt om attentatet i Stockholm",
    "underrubrik": null,
    "kammaraktivitet": "aktuell debatt",
    "anforande_id": "06999fe0-bc3b-e711-9452-00262d0d0c40",
    "anforande_nummer": "26",
    "talare": "Statsrådet Anders Ygeman (S)",
    "parti": "S",
    "anforandetext": "<p>Herr talman! Sverigedemokraterna har framgångsrikt exploaterat martyrskapet i svensk politik och sagt: Ingen vill debattera med oss! Nu vet vi att det finns en sak som Sverigedemokraterna fruktar mer än att ingen vill debattera med dem, nämligen att debattera sin egen politik.</p><p>Jag har citerat ur Sverigedemokraternas riksdagsmotion, underskriven av partisekreteraren. Trots att Adam Marttinen har haft mer talartid än alla andra i den här debatten har han inte lyckats svara på en enda fråga om Sverigedemokraternas egen politik. När jag citerar den rättspolitiska talespersonen, som är ganska tydlig när han säger att \"vid utvisning ska noll och ingen hänsyn tas till om de riskerar tortyr eller dödsstraff\", klarar Adam Marttinen inte ens att tydliggöra om det här är Sverigedemokraternas position eller inte.</p><p>Det är ändå ett grundkrav på ett parti som är invalt i Sveriges riksdag att man kan försvara den egna positionen eller, om man inte kan försvara den, åtminstone tydliggöra vilken den egna positionen är. Det är ett grundkrav för det demokratiska samtalet.</p><p>I övrigt tycker jag att det här har varit en bra debatt. Jag tycker att samtliga partier som har deltagit konstruktivt har fört fram förslag som jag tror kan bygga Sverige säkrare och tryggare. Jag vill återigen tacka partierna som har deltagit, för när samhället ställs inför den här typen av prövningar och utmaningar tror jag att det är en styrka att vi kan möta det med fasthet och enighet och att vi kan fortsätta bygga och göra Sverige till ett tryggare och bättre land. Tack för det, och tack för den här debatten!</p><p>(Applåder)</p><p>Överläggningen var härmed avslutad.</p>",
    "intressent_id": "0744993950910",
    "rel_dok_id": "H4C120170428ad",
    "replik": "N",
    "systemdatum": "2017-05-18 13:27:09"
  }
}