﻿{
  "anforande": {
    "dok_hangar_id": "4706363",
    "dok_id": "H409103",
    "dok_titel": "Protokoll 2016/17:103 Tisdagen den 2 maj",
    "dok_rm": "2016/17",
    "dok_nummer": "103",
    "dok_datum": "2017-05-02 00:00:00",
    "avsnittsrubrik": "Svar på interpellation 2016/17:447 om bidrag till organisationer som motverkar demokratiska principer",
    "underrubrik": null,
    "kammaraktivitet": "interpellationsdebatt",
    "anforande_id": "ef1f8197-5344-e711-9450-00262d0d7125",
    "anforande_nummer": "132",
    "talare": "Roger Haddad (L)",
    "parti": "L",
    "anforandetext": "<p>Herr talman! Jag är inte alls imponerad av statsrådets svar. Hur kan man stå i den här kammaren och vara nöjd med att extremistiska, våldsbejakande muslimska organisationer fortfarande och återkommande får bidrag av de myndigheter som statsrådet har ansvar för?</p><p>Jag har med mig exempel på ett par beslut som myndigheten under statsrådets departement och utbildningsdepartementet har beslutat om. Det gäller Sveriges Förenade Muslimer och exempelvis projektet Spiritus Mundi, som nyligen fick ett beslut om att återbetala bidrag.</p><p> STYLEREF Kantrubrik \\* MERGEFORMAT Svar på interpellationer</p><p>När Myndigheten för ungdoms- och civilsamhällesfrågor i oktober granskade exempelvis Sveriges Förenade Muslimer ansåg man att de inte hade begått några fel och att de var berättigade till den dryga halva miljon de fick förra året. Men för två veckor sedan kom ett nytt beslut från samma myndighet, som lyder under demokratiministern, där det stod att de ska återbetala och att de inte har rätt till bidraget.</p><p>Hur kommer det sig att man på så kort tid kan fatta så helt olika beslut i så viktiga frågor? Det är uppenbart att kontrollen brister. Det är uppenbart att myndigheten, MUCF, inte fullgör sitt uppdrag. Jag har sett ett uttalande man har gjort om att det beslutet har fattats på grund av skarpare bedömning.</p><p>Vi kan inte bara hoppas att det sitter en tuff handläggare på en myndighet. Regelverken, strukturerna, måste vara jättetydliga. Imamer och religiösa ledare som säger att tolvåringar ska hamna i helvetet ska banne mig inte ha en krona av skattebetalarnas pengar, herr talman! De som jämför flickor med rena chokladaskar ska inte ha pengar.</p><p>Flera av föreningarna som får bidrag av de här myndigheterna har anlitat hatpredikanter eller predikanter som förordar en syn som inte är förenlig med demokratiska principer. Det gäller synen på kvinnor, och det gäller hur de har uttalat sig antisemitiskt eller för den delen homofobiskt.</p><p>Två och ett halvt år efter att regeringen och statsrådet tillträdde och snart ett år efter att statsrådet skrev sin artikel fortsätter utbetalningarna av bidragen till dessa organisationer. Det är obegripligt.</p><p>Myndigheten för ungdoms- och civilsamhällesfrågor följer ett slags riktlinjer för hur de ska granska. Jag har ägnat ett antal timmar åt att studera hur de jobbar.</p><p>Herr talman! De tittar på stadgar, årsmötesprotokoll, verksamhetsberättelser och policydokument. Det är väldigt enkelt att ta del av de handlingarna, antingen direkt eller från hemsidan. Det står också att de vid behov kan titta på nyhetsrapportering eller besöka organisationernas hemsidor - vid behov.</p><p>Om det är den kontrollapparaten, den tuffa kontrollfunktionen, som statsrådet hänvisar till blir jag orolig. Det är nämligen inte alls ett effektivt sätt att komma åt de föreningar som vi verkligen vill komma åt.</p>",
    "intressent_id": "0308306375022",
    "rel_dok_id": "H410447",
    "replik": "N",
    "systemdatum": "2017-05-29 11:46:47"
  }
}