﻿{
  "anforande": {
    "dok_hangar_id": "4703370",
    "dok_id": "H409101",
    "dok_titel": "Protokoll 2016/17:101 Torsdagen den 27 april",
    "dok_rm": "2016/17",
    "dok_nummer": "101",
    "dok_datum": "2017-04-27 00:00:00",
    "avsnittsrubrik": "Väg- och fordonsfrågor",
    "underrubrik": null,
    "kammaraktivitet": "ärendedebatt",
    "anforande_id": "517aecae-bb3b-e711-9452-00262d0d0c40",
    "anforande_nummer": "145",
    "talare": "Jimmy Ståhl (SD)",
    "parti": "SD",
    "anforandetext": "<p>Herr ålderspresident! Jag vill börja med att säga att vi står bakom alla våra reservationer, men för tids vinnande yrkar jag bifall endast till reservationerna 10 och 12.</p><p>Jag tänkte börja med att tala om tyngre lastbilar och sedan gå in lite på längre lastbilar. Regeringen har gett i uppdrag åt Trafikverket att ta fram ett vägnät där man ska köra med tyngre lastbilar och inte konkurrera med sjöfart och järnväg. Som tidigare talare här har nämnt handlar det om 8 procent väg. Det är patetiskt lite. Det blir nästan meningslöst att köpa in lastbilar som kan trafikera dessa vägsnuttar. Det handlar om fem områden med kluster uppe i norr som fördelas nedåt till Kalmar i söder.</p><p>Fördelen med de tyngre lastbilarna är att man sätter på fler hjulaxlar, vilket gör att vägtrycket blir lägre. En annan fördel är att man fraktar mer gods.</p><p>Om vi skulle välja att bara ha det vägnät på 8 procent som regeringen har diskuterat kan det bli en koldioxidbesparing på upp till 1 000 ton. Om vi i stället gör som riksdagen föreslår har skogsnäringen räknat ut att det kan bli en besparing på 44 000 ton koldioxid. Det är förvånansvärt att Miljöpartiet inte är mer positivt till denna utveckling. Framför allt behövs ju färre transporter när det är mer gods på varje transport. Sverigedemokraterna förstår inte varför man inte har öppnat hela vägnätet med en gång. Man får lägre tryck på vägen med fler axlar och färre transporter. Det blir alltså mindre utsläpp och mer effektivt.</p><p>Sedan vill jag gå in lite grann på längre fordonståg. Vi vet att till exempel Jula har gjort ett försök. Mycket av deras gods fraktas från hela världen via Göteborgs hamn och har körts med lastbil från Göteborg till Skara. Det innebär enormt många lastbilar som går mellan Göteborgs hamn och Skara.</p><p></p><p>Jula fick dispens för att köra 2 gånger 40 fot, alltså 12 meter container på lastbil. Det innebar att Jula för det första fick en effektivare transport och för det andra en miljövinst genom att de valde att frakta sitt gods från Göteborgs hamn till Falköping på järnväg. Från Falköping kör de dubbla containrar på 40 fot till sitt centrallager i Skara. De räknade med en utsläppsvinst på närmare 90 procent - 90 procent! Det är mycket. Men Jula blev lite tagna av alla miljövinster, så de stoppade inte där. De såg att de kunde göra lite till, så de bytte till biodiesel, vilket innebar att de kan spara ännu mer utsläpp.</p><p>Som sagt är stora och tunga lastbilar kanske inte synonymt med miljövinster, men det är precis vad de är. Frakta mer - frakta mindre. Det som Jula gjorde var att i ett enda slag ta bort 5 000 lastbilstransporter mellan Göteborg och Skara. Det är inte dåligt.</p><p>Sedan vill jag tala lite om Göteborgs hamn, som medvetet och aggressivt försöker jobba med miljömål. Under den tid jag arbetade i Göteborgs hamn försökte de få dispens att köra med längre fordonståg, men det gick inte. Göteborgs hamn fick ingen möjlighet att köra med sådana långa fordonståg. Däremot hade man en bra dialog med Volvo, som hade en terminal ute i Arendal där de fraktade godset från terminalen in till Göteborgs hamn. Under den tid jag jobbade såg jag fordonståg på 3 gånger 40 fot.</p><p> Inför denna debatt tänkte jag att jag måste prata med Göteborgs hamn och se om de har fått dispens nu. Jag ringde upp dem, men nej, de har fortfarande inte fått dispens. Jag frågade dem: Fortsätter ni att köra med 3 gånger 40 fot? De sa: Vi har till och med haft försök där vi har kört med 5 gånger 40 fram och tillbaka. Det innebär 5 gånger 12 meter, alltså 60 meter container med en dragbil. Det är ruskigt lönsamt, i stället för att köra med fem dragbilar.</p><p>Sedan förstår jag att det kan vara jättesvårt att lösa detta på alla allmänna vägar. Men visst måste vi se över möjligheter att ge dispens på de vägar där det går?</p><p>Som sagt var, Göteborgs hamn håller på att försöka att få dispens för dessa fordon, och jag hoppas att man lyckas. Men man kan köra med längre fordonståg i dag med hjälp av Volvo genom att köra på Volvos mark och sedan köra in på sin egen mark.</p><p>När det gäller de tunga fordonstågen är jag inte alls orolig för att de kommer att konkurrera ut vare sig järnväg eller sjöfart. Tvärtom kommer det att gynna sjöfarten. Järnvägen är lite svår i och med att den i dag är fullbelagd. Men jag hoppas att vi kommer att bygga ut järnvägen i framtiden. Det är inte hållbart som det är i dag. Då menar jag inte höghastighetsjärnväg utan järnväg som kan trafikeras av allt.</p><p>Herr ålderspresident! Jag ska prata lite grann om A-traktorer. Vi har haft en kategori epatraktorer som har försvunnit och ersatts av A-traktorer. Vi sverigedemokrater vill höja hastigheten för A-traktorer till 45 kilometer i timmen. Det var glädjande att höra vår utskottsledamot Karin Svensson Smith säga att man skulle kunna köra ungefär lika fort med alla fordon på vägarna. Är det för höga differentieringar på hastigheter är det en fara.</p><p>I dag finns det mopedbilar som får trafikeras i 45 kilometer i timmen. Med samma körkort som man får köra mopedbil får man också köra en Atraktor. Därför finner vi det fullt rimligt att hastigheten för A-traktorer höjs till åtminstone 45 kilometer i timmen, så att man inte är i vägen och upplevs som bromskloss för andra bilar. A-traktorer är dessutom byggda av godkända besiktigade bilar, så någon krocksäkerhetsfara är det inte med dem. Det är stabila fordon.</p><p></p><p>Det finns också andra fördelar med att höja hastigheten. Man kan behöva utväxla bilarna så att det blir ett lägre varvtal än vad man får i dag. I dag är bilarna nästan maxvarvade, vilket innebär enorma utsläpp plus att dessa ungdomars motorer går sönder.</p><p>Herr ålderspresident! Jag ska även beröra vinterdäck, som Leif Pettersson var inne på. Det är glädjande att Leif Pettersson delar den uppfattning som uttrycks i Sverigedemokraternas motion, att man ska ha vinterdäck även på styrande hjul.</p><p>Vi kan skrämmande ofta läsa om avåkningar med lastbilar. När den första lilla vintersnön kommer är det stora rubriker i tidningarna om att lastbilar står stilla. Det är ingen ekonomi i det. Vi behöver lastbilar och en trafiksäkerhet, vi behöver inte lastbilarna i diket. Det finns i dag vinterdäck på i stort sett alla hjul. Varför inte då inte göra det lilla tillägget att man ska ha vinterdäck även på styrande däck?</p><p>Jag hoppas att riksdagen ställer sig bakom vår motion om vinterdäck. Infrastrukturminister Anna Johansson har själv påpekat att det är ett stort problem med lastbilar som står stilla.</p>",
    "intressent_id": "0170585430421",
    "rel_dok_id": "H401TU14",
    "replik": "N",
    "systemdatum": "2017-05-18 13:19:09"
  }
}