﻿{
  "anforande": {
    "dok_hangar_id": "4703963",
    "dok_id": "H409102",
    "dok_titel": "Protokoll 2016/17:102 Fredagen den 28 april",
    "dok_rm": "2016/17",
    "dok_nummer": "102",
    "dok_datum": "2017-04-28 00:00:00",
    "avsnittsrubrik": "Aktuell debatt om attentatet i Stockholm",
    "underrubrik": null,
    "kammaraktivitet": "aktuell debatt",
    "anforande_id": "03999fe0-bc3b-e711-9452-00262d0d0c40",
    "anforande_nummer": "23",
    "talare": "Linda Snecker (V)",
    "parti": "V",
    "anforandetext": "<p>Herr talman! Vänsterpartiet vill bekämpa och motverka terrorism med effektiva, rättssäkra och välavvägda metoder. Vi måste ha kunskap om varför människor vänder sig till våldsbejakande extremism, hur rekryteringen går till och hur vi som ett öppet och demokratiskt samhälle kan motverka auktoritära, fascistiska och våldsamma krafter. Att då måla ut islam och muslimer som det största hotet är att gå både högerextrema och jihadisterna till mötes. Det är att brännmärka vissa människor och göra dem till brottslingar.</p><p>Experter manade till lugn och eftertänksamhet för tre veckor sedan. Vi vet att terrorattacker begås av personer från samtliga våldsbejakande miljöer. När vi bekämpar terrorbrott måste vi hålla huvudet kallt och hjärtat varmt.</p><p>Jag tackar för dagens debatt.</p>",
    "intressent_id": "0150118366721",
    "rel_dok_id": "H4C120170428ad",
    "replik": "N",
    "systemdatum": "2017-05-18 13:27:09"
  }
}