﻿{
  "anforande": {
    "dok_hangar_id": "4703370",
    "dok_id": "H409101",
    "dok_titel": "Protokoll 2016/17:101 Torsdagen den 27 april",
    "dok_rm": "2016/17",
    "dok_nummer": "101",
    "dok_datum": "2017-04-27 00:00:00",
    "avsnittsrubrik": "(forts. från § 11) Tillgång till betalkonto med grundläggande funktioner (forts. FiU33)",
    "underrubrik": null,
    "kammaraktivitet": null,
    "anforande_id": "427aecae-bb3b-e711-9452-00262d0d0c40",
    "anforande_nummer": "131",
    "talare": "Håkan Svenneling (V)",
    "parti": "V",
    "anforandetext": "<p>Herr ålderspresident! Jag tycker att det är ett bra svar som Emil Källström ger. Han är tydlig med att alla åtgärder finns på bordet och att det snarare handlar om att alla aktörer tillsammans skulle kunna lösa saken. Att det kan kräva lagstiftning tolkar i vart fall jag in i Emil Källströms svar.</p><p>Jag har i denna debatt blivit anklagad för att föra plakatpolitik. Jag måste ändå säga att jag välkomnar att alla andra partier nu säger sig vilja lösa frågan och komma med konkreta åtgärder.</p><p>Jag tror ju att det förslag som Vänsterpartiet har lagt som följdmotion till den här propositionen och det som Riksbanken har skissat på med en flexibel lagstiftning faktiskt är det mest långtgående och seriösa förslag som någon har tittat på. Andra förslag som jag har hört i debatten har varit ganska dåligt utredda. Jag känner ibland att man lite grann skjuter från höften. Jag tycker att det är jättebra om den här utredningen inte gör det utan tittar seriöst på alla åtgärder som finns och kommer med ett förslag.</p><p>Jag önskar utredningen och Emil Källström och alla andra som sitter i den stort lycka till. Det blir spännande att se hur ni ska klara av att lämna ett delbetänkande till den 1 juni, som det står i direktiven. Det är jag inte säker på att ni kommer att lyckas med. Men ni kanske lyckas få alla partier i riksdagen att tillsammans komma fram till en lösning så att vi kan gå vidare med våra liv, som Emil Källström sa, och ha detta problem löst.</p>",
    "intressent_id": "0682989845822",
    "rel_dok_id": null,
    "replik": "Y",
    "systemdatum": "2017-05-18 13:19:08"
  }
}