﻿{
  "anforande": {
    "dok_hangar_id": "4703370",
    "dok_id": "H409101",
    "dok_titel": "Protokoll 2016/17:101 Torsdagen den 27 april",
    "dok_rm": "2016/17",
    "dok_nummer": "101",
    "dok_datum": "2017-04-27 00:00:00",
    "avsnittsrubrik": "Frågestund",
    "underrubrik": "Livsmedelsstrategins mål",
    "kammaraktivitet": "frågestund",
    "anforande_id": "ec79ecae-bb3b-e711-9452-00262d0d0c40",
    "anforande_nummer": "50",
    "talare": "Lars Tysklind (L)",
    "parti": "L",
    "anforandetext": "<p>Fru talman! Tack för svaret! Men jag tycker att statsrådet lämnade den principiella frågan. Jag ska vara tydlig. Liberalerna har absolut inget emot ekologisk produktion, men det ska faktiskt styras av konsumenternas efterfrågan. Är efterfrågan på ekologiskt 100 procent är det väl rimligt att marknaden anpassar sig och har en produktion på 100 procent. Det är egentligen inte det frågan handlar om.</p><p>Jag utgår från att statsrådet skulle se det som märkligt om man översatte den här typen av produktionsmål till andra områden, till exempel när det gäller antal lastbilar eller någonting annat.</p>",
    "intressent_id": "0535526562910",
    "rel_dok_id": "H4C120170427fs",
    "replik": "N",
    "systemdatum": "2017-05-18 13:18:57"
  }
}