﻿{
  "anforande": {
    "dok_hangar_id": "4703370",
    "dok_id": "H409101",
    "dok_titel": "Protokoll 2016/17:101 Torsdagen den 27 april",
    "dok_rm": "2016/17",
    "dok_nummer": "101",
    "dok_datum": "2017-04-27 00:00:00",
    "avsnittsrubrik": "Medborgarskap, Migration och asylpolitik, Anhöriginvandring och Arbetskraftsinvandring",
    "underrubrik": null,
    "kammaraktivitet": "ärendedebatt",
    "anforande_id": "ce79ecae-bb3b-e711-9452-00262d0d0c40",
    "anforande_nummer": "22",
    "talare": "Paula Bieler (SD)",
    "parti": "SD",
    "anforandetext": "<p>Fru ålderspresident! Jag har en fråga som jag vet att jag har ställt också vid tidigare tillfällen men som jag kanske inte alltid har varit helt tydlig med. Det finns många olika aspekter, så jag tänker försöka vara så konkret som möjligt den här gången.</p><p>Det är egentligen en tudelad fråga. Den första delen är: Anser Centerpartiet att det ska finnas regelverk för vilka som får komma till vårt land, eller vill man ha helt fri migration? Till följd av detta, eftersom jag utgår från att ni ändå står bakom något slags regelverk, undrar jag vilka åtgärder man från Centerpartiets sida anser vara rimliga att vidta för att säkerställa att detta regelverk efterlevs. Och inser ni att så länge man inför nya amnestier eller lättnader och så att säga gör det möjligt att kringgå regelverken kommer det också att finnas personer som väljer olagliga och farliga vägar hit på det sätt som sker i dag?</p><p></p><p>Exakt vilka regelverk vi ska ha är en separat diskussion. Exakt vilka lagliga vägar som ska finnas till Sverige är en separat diskussion. Det behöver vi inte diskutera här och nu. Men inser Centerpartiet konflikten i att samtidigt anse att det bör finnas ett regelverk och tro att man kan stoppa personer från att ta olagliga och livsfarliga vägar om man samtidigt låter dem stanna kvar trots att de har kommit hit utan egentliga skäl och utan att följa de regelverk som är fastställda?</p>",
    "intressent_id": "0182800488922",
    "rel_dok_id": "H401SfU14, H401SfU15, H401SfU16, H401SfU17",
    "replik": "Y",
    "systemdatum": "2017-05-18 13:18:53"
  }
}