﻿{
  "anforande": {
    "dok_hangar_id": "4702552",
    "dok_id": "H409100",
    "dok_titel": "Protokoll 2016/17:100 Onsdagen den 26 april",
    "dok_rm": "2016/17",
    "dok_nummer": "100",
    "dok_datum": "2017-04-26 00:00:00",
    "avsnittsrubrik": "Policyramverk för svenskt utvecklingssamarbete och humanitärt bistånd",
    "underrubrik": null,
    "kammaraktivitet": "ärendedebatt",
    "anforande_id": "64a891a8-413a-e711-9452-00262d0d0c40",
    "anforande_nummer": "115",
    "talare": "Statsrådet Isabella Lövin (MP)",
    "parti": "MP",
    "anforandetext": "<p>Herr ålderspresident! Ärade ledamöter! Vi lever i en motsägelsefull tid. År 2015 var ett år av extraordinär framtidstro. För första gången enades världen om en hel, sammansatt och gemensam utvecklingsagenda som väver ihop ekonomi med social och miljömässig hållbarhet. Världen har i och med Agenda 2030, Addis Ababa Action Agenda och Parisavtalet enats om att vi ska ställa om till en hållbar och grön ekonomi, om att vi gemensamt ska utradera fattigdomen i världen, om att vi ska minska klyftorna, om att vi ska skapa fredliga samhällen med legitima statsskick och ansvarsutkrävande och om att vi ska sluta förstöra vår planet.</p><p>Det är ingen liten agenda, herr ålderspresident. Det är en agenda för hela världen och alla dem som bebor denna värld. Inte bara biståndet kan förverkliga denna vision, utan hela det ekonomiska systemet, företagen och politiken måste leverera på den här visionen om vi ska ha den minsta möjlighet att lyckas. Och vi måste lyckas. Att fortsätta som förut och försöka blunda för krig, konflikter, förtryck av människor och det faktum att 700 miljoner människor lever i den yttersta fattigdom vägg i vägg med närmast stötande välstånd och överflöd hos en annan del av jordens befolkning är inte hållbart. Nio av tio barn går i skolan. Även de allra fattigaste kan läsa och skriva. De har mobiltelefon. De kan se överflödet i realtid på tv eller på internet. Ingen människa är i dag på denna jord längre bort än ett telefonsamtal i en globaliserad värld där nästan alla har tillgång till mobiltelefon.</p><p>Herr ålderspresident! Världen har förändrats mycket snabbt de senaste 20 åren. Den extrema fattigdomen har minskat med drygt 1 miljard människor. Det är en fantastisk framgång. Men planeten har feber. De fossila utsläppen bygger på koldioxidtäcket runt vår lilla blå planet millimeter för millimeter varje dag och varje timme. Om vi inte ställer om och ändrar vår ekonomi riskerar alla våra framsteg att omintetgöras i en värld av hetta, torka och våldsamma oväder, som redan nu drabbar de allra fattigaste värst av alla.</p><p>Men det är inte det enda som hotar vår hållbara utveckling. Utmaningarna är många och stora. Antalet krig och konflikter i världen ökar. Omkring 1,4 miljarder människor lever i dag i krigsdrabbade eller konfliktdrabbade stater. Aldrig tidigare har så många människor känt sig tvingade att fly. I dag är 65 miljoner människor på flykt. Klimatförändringarna är i dag en realitet. Mänskliga rättigheter, demokrati och rättsstatens principer hotas. Sedan 2012 har 60 länder vidtagit åtgärder som gör det svårare för civilsamhällesorganisationer, journalister eller människorättsförsvarare att verka, granska makten och ställa beslutsfattare till svars. Kvinnor och flickor diskrimineras systematiskt. Inkomstfattigdomen är fortfarande utbredd och djup. Omkring en tiondel av jordens befolkning, drygt 700 miljoner människor, beräknas leva under den ekonomiska fattigdomsgränsen på knappt 2 dollar om dagen. Ojämlikhet driver instabilitet och osäkerhet. Världens åtta rikaste människor äger lika mycket som de fattigaste tre och en halv miljarderna.</p><p>Herr ålderspresident! Nu ser vi bland de rika länderna en tendens till att inrikespolitiska krav och geopolitik prioriteras framför fattigdomsbekämpning och utvecklingseffektivitet. Flera stater trycker på för att använda biståndets knappa resurser för andra ändamål än rent bistånd. Allt färre rika länder lever upp till de principer som gemensamt slagits fast för bistånds- och utvecklingseffektivitet. Det är oroväckande.</p><p> STYLEREF Kantrubrik \\* MERGEFORMAT Policyramverk för svenskt utvecklings-samarbete och humanitärt bistånd</p><p>I en omvärld där allt fler krafter drar utvecklingssamarbetet bort från dess kärnuppgift är det viktigt att vi i Sverige fortsätter att insistera på målet för fattigdomsbekämpning och målet om 1 procent av bruttonationalinkomsten. Sverige står fast vid att lokalt ägarskap, obundenhet och ett inkluderande arbetssätt där civilsamhället, forskarsamhället, arbetsmarknadens parter, den privata sektorn och andra aktörer deltar är ett effektivt bistånd. Bistånd utifrån strikta egenintressen är inte ett effektivt bistånd.</p><p>Herr ålderspresident! Jag är mycket glad över att vi debatterar det nya policyramverket i riksdagen i dag. Jag är väldigt stolt över att vi nu har ett enda samlat dokument där utvecklingssamarbetets alla tematiska delar samlas, liksom det humanitära biståndet. Syftet med skrivelsen är att ha ett kunskapsbaserat och brett förankrat ramverk som svarar mot dagens stora utmaningar och är anpassat till den nya globala utvecklingsagendan, Agenda 2030. Samtidigt konstaterar jag att Sverige är mer ambitiöst än Agenda 2030 på flera områden, såsom jämställdhet, demokrati och mänskliga rättigheter.</p><p>Regeringen lyfter särskilt fram tre nya perspektiv som ska genomsyra utvecklingssamarbetet. Det är ett konfliktförebyggande perspektiv, ett jämställdhetsperspektiv och ett miljö- och klimatperspektiv. Naturligtvis har fattiga människors perspektiv på utveckling samt rättighetsperspektivet fortsatt plats i vårt utvecklingssamarbete. De integreras i beslutsfattande, planering, genomförande och uppföljning av verksamheten tillsammans med de tre nya perspektiven.</p><p>Regeringen slår också fast att värnandet av de mänskliga rättigheterna även i fortsättningen är en hörnsten i det svenska utvecklingssamarbetet. Uppbyggnad och stärkande av demokratiska styrelseskick och institutioner liksom att främja rättsstatens principer är lika viktigt om inte viktigare än någonsin. Insatser mot det krympande utrymmet för civilsamhället betonas liksom vikten av att motverka diskriminering i alla dess former.</p><p>Herr ålderspresident! Behovet av en brygga mellan långsiktigt utvecklingssamarbete och humanitärt bistånd tydliggörs i ramverket. Synergierna måste stärkas och övergången måste göras effektiv samtidigt som det unika humanitära mandatet ligger fast. När en allt större andel extremt fattiga bor i konfliktdrabbade och sviktande stater är det viktigt att vi anpassar vårt utvecklingssamarbete och lyfter fram det långsiktiga arbetet för fredliga och inkluderande samhällen. Vi betonar vikten av att utgå från en konfliktanalys och stärka hela samhällets motståndskraft. Vi lyfter fram kvinnor som aktörer i fredsbyggandet. Vi knyter an till internationella åtaganden som den så kallade New Deal för utveckling i sköra och konfliktdrabbade stater.</p><p>Policyramverket lyfter även fram migration och utveckling. Migration har generellt positiva effekter på utvecklingen i såväl ursprungsländer som mottagarländer och för migranterna själva och deras familjer. Utvecklingssamarbetet kan bidra till att stärka migrationens positiva effekter och till att minska de negativa effekterna i ursprungsländerna.</p><p>Regeringen står upp för ett brett ägarskap. Partnerländernas ägarskap och ett ömsesidigt ansvar är centralt. Det finns ett behov av att öka användningen av partnerländernas egna system samtidigt som dessa system måste stärkas. För att vara effektiv och kunna leverera resultat måste politiken ta avstamp i den lokala kontexten och i behoven hos landet självt. Nästa steg är när man utifrån landkontext och lokalt ägarskap eller utifrån vårt eget mervärde tar fram strategier och styrning som preciserar inriktningen för ett specifikt land eller för organisationen.</p><p> STYLEREF Kantrubrik \\* MERGEFORMAT Policyramverk för svenskt utvecklings-samarbete och humanitärt bistånd</p><p>Herr ålderspresident! Vi har nu byggt ett stabilt och solitt ramverk för svenskt bistånd i en ny tid. Nu kan vi tillsammans med våra samarbetsländer och civilsamhället genom EU och multilaterala organisationer genomföra detta och flytta fram positionerna och fortsätta att vara en modern, seriös, pålitlig och verksam aktör för fattigdomsbekämpning och hållbar utveckling. Vi ska bidra till nytänkande, att skapa förändring och att göra skillnad för människor som lever i fattigdom. Vi har nu en riktning. Nu är det dags att göra detta till verklighet.</p><p>(Applåder)</p>",
    "intressent_id": "0911490574010",
    "rel_dok_id": "H401UU11",
    "replik": "N",
    "systemdatum": "2017-05-16 16:13:00"
  }
}