﻿{
  "anforande": {
    "dok_hangar_id": "4702552",
    "dok_id": "H409100",
    "dok_titel": "Protokoll 2016/17:100 Onsdagen den 26 april",
    "dok_rm": "2016/17",
    "dok_nummer": "100",
    "dok_datum": "2017-04-26 00:00:00",
    "avsnittsrubrik": "Bostadspolitik och Planering och byggande",
    "underrubrik": null,
    "kammaraktivitet": "ärendedebatt",
    "anforande_id": "3ba891a8-413a-e711-9452-00262d0d0c40",
    "anforande_nummer": "79",
    "talare": "Ewa Thalén Finné (M)",
    "parti": "M",
    "anforandetext": "<p>Fru ålderspresident! Även jag reagerade lite över Emma Hults påståenden om buller. Först vill jag säga en otroligt viktig sak. Om regeringen från början hösten 2015 hade lagt bullernivåerna på den nivå som det nu kommer att komma en förordning om hade vi inte haft tre detaljplaner med olika bullerregler. Då hade vi bara haft två och hade inte haft den här diskussionen i dagsläget.</p><p>Jag har diskuterat frågan om buller i åratal. Den är mycket intressant utifrån flera aspekter. Många jag känner vill gärna bo i staden. De vill bo nära tunnelbanan och nära bussen. De vill bo där det händer saker. Det är också en åldersfråga, absolut. De gillar pulsen och livet. Det har upplevts som mycket svårt att bygga i de lägena.</p><p>Det är ett dilemma. Det är därför vi behöver jobba med regelverken - för att möjliggöra att man kan bo i områden där folk är beredda att betala mest.</p><p> STYLEREF Kantrubrik \\* MERGEFORMAT Bostadspolitik och Planering och byggande</p><p>Jag håller helt med Emma Hult om att vi ska jobba med buller vid källan. I min värld har vi om 20 år eller så förhoppningsvis bara elbilar. De kommer bara att låta om vi lägger till ett ljud. Det är självklart den vägen vi ska gå. Men vi kommer inte att nå dit de närmaste två åren.</p>",
    "intressent_id": "0714579775816",
    "rel_dok_id": "H401CU14, H401CU15",
    "replik": "Y",
    "systemdatum": "2017-05-16 16:12:53"
  }
}