﻿{
  "anforande": {
    "dok_hangar_id": "4706363",
    "dok_id": "H409103",
    "dok_titel": "Protokoll 2016/17:103 Tisdagen den 2 maj",
    "dok_rm": "2016/17",
    "dok_nummer": "103",
    "dok_datum": "2017-05-02 00:00:00",
    "avsnittsrubrik": "Svar på interpellation 2016/17:389 om evenemangslistan",
    "underrubrik": null,
    "kammaraktivitet": "interpellationsdebatt",
    "anforande_id": "e21f8197-5344-e711-9450-00262d0d7125",
    "anforande_nummer": "119",
    "talare": "Kultur- och demokratiministern Alice Bah Kuhnke (MP)",
    "parti": "MP",
    "anforandetext": "<p> STYLEREF Kantrubrik \\* MERGEFORMAT Svar på interpellationer</p><p>Herr talman! Jag tackar riksdagsledamoten Olof Lavesson för engagemanget i frågan. Han vill också ge mig en påstötning när det gäller att <em>inte</em> tillgodose riksdagens tillkännagivanden. Att kulturutskottets ordförande framför detta gör mig smått fundersam. Är det något som Olof Lavesson och hans partikamrater ofta påpekar för mig i många andra frågor - inte minst när vi för ett år sedan stod här och debatterade filmpolitiken - är det verkligen vikten av att <em>respektera</em> riksdagens tillkännagivanden. Med kraft beskriver Olof Lavesson hur jag nu har ägget i mitt eget bo från de två tillkännagivanden som riksdagen har gjort. Min fråga till Olof Lavesson är helt enkelt om han menar att jag inte ska tillmötesgå dem. Det skulle jag gärna vilja höra en liten utläggning kring.</p><p>I övrigt vill jag bara understryka de utmaningar som finns med de förslag som föreligger. Det gäller inte minst det som många av remissinstanserna beskriver. Det finns mycket som talar emot. Men det finns också, ska man komma ihåg, ett flertal remissinstanser som starkt talar för detta och ser vikten av att tillgodose att många människor kan dela de upplevelser som föreslås.</p><p>Men jag vill gärna ha ett svar på frågan om detta med att inte tillmötesgå riksdagens tillkännagivanden, något som Olof Lavesson ofta talar varmt och brett om i många andra fall.</p>",
    "intressent_id": "0787584650516",
    "rel_dok_id": "H410389",
    "replik": "N",
    "systemdatum": "2017-05-29 11:46:44"
  }
}