﻿{
  "anforande": {
    "dok_hangar_id": "4703370",
    "dok_id": "H409101",
    "dok_titel": "Protokoll 2016/17:101 Torsdagen den 27 april",
    "dok_rm": "2016/17",
    "dok_nummer": "101",
    "dok_datum": "2017-04-27 00:00:00",
    "avsnittsrubrik": "Fiskeripolitik",
    "underrubrik": null,
    "kammaraktivitet": "ärendedebatt",
    "anforande_id": "a27aecae-bb3b-e711-9452-00262d0d0c40",
    "anforande_nummer": "224",
    "talare": "Roland Utbult (KD)",
    "parti": "KD",
    "anforandetext": "<p>Fru ålderspresident! Jag hörde Jens Holm säga i sitt anförande att han inte vet vad som finns under havsytan. Det är ju riktigt; det ser man inte mycket av. De som har fiskat i många år, däremot, vet ganska bra hur fisken rör sig, hur den fungerar och hur man ska hantera den på bästa sätt.</p><p>Jag tänker inte be om ursäkt för att jag kommer från en familj som har fiskat sedan 1600-talet. Det vill jag gärna säga. Min fars två kusiner har också jobbat här i riksdagen som talespersoner för västkusten. Vi som är riksdagsledamöter har naturligtvis ett större perspektiv också när det gäller riket i stort.</p><p>Jag är inte så säker på att Jens Holm, med all den kunskap han har, kan vara riktigt säker på att det är just förbudet mot bottentrålning som är orsaken till att det finns mer fisk i havet, till exempel i Öresund. Det tror jag inte att du riktigt kan belägga, Jens Holm. Men det är ett bra sätt att förklara det - kanske lite enkelt också.</p><p>Jag skulle vilja fråga hur det är tänkt eftersom jag får höra att man ska kontrollera kameraövervakning. Jag förstår inte riktigt hur det är tänkt, om man ska kontrollera kamerorna. Vad är det man ska kontrollera - är det inte yrkesfiskarna och hur de hanterar sin fisk, hur de väger fisken och hur det fungerar? Var ska kamerorna sitta? Hur är det tänkt? Kan du förklara lite för mig som inte förstår riktigt hur det här ska genomföras?</p>",
    "intressent_id": "0237055280513",
    "rel_dok_id": "H401MJU14",
    "replik": "Y",
    "systemdatum": "2017-05-18 13:19:12"
  }
}