﻿{
  "anforande": {
    "dok_hangar_id": "4702552",
    "dok_id": "H409100",
    "dok_titel": "Protokoll 2016/17:100 Onsdagen den 26 april",
    "dok_rm": "2016/17",
    "dok_nummer": "100",
    "dok_datum": "2017-04-26 00:00:00",
    "avsnittsrubrik": "Arbetsmiljö och arbetstid ",
    "underrubrik": null,
    "kammaraktivitet": "ärendedebatt",
    "anforande_id": "11a891a8-413a-e711-9452-00262d0d0c40",
    "anforande_nummer": "43",
    "talare": "Désirée Pethrus (KD)",
    "parti": "KD",
    "anforandetext": "<p>Fru talman! Tack för svaret, Magnus Manhammar! Jag tror att Socialdemokraterna fortfarande tror att om de ger 100 eller 200 miljoner till blir det hundra gånger bättre. Det är mycket svårt att mäta exakt vad varje miljon ska kunna ge. Då måste den vara mycket specifikt inriktad på utvecklingsarbete. Det är det här som står i Riksrevisionens rapport - man hinner inte med det.</p><p>Jag hade en fråga uppe som jag har drivit om att man bör titta på frågan om arbetsmiljödeklarationer. Jag tror att vi måste tänka annorlunda och inte bara ha det gamla inspektionstänkandet om vi ska nå fler arbetsplatser. Jag skulle gärna höra om Magnus Manhammar har några synpunkter på det. Riksrevisionen skriver att besök på arbetsplatserna är det som är mest resurskrävande. Sedan man fick de 100 miljonerna har mer tid gått åt till att bara rekrytera och utbilda, så det har verkligen inte gett mer effekt för pengarna - i alla fall inte än så länge.</p><p>Nya arbetsmetoder är en sak. En annan sak som Riksrevisionen tar upp är det här med tips och anmälningar som kommer till myndigheten, vilket man inte heller riktigt har rutiner för eller kan jobba med. Man kanske inte har tid att jobba med det; det vet jag inte.</p><p>Hur ser Magnus Manhammar på detta? I tips- och anmälningsverksamheten har man konkreta fall - man går inte ut och besöker en arbetsplats i största allmänhet, utan man har fått ett konkret tips om en arbetsmiljösituation som är väldigt dålig. Hur ser Magnus Manhammar på att utveckla det hos Arbetsmiljöverket?</p>",
    "intressent_id": "0860429409414",
    "rel_dok_id": "H401AU10",
    "replik": "Y",
    "systemdatum": "2017-05-16 16:12:46"
  }
}