﻿{
  "anforande": {
    "dok_hangar_id": "4703963",
    "dok_id": "H409102",
    "dok_titel": "Protokoll 2016/17:102 Fredagen den 28 april",
    "dok_rm": "2016/17",
    "dok_nummer": "102",
    "dok_datum": "2017-04-28 00:00:00",
    "avsnittsrubrik": "Svar på interpellation 2016/17:368 om arbetskraftsinvandring",
    "underrubrik": null,
    "kammaraktivitet": "interpellationsdebatt",
    "anforande_id": "18999fe0-bc3b-e711-9452-00262d0d0c40",
    "anforande_nummer": "38",
    "talare": "Justitie- och migrationsministern Morgan Johansson (S)",
    "parti": "S",
    "anforandetext": "<p>Herr talman! Detta, det vill säga att rätta till problemen i nuvarande lagstiftning, var ingenting som startade med ett tillkännagivande. Det startade med att jag tillsatte en utredning om arbetskraftsinvandring. Det var ett av de första besluten som jag fattade som nytillträdd. Jag bad utredningen att titta på just dessa frågor, det vill säga hur det kan komma sig att det är arbetstagaren som får ta hela smällen trots att det är arbetsgivaren som har gjort fel. Jag vidhåller det som jag sa i mitt tidigare inlägg. Jag betraktar det som en ren klasspolitik. </p><p>Det är ingen tillfällighet att en borgerlig regering driver igenom en sådan ordning, det vill säga att löntagaren får ta hela smällen. Det är för att ni alltid i alla lägen egentligen bara ser arbetsgivarintresset. Ni ser aldrig löntagarnas intressen. Det är en vit fläck som ni har i nästan alla resonemang. </p><p>Vi har nu en lagstiftning där det är löntagarna som får ta hela smällen. Det ska vi rätta till. </p><p>Den andra frågan handlade om möjligheten att rätta till fel - denna Kafkaliknande situation som ett antal företag upplever. Då har vi sagt att vi ska göra två saker. Det ena är att vi nu under våren ska lägga fram ett lagförslag. Det innebär att när arbetsgivaren själv har upptäckt ett fel av mindre karaktär som icke är uppsåtligt som han eller hon har gjort finns det en möjlighet att så att säga läka det i efterhand. Det är precis det som Spotify har efterfrågat. De hamnade i precis denna situation. De hade inte gjort allt rätt från början men upptäckt det i efterhand och försökt att lösa det. Men det gick inte på grund av dessa byråkratiska regler. Den frågan ska vi nu lösa. </p><p> STYLEREF Kantrubrik \\* MERGEFORMAT Svar på interpellationer</p><p>Det andra som vi måste göra är att gå vidare ett steg till och säga att även mindre och icke uppsåtliga fel som Migrationsverket sedan upptäcker ska vara möjliga att så att säga läka. Det är nästa översyn som vi ska göra. </p><p>Här får vi vara lite försiktiga. Vi vill inte bjuda in till ögontjäneri, det vill säga att man missköter sig och hoppas att inte någon ska upptäcka det och att det sedan ska vara möjligt att läka det i efterhand. Vi får vara lite försiktiga när vi drar denna gräns. Men vi är beredda att ta ett steg till där också. </p><p>När det gäller den första delen av frågan frågade Johanna Jönsson mig också om socialdemokratisk politik och vad vår linje var. Det var det som jag försökte svara på, utöver att jag svarade på vad som pågår i Regeringskansliet. </p><p>Det är bara att erkänna att vi två har olika uppfattningar. Jag tycker att det är rimligt att ställa frågan varför det ska vara en självklarhet att man ska kunna rekrytera städare från Bangladesh när vi har tiotusentals människor som ska komma in på svensk arbetsmarknad och som kommer att behöva efterfråga just den typen av jobb. Det är människor som inte kan ta jobb där det ställs krav på att man har höga kvalifikationer. Om vi ska kunna klara detta på lite längre sikt måste den frågan ställas. Det är precis det som vi gör i de socialdemokratiska riktlinjerna, och det är det som vi som parti kommer att gå till val på. Där skiljer vi oss helt enkelt åt, och vi har olika uppfattningar. </p>",
    "intressent_id": "0473783431010",
    "rel_dok_id": "H410368",
    "replik": "N",
    "systemdatum": "2017-05-18 13:27:18"
  }
}