﻿{
  "anforande": {
    "dok_hangar_id": "4702552",
    "dok_id": "H409100",
    "dok_titel": "Protokoll 2016/17:100 Onsdagen den 26 april",
    "dok_rm": "2016/17",
    "dok_nummer": "100",
    "dok_datum": "2017-04-26 00:00:00",
    "avsnittsrubrik": "Policyramverk för svenskt utvecklingssamarbete och humanitärt bistånd",
    "underrubrik": null,
    "kammaraktivitet": "ärendedebatt",
    "anforande_id": "57a891a8-413a-e711-9452-00262d0d0c40",
    "anforande_nummer": "102",
    "talare": "Margareta Cederfelt (M)",
    "parti": "M",
    "anforandetext": "<p>Policyramverk för svenskt utvecklings-samarbete och humanitärt bistånd</p><p>Fru talman! Vi ska nu debattera utrikesutskottets betänkande UU11, <em>Policyramverk för svenskt utvecklingssamarbete och humanitärt bistånd</em>. Det handlar om regeringens skrivelse om just policyramverket. </p><p>Jag tycker att frågan om bistånd är viktig. Det handlar om att vi från svensk sida, tillsammans med andra länder, ska stödja en positiv humanitär utveckling. Det handlar helt enkelt om att fler människor ska kunna äta sig mätta, kunna läsa och skriva, kunna rösta i ett val och kunna leva utan rädsla för krig. För att detta ska fungera måste naturligtvis länderna själva bygga upp sin kompetens långsiktigt. Men det handlar också om att människor ska ha en inkomst att leva av. Här vet vi också att det är fler människor i dag än tidigare som har en inkomst. Det är fler människor än tidigare som kan läsa. Men det finns fortfarande ett behov av bistånd.</p><p>Därför är jag något fundersam över regeringens skrivelse. Att jag är det är inte för att det finns ett behov av bistånd, och det är inte för att Sverige ska delta i det internationella samarbetet när det gäller bistånd, utan det handlar om att regeringen enligt sin skrivelse verkar vilja göra allt. Jag kan inte se att det finns någon form av prioritering. Jag kan inte heller utläsa att det finns en beskrivning av hur regeringen ska följa upp att biståndsinsatserna verkligen går till det som de ska gå till och att de gör den nytta som är tänkt. Jag kan inte heller utifrån detta utläsa hur vi i riksdagen ska kunna följa upp vad regeringens insatser går till. Därför är jag mycket kritisk till det betänkande som vi har framför oss. </p><p>Det har hänt mycket när det gäller bistånd. Det syns inte minst i skrivelsen genom att målen har ändrats. Det finns flera olika dokument som ligger till grund för detta. Jag tänker här på Agenda 2030, Addis Ababa Action Agenda och klimatavtalet i Paris. Det är viktiga dokument var för sig, och det är viktiga dokument tillsammans. Det handlar om ett omfattande arbete och om att Sverige inte bara ska agera ensamt utan framför allt tillsammans med andra aktörer. Det handlar om att Sverige ska kunna samarbeta inom EU med andra EU-länder. Det handlar, herr ålderspresident, om att Sverige ska kunna samarbeta med andra aktörer. Och det skriver regeringen i sin skrivelse. Men vad ska man samarbeta om? På vilket sätt ska man samarbeta? Vad är det som ska prioriteras? Vad kommer att vara regeringens prioriteringar? </p><p>Jag vet att jag kommer att få ett svar om att regeringen prioriterar. Jag upprepar igen: Precisera, och låt oss få veta! Det kan inte vara så att allt det som står i skrivelsen är prioriterat. </p><p>Det som jag har lärt mig under årens lopp är att den som gapar efter mycket mister ofta hela stycket. Så går det till. Därför vill jag ha en prioritering från regeringens sida. </p><p>Bistånd handlar om ett långsiktigt åtagande. Det är en angelägen fråga, eftersom de verksamheter och länder som får bistånd måste kunna räkna med att det finns en långsiktighet, en tanke bakom och en vilja till utveckling.</p><p> STYLEREF Kantrubrik \\* MERGEFORMAT Policyramverk för svenskt utvecklings-samarbete och humanitärt bistånd</p><p>Därför tycker jag att det hade varit bra om regeringen hade visat en vilja att diskutera och förhandla med allianspartierna. Regeringen kommer säkert att svara att man har kommit till utrikesutskottet och presenterat saker och ting. Men det är en sak att presentera och föredra och någonting annat att faktiskt sätta sig ned och diskutera.</p><p>Hur ska vi bäst kunna se till att biståndsarbetet blir långsiktigt? Hur ska vi kunna se till att det görs prioriteringar och att det skapas möjligheter till uppföljning?</p><p>Jag säger detta igen, eftersom jag tycker att det är viktigt att vi har ett långsiktigt biståndsarbete som är förankrat här i riksdagen. Detta är inte minst angeläget när det handlar om en minoritetsregering som är beroende av ett samarbete med riksdagen för att kunna få igenom sina förslag till beslut.</p><p>Jag yrkar naturligtvis bifall till reservationen.</p>",
    "intressent_id": "0970259744617",
    "rel_dok_id": "H401UU11",
    "replik": "N",
    "systemdatum": "2017-05-16 16:12:59"
  }
}