﻿{
  "anforande": {
    "dok_hangar_id": "4546972",
    "dok_id": "H40910",
    "dok_titel": "Protokoll 2016/17:10 Onsdagen den 28 september",
    "dok_rm": "2016/17",
    "dok_nummer": "10",
    "dok_datum": "2016-09-28 00:00:00",
    "avsnittsrubrik": "Riksrevisionens rapport om ekonomiska risker för staten i fråga om gruvavfall",
    "underrubrik": null,
    "kammaraktivitet": null,
    "anforande_id": "46d5f233-e195-e611-9441-00262d0d7125",
    "anforande_nummer": "59",
    "talare": "Lars-Axel Nordell (KD)",
    "parti": "KD",
    "anforandetext": "<p>Fru talman! På det området är vi överens, just när det gäller återställandet. Vi har sett i medier hur man har lämnat borrhål som gör att arsenik läcker ut till sjöar. Vi har sett rör som sticker upp som människor och djur kan snubbla över och så vidare. Där måste vi som nation ställa krav på dem som gör provborrningarna.</p><p>Vi politiker är inga experter. Jag är ingen expert på det här området, och jag tror inte heller att Stina är det. Men det räcker med det som vi kan ta reda på. Även om vi inte vet vad det kommer att kosta handlar det om principer och om att vi tar reda på hur det kan se ut. Vi vet inte hur det kommer att se ut. Vi vet inte exakt vad det finns för möjligheter att göra den här typen av tidiga kontroller. Men att få till stånd den sållning som både jag och Jens har pratat om vore av värde. Det förvånar mig att inte Miljöpartiet tycker att det vore av värde att tidigt få reda på om ett företag har den här möjligheten eller inte. Att de provborrar för någon annan må vara hänt, men det är ändå det kravet man tidigt ska ställa, tycker jag, när de börjar en sådan undersökning.</p>",
    "intressent_id": "0125056691517",
    "rel_dok_id": null,
    "replik": "Y",
    "systemdatum": "2016-10-19 11:49:09"
  }
}