﻿{
  "anforande": {
    "dok_hangar_id": "4702552",
    "dok_id": "H409100",
    "dok_titel": "Protokoll 2016/17:100 Onsdagen den 26 april",
    "dok_rm": "2016/17",
    "dok_nummer": "100",
    "dok_datum": "2017-04-26 00:00:00",
    "avsnittsrubrik": "Bostadspolitik och Planering och byggande",
    "underrubrik": null,
    "kammaraktivitet": "ärendedebatt",
    "anforande_id": "3ca891a8-413a-e711-9452-00262d0d0c40",
    "anforande_nummer": "80",
    "talare": "Emma Hult (MP)",
    "parti": "MP",
    "anforandetext": "<p>Fru ålderspresident! Jag vill först säga att det inte bara är motorn i bilen som låter, utan det är framför allt friktionen från däcken på marken som låter. Den ökar mycket när man ökar hastigheten. Det var också därför jag var inne på hastighetsgränser.</p><p>Precis som Ewa Thalén Finné säger såg också regeringen denna utmaning. Efter en del om och men, kan man kanske säga, lade man fram en bullerförordning. Man hade då lyssnat på remisskritiken och expertisen. Men politiken ville någonting annat, och det är därför vi står och diskuterar detta i dag igen. Det finns en bullerförordning, men med några andra riktvärden än dem som majoriteten i kammaren ville ha.</p><p>När jag nu ändå begärde replik, Ewa Thalén Finné, måste jag få säga att jag blev lite upprörd när du talade om åkermarken. För mig är det självklart att vi inte ska bygga hus på åkermarken. Vi ska odla på åkermarken i så stor utsträckning som möjligt. Den åkermark vi har går inte att återställa när vi väl har valt att exploatera den. Jag vet att det är svårt att hitta annan mark i vissa delar av Sverige, men i första hand ska vi odla på åkermarken och inte bygga hus på den. Om Ewa Thalén Finné upplever det som ett så pass stort problem blir jag lite rädd. Den matförsörjning vi behöver ha i Sverige i framtiden ska vi vara rädda om.</p>",
    "intressent_id": "0628870165823",
    "rel_dok_id": "H401CU14, H401CU15",
    "replik": "Y",
    "systemdatum": "2017-05-16 16:12:53"
  }
}