﻿{
  "anforande": {
    "dok_hangar_id": "4706363",
    "dok_id": "H409103",
    "dok_titel": "Protokoll 2016/17:103 Tisdagen den 2 maj",
    "dok_rm": "2016/17",
    "dok_nummer": "103",
    "dok_datum": "2017-05-02 00:00:00",
    "avsnittsrubrik": "Svar på interpellation 2016/17:389 om evenemangslistan",
    "underrubrik": null,
    "kammaraktivitet": "interpellationsdebatt",
    "anforande_id": "df1f8197-5344-e711-9450-00262d0d7125",
    "anforande_nummer": "116",
    "talare": "Olof Lavesson (M)",
    "parti": "M",
    "anforandetext": "<p>Herr talman! Jag vill inleda med att be om ursäkt för något begränsade röstresurser, men jag ska göra mitt bästa.</p><p>Detta är tidpunkten då jag brukar gå upp och tacka kultur- och demokratiministern för svaret, men ett sådant tack förutsätter ju också att det finns ett tydligt svar. Jag vill därför tacka ministern för att hon är här och därmed också har möjlighet att förklara och tydliggöra regeringens ställningstagande.</p><p>För åhörarna kan det vara intressant att veta vilken fråga vi i dag diskuterar. Jag vill därför inleda med att citera kultur- och demokratiministern från en debatt här i kammaren i juni förra året. Hon sa då: En evenemangslista är en förteckning över de evenemang som bedöms vara av sådan särskild vikt för samhället att det vid behov måste vara möjligt att vidta åtgärder som skyddar rätten till information och säkerställer bred tillgänglighet för allmänheten till tv-sändningarna. Uttryckt med andra ord innebär en evenemangslista en möjlighet för staten att inskränka rättighetsinnehavares rättigheter till förmån för medborgarnas behov av information.</p><p> STYLEREF Kantrubrik \\* MERGEFORMAT Svar på interpellationer</p><p>Det är vad denna allvarliga inskränkning ska omfatta som vi ska debattera här i dag.</p><p>Redan när radio- och tv-lagen instiftades 1998 fanns möjligheten att införa en lista på stora evenemang som skulle kunna ses av en större del av befolkningen. En sådan lista innebär att staten fastslår vilka evenemang som ska omfattas samt villkoren för vem som ska få sända dem.</p><p>Vi talar alltså om ganska stora ingrepp i det fria informationsflödet och den fria konkurrensen, något som jag tror att vi alla kan vara överens om att staten ska vara ganska restriktiv med, särskilt i tider som dessa.</p><p>Den dåvarande S-regeringen bedömde att det inte fanns något behov av att utnyttja den möjligheten, och alliansregeringen hade samma uppfattning. I dag är tv-marknaden dessutom mer differentierad än tidigare. Svenska tv-tittare har ett betydligt större utbud av kanaler att se på och fler plattformar att ta del av utbudet på.</p><p>Detta hindrade dock inte Miljöpartiet från att göra upp med sverigedemokrater, vänsterpartister och socialdemokrater om att tillkännage någonting helt annat 2014. Jag tror att vi alla minns hur Vänsterns partiledare Jonas Sjöstedt beklagade sig över att han inte kunde ratta in OS i sommarstugan. Jag vet inte hur mycket detta påverkade det hela, men nu sitter man hur som helst med tillkännagivandet i sitt eget knä.</p><p>I februari 2016 redovisade Myndigheten för press, radio och tv sitt förslag till evenemangslista. Det innebär i princip att evenemang av riksintresse endast ska kunna sändas i kanaler som når minst 90 procent av befolkningen och som inte är behäftade med några ytterligare kostnader förutom radio- och tv-avgiften.</p><p>Efter remissrundan är kritiken tämligen samstämmig från idrottens aktörer och från fristående tv-bolag som nu riskerar att få sina möjligheter att sända stora evenemang kraftigt begränsade. Det nya, högre kravet på täckning - 90 procent - riskerar att stänga ute en rad tv-aktörer bortsett från SVT och TV4. Riksidrottsförbundets invändning är tydlig: Förslaget till evenemangslista skulle innebära ett kraftigt avsteg från idrottens självständighet.</p><p>Huruvida själva listan är relevant går att diskutera, och det förslag som har lämnats av myndigheterna är tämligen godtyckligt. Flertalet kulturella evenemang finns inte alls med.</p><p>Om några veckor delas världens största barn- och ungdomslitteraturpris ut här i Stockholm i form av litteraturpriset till Astrid Lindgrens minne. Strax därefter är det dags för Polarpriset och därefter Birgit Nilsson-priset, två av världens största musikpriser. Är inte dessa evenemang relevanta, eller för den delen kungliga bröllop eller i värsta fall begravningar, något som inte heller anses vara av riksintresse?</p><p> STYLEREF Kantrubrik \\* MERGEFORMAT Svar på interpellationer</p><p>Herr talman! Jag tror att vi kan konstatera att förslaget om en evenemangslista kanske verkade kul en gång i tiden i opposition, men nu har det överlevt sig självt. Det antyder ju ministern själv i sitt svar.</p><p>Jag har därför en enda rak fråga till ministern: Är det inte dags att vi lägger ned de här dumheterna?</p>",
    "intressent_id": "0448155122323",
    "rel_dok_id": "H410389",
    "replik": "N",
    "systemdatum": "2017-05-29 11:46:44"
  }
}