﻿{
  "anforande": {
    "dok_hangar_id": "4702552",
    "dok_id": "H409100",
    "dok_titel": "Protokoll 2016/17:100 Onsdagen den 26 april",
    "dok_rm": "2016/17",
    "dok_nummer": "100",
    "dok_datum": "2017-04-26 00:00:00",
    "avsnittsrubrik": "Arbetsmiljö och arbetstid ",
    "underrubrik": null,
    "kammaraktivitet": "ärendedebatt",
    "anforande_id": "15a891a8-413a-e711-9452-00262d0d0c40",
    "anforande_nummer": "47",
    "talare": "Erik Andersson (M)",
    "parti": "M",
    "anforandetext": "<p>Fru talman! Ordet rappakalja syftade på att du, Magnus Manhammar, talade om allt annat än just kärnfrågan: arbetsmiljö. Det är det vi diskuterar här i dag, inget annat. Det handlar inte om budgetförhandlingar med andra partier eller någon annan fråga som Magnus Manhammar gärna skulle vilja diskutera här och nu. Dem får vi ta i en annan debatt.</p><p>Men det jag såg under anförandet var en väldigt nöjd socialdemokrati. De är så nöjda, fru talman, att jag inte vet vart jag ska ta vägen. Tidigare var socialdemokratin stolt men inte nöjd, men nu är det verkligen tvärtom. Ni är nöjda men inte stolta över det ni genomför, för landet håller helt enkelt på att gå åt fel håll.</p><p>Du tittar på Moderaternas budget och nämner rader hit och dit, men du borde läsa siffrorna i stället. Jag kan tala om, Magnus Manhammar, att vi satsar mer pengar på Arbetsmiljöverket än Socialdemokraterna gör i sin budget. Man kan alltid diskutera vad som har gjorts tidigare, men faktum är att vi satsar mer. Du kan inte säga att ni satsar lika mycket som vi på Arbetsmiljöverket. Varför gör ni inte det?</p><p>Våra satsningar går särskilt till kvinnors arbetsmiljö hos offentliga arbetsgivare, för det är där vi ser de stora framtida orsakerna till sjukskrivningar. Många av Magnus Manhammars kompisar är säkert arbetsgivare för dessa kvinnor. Hur kommer det sig då att stat, kommun och landsting är mycket sämre arbetsgivare än privata arbetsgivare? Kan Magnus Manhammar svara på det?</p>",
    "intressent_id": "0480085646428",
    "rel_dok_id": "H401AU10",
    "replik": "Y",
    "systemdatum": "2017-05-16 16:12:46"
  }
}