﻿{
  "anforande": {
    "dok_hangar_id": "4703370",
    "dok_id": "H409101",
    "dok_titel": "Protokoll 2016/17:101 Torsdagen den 27 april",
    "dok_rm": "2016/17",
    "dok_nummer": "101",
    "dok_datum": "2017-04-27 00:00:00",
    "avsnittsrubrik": "Frågestund",
    "underrubrik": "Vägslitageavgiften och bioekonomin",
    "kammaraktivitet": "frågestund",
    "anforande_id": "067aecae-bb3b-e711-9452-00262d0d0c40",
    "anforande_nummer": "76",
    "talare": "Anders Åkesson (C)",
    "parti": "C",
    "anforandetext": "<p>Fru talman! Jag har en fråga till statsrådet Sven-Erik Bucht.</p><p>Jag kommer aldrig att bidra till en vägskatt som gör det svårare att skapa bioekonomi.</p><p>Citatet av Sven-Erik Bucht är hämtat från nyhetsförmedlingen när statsrådet medverkade vid en bioekonomisk konferens arrangerad av Skogsindustrierna i Sverige.</p><p>Frågan om den vägslitageavgift, eller kilometerskatt, som regeringen Löfven-Lövin aviserat diskuteras ofta i kammaren, inte minst mot bakgrund av avgiftens förväntade mycket skadliga effekt på svensk basindustri, det vill säga skogsindustrin och bioekonomin i synnerhet.</p><p>Står statsrådet fortfarande fast vid det besked han gav i tisdags: Jag kommer aldrig att bidra till en vägskatt som gör det svårare att skapa bioekonomi.</p><p>Står statsrådet fast vid det uttalandet i riksdagens kammare i dag?</p>",
    "intressent_id": "0677738818613",
    "rel_dok_id": "H4C120170427fs",
    "replik": "N",
    "systemdatum": "2017-05-18 13:18:58"
  }
}