﻿{
  "anforande": {
    "dok_hangar_id": "4706363",
    "dok_id": "H409103",
    "dok_titel": "Protokoll 2016/17:103 Tisdagen den 2 maj",
    "dok_rm": "2016/17",
    "dok_nummer": "103",
    "dok_datum": "2017-05-02 00:00:00",
    "avsnittsrubrik": "Svar på interpellation 2016/17:389 om evenemangslistan",
    "underrubrik": null,
    "kammaraktivitet": "interpellationsdebatt",
    "anforande_id": "de1f8197-5344-e711-9450-00262d0d7125",
    "anforande_nummer": "115",
    "talare": "Kultur- och demokratiministern Alice Bah Kuhnke (MP)",
    "parti": "MP",
    "anforandetext": "<p>Herr talman! Olof Lavesson har frågat mig hur jag avser att agera med anledning av förslaget om en evenemangslista och de synpunkter som har kommit från berörda remissinstanser.</p><p>Myndigheten för press, radio och tv har lämnat förslag om vilka evenemang som skulle vara aktuella att föra upp på en evenemangslista samt hur rekvisiten \"väsentlig del av allmänheten\" respektive \"fri tv\" ska definieras. Myndigheten har inte haft i uppdrag att ta ställning till om en evenemangslista ska upprättas eller inte.</p><p>Som jag tidigare framhållit ger remissvaren en mycket splittrad bild i frågan om behovet av att införa en evenemangslista, med röster både för och emot. Det krävs analys och noggranna överväganden i denna fråga för att finna rätt balans mellan å ena sidan näringsfriheten, rätten till immateriell egendom, vikten av fri konkurrens och idrottens självständighet och å andra sidan medborgarnas grundläggande rättighet att ta emot information.</p>",
    "intressent_id": "0787584650516",
    "rel_dok_id": "H410389",
    "replik": "N",
    "systemdatum": "2017-05-29 11:46:44"
  }
}