﻿{
  "anforande": {
    "dok_hangar_id": "4546972",
    "dok_id": "H40910",
    "dok_titel": "Protokoll 2016/17:10 Onsdagen den 28 september",
    "dok_rm": "2016/17",
    "dok_nummer": "10",
    "dok_datum": "2016-09-28 00:00:00",
    "avsnittsrubrik": "Regional anpassning av arbetsmarknadsutbildning",
    "underrubrik": null,
    "kammaraktivitet": "ärendedebatt",
    "anforande_id": "11d5f233-e195-e611-9441-00262d0d7125",
    "anforande_nummer": "10",
    "talare": "Désirée Pethrus (KD)",
    "parti": "KD",
    "anforandetext": "<p>Herr talman! Vi ska också erkänna att Arbetsförmedlingen fick ett jättestort nytt uppdrag 2009 i och med etableringsuppdraget. Det är klart att den stora omställningen kanske påverkade deras effektivitet. Men till syvende och sist måste vi ändå ifrågasätta arbetsmarknadsutbildningarnas effektivitet. Det kan inte vara så att Socialdemokraterna kramar arbetsmarknadsutbildningar för deras egen skull eller för att man vill dölja arbetslöshetsstatistiken. Förhoppningsvis är det inte så.</p><p>Då tänker jag så här: Oavsett om det är högkonjunktur eller lågkonjunktur tycker Raimo Pärssinen att man ska använda sig av arbetsmarknadsutbildningar. Man anpassar det efter vad arbetsgivarna behöver. Men utbudet av arbetskraft måste snabbt vara tillgängligt. Då tycker jag att rapporten från Riksrevisionen om Volvo Cars, som vi hade i utskottet, var väldigt talande. Den sa att arbetsmarknadsutbildningar ibland försenade inträdet på arbetsmarknaden. Det är inte alltid bäst att ha en arbetsmarknadsutbildning.</p><p>Jag menar att Socialdemokraterna måste våga utmana sin egen image: att arbetsmarknadsutbildningar i alla lägen är det goda. Vi måste våga ifrågasätta det. Jag tycker att utbildning är jättebra. Och vi ska se till matchningen. Det var det som var Alliansens, och även Kristdemokraternas, grej under allianstiden. Matchningen på arbetsmarknaden måste bli bättre.</p><p>Nu har vi en väldigt stor grupp som står långt från arbetsmarknaden. Det är de som har det svårast på arbetsmarknaden. Då är min fråga: Vad tänker Socialdemokraterna göra för att förbättra matchningen? Vi har sett flera olika initiativ från arbetsmarknadsministern, men väldigt mycket har gått i stå. Det har inte hänt någonting konkret. Vad säger Raimo Pärssinen? Vad ska ni göra för alla som står långt från arbetsmarknaden och som kanske har svårt att tillgodogöra sig arbetsmarknadsutbildningar? Vad vill </p><p>Socialdemokraterna göra för den gruppen?</p>",
    "intressent_id": "0860429409414",
    "rel_dok_id": "H401AU3",
    "replik": "Y",
    "systemdatum": "2016-10-19 11:49:04"
  }
}