﻿{
  "anforande": {
    "dok_hangar_id": "4703370",
    "dok_id": "H409101",
    "dok_titel": "Protokoll 2016/17:101 Torsdagen den 27 april",
    "dok_rm": "2016/17",
    "dok_nummer": "101",
    "dok_datum": "2017-04-27 00:00:00",
    "avsnittsrubrik": "Väg- och fordonsfrågor",
    "underrubrik": null,
    "kammaraktivitet": "ärendedebatt",
    "anforande_id": "4a7aecae-bb3b-e711-9452-00262d0d0c40",
    "anforande_nummer": "138",
    "talare": "Sten Bergheden (M)",
    "parti": "M",
    "anforandetext": "<p>Herr ålderspresident! Det stämmer: Vi hade en alliansregering 2006-2014. Där är vi helt överens.</p><p>Skillnaden var att alliansregeringen jobbade med att försöka förverkliga de här besluten. Man gjorde utredningar, och man gjorde klart detta. Man serverade detta på bordet för att kunna ta beslut här i kammaren.</p><p>Sedan var dock olyckan framme här i landet, och folk gick och röstade på Socialdemokraterna i stället och därmed på en regering som gick och satte sig på Rosenbad men struntade i att genomföra det som faktiskt låg färdigt och utrett på bordet.</p><p>Vi har alkobommarna, vi har nedläggningen av polisen, vi har åklagarna som fortfarande inte fungerar när det gäller trafikbrott. Vi har precis hur många grejer som helst, och ingenting har hänt!</p><p>Leif Pettersson frågar mig om hur många beslut och hur många vägar. Ja, det är nu vi ser till att det verkligen blir ett antal meter väg som kommer med i besluten efter de här utredningarna. Vi tycker att ni har sölat länge nog med att komma fram med förslag.</p><p></p><p>Det är vi som ser till att öppna upp vägsystemet. Ni vill ju stänga ned vägsystemet och att 74 ton bara ska gälla ett fåtal sträckor här i Sverige, vilket enligt utredningar skulle göra det nästan löjligt. Man skulle få köra korta sträckor och sedan lasta om till båt, järnväg eller något annat och fortsätta, och sedan eventuellt komma dit med en lastbil igen för att köra nästa sträcka. Detta är inte rimligt; det förstår ju alla.</p><p>Finland klarar av detta. Där har man löst det. Men i Sverige, med en socialdemokratisk regering och Miljöpartiet vid ratten, blir resultaten inte bättre än så här. Det är det som är det stora problemet, och då gör vi allt för att hjälpa regeringen så att vi faktiskt får ett bra beslut i frågan.</p>",
    "intressent_id": "0828721176319",
    "rel_dok_id": "H401TU14",
    "replik": "Y",
    "systemdatum": "2017-05-18 13:19:08"
  }
}