﻿{
  "anforande": {
    "dok_hangar_id": "4702552",
    "dok_id": "H409100",
    "dok_titel": "Protokoll 2016/17:100 Onsdagen den 26 april",
    "dok_rm": "2016/17",
    "dok_nummer": "100",
    "dok_datum": "2017-04-26 00:00:00",
    "avsnittsrubrik": "Bostadspolitik och Planering och byggande",
    "underrubrik": null,
    "kammaraktivitet": "ärendedebatt",
    "anforande_id": "40a891a8-413a-e711-9452-00262d0d0c40",
    "anforande_nummer": "84",
    "talare": "Roger Hedlund (SD)",
    "parti": "SD",
    "anforandetext": "<p>Fru ålderspresident! Det kändes som lite diffusa frågor där, men jag fick frågan varför vi inte har ställt oss bakom en rad åtgärder som skulle kunna snabba på byggandet. Om jag nu tolkar det rätt - vi får se om det var så.</p><p>På bordet i dag finns det ett antal förslag där Alliansen är överens om en rad frågor. Problemet är att många av förslagen har vi redan sänt tillkännagivanden om till regeringen, och flera av dem håller regeringen redan på och utreder. Det känns ganska meningslöst att skicka ännu ett tillkännagivande till regeringen om de här frågorna innan det kommer svar om vart man har kommit med utredningarna.</p><p>Vidare menar man att vi har förhindrat - eller inte ställt oss bakom - en rad förslag som ska leda till att fler bostäder byggs.</p><p>Vi har tidigare diskuterat bland annat tidsbegränsade bygglov. Där har vi förklarat att vi tror att detta kommer att leda till större problem snarare än att skapa fler bostäder. Bland annat har vi redan i dag stora problem med utanförskapsområden där polisen har svårt att agera. Då tycker vi från Sverigedemokraternas sida att det är fel att skapa ännu fler utanförskapsområden, vilket vi tror att det innebär om man möjliggör tidsbegränsade bygglov på upp till 15 år. Det blir fler utanförskapsområden.</p><p>Från Sverigedemokraternas sida har vi alltså inte funnit någon anledning att ställa oss bakom förslagen från Alliansen i det här betänkandet med tanke på att de redan utreds av regeringen.</p>",
    "intressent_id": "0773497241728",
    "rel_dok_id": "H401CU14, H401CU15",
    "replik": "Y",
    "systemdatum": "2017-05-16 16:12:54"
  }
}