﻿{
  "anforande": {
    "dok_hangar_id": "4703370",
    "dok_id": "H409101",
    "dok_titel": "Protokoll 2016/17:101 Torsdagen den 27 april",
    "dok_rm": "2016/17",
    "dok_nummer": "101",
    "dok_datum": "2017-04-27 00:00:00",
    "avsnittsrubrik": "Frågestund",
    "underrubrik": "Den växande vildsvinsstammen",
    "kammaraktivitet": "frågestund",
    "anforande_id": "f479ecae-bb3b-e711-9452-00262d0d0c40",
    "anforande_nummer": "58",
    "talare": "Magnus Oscarsson (KD)",
    "parti": "KD",
    "anforandetext": "<p>Fru talman! Tack, ministern, för ditt svar! Kristdemokraterna har flera förslag till åtgärder som regeringen borde beakta. Det handlar exempelvis om reglering av klövviltsutfodring i enlighet med ett LRF-förslag. Andra förslag gäller möjligheten för jägare att sälja vildsvinskött samt regelförenklingar för att man ska kunna jaga mer.</p><p>Vart jag än åker i Sverige hör jag samma sak: Kom igen nu! Kom fram med ett förslag! Det viktiga är faktiskt att vi politiskt tar de nödvändiga besluten för att minska vildsvinsstammen.</p>",
    "intressent_id": "0792733370419",
    "rel_dok_id": "H4C120170427fs",
    "replik": "N",
    "systemdatum": "2017-05-18 13:18:58"
  }
}