﻿{
  "anforande": {
    "dok_hangar_id": "4703370",
    "dok_id": "H409101",
    "dok_titel": "Protokoll 2016/17:101 Torsdagen den 27 april",
    "dok_rm": "2016/17",
    "dok_nummer": "101",
    "dok_datum": "2017-04-27 00:00:00",
    "avsnittsrubrik": "Frågestund",
    "underrubrik": "Tiggeriförbud",
    "kammaraktivitet": "frågestund",
    "anforande_id": "0c7aecae-bb3b-e711-9452-00262d0d0c40",
    "anforande_nummer": "82",
    "talare": "Adam Marttinen (SD)",
    "parti": "SD",
    "anforandetext": "<p>Fru talman! Det finns flera anledningar till att inte bli imponerad av regeringens arbete. Inte på ett enda område har ni presterat en enda analys av vilka åtgärder som krävs. </p><p></p><p>Ni försöker få den fyrkantiga klossen att passa in i det fyrkantiga hålet, men de runda, rektangulära och trekantiga klossarna ska alltid prövas innan ni fattar rätt beslut. Vi har sett detta i invandringsfrågan, terrorfrågan, frågan om antalet poliser och inte minst frågan om det hitresta tiggeriet.</p><p>Är det verkligen rimligt, fru talman, att Sveriges sämsta parti ska regera vårt land?</p>",
    "intressent_id": "0831039938224",
    "rel_dok_id": "H4C120170427fs",
    "replik": "N",
    "systemdatum": "2017-05-18 13:18:58"
  }
}