﻿{
  "anforande": {
    "dok_hangar_id": "4703370",
    "dok_id": "H409101",
    "dok_titel": "Protokoll 2016/17:101 Torsdagen den 27 april",
    "dok_rm": "2016/17",
    "dok_nummer": "101",
    "dok_datum": "2017-04-27 00:00:00",
    "avsnittsrubrik": "Frågestund",
    "underrubrik": "Havskonferensen och EU:s fiskeavtal med fattiga länder",
    "kammaraktivitet": "frågestund",
    "anforande_id": "f979ecae-bb3b-e711-9452-00262d0d0c40",
    "anforande_nummer": "63",
    "talare": "Statsrådet Isabella Lövin (MP)",
    "parti": "MP",
    "anforandetext": "<p></p><p>Fru talman! Som biståndsminister har jag gett i uppdrag till Sida att titta ytterligare på hur vi kan stärka fiskeförvaltningen och ett hållbart fiske genom vårt bistånd. Det är också väldigt viktigt att vi har öppna och transparenta regler för fiskefartyg och hur mycket de måste redovisa till myndigheter och även att utvecklingsländerna har den kapaciteten. Detta kommer att stå i fokus på den här konferensen.</p><p>EU:s fiskeripolitik är någonting som vi måste driva inom EU, men här har vi också aktiva ledamöter som arbetar för det.</p>",
    "intressent_id": "0911490574010",
    "rel_dok_id": "H4C120170427fs",
    "replik": "N",
    "systemdatum": "2017-05-18 13:18:58"
  }
}