﻿{
  "anforande": {
    "dok_hangar_id": "4706363",
    "dok_id": "H409103",
    "dok_titel": "Protokoll 2016/17:103 Tisdagen den 2 maj",
    "dok_rm": "2016/17",
    "dok_nummer": "103",
    "dok_datum": "2017-05-02 00:00:00",
    "avsnittsrubrik": "Svar på interpellationerna 2016/17:402, 403, 404, 405 och 406 om fjärrstyrd flygledning",
    "underrubrik": null,
    "kammaraktivitet": "interpellationsdebatt",
    "anforande_id": "d11f8197-5344-e711-9450-00262d0d7125",
    "anforande_nummer": "102",
    "talare": "Edward Riedl (M)",
    "parti": "M",
    "anforandetext": "<p>Herr talman! Jag tackar ministern för svaret.</p><p>Jag måste börja med att säga att jag beklagar att det nu blir ganska kort debattid för rätt många frågeställningar.</p><p>Vad det handlar om är att vi under denna regering har helstatliga Swedavia och det helstatliga LFV, som kommer att göra en affär som innebär att man flyttar bort 50 flygtrafikledartjänster från orter som Umeå, Östersund och Kiruna och flyttar ned dem till Stockholm. Trots att den här regeringen har sagt att man ska flytta ut jobb från Stockholm och ut i landet gör man alltså precis tvärtom.</p><p>Herr talman! Jag brukar fråga alla ministrar som jag debatterar med hur många jobb denna regering har flyttat till Västerbotten. Jag vet svaret: Hitintills har ingen minister berättat om något statligt jobb som man har flyttat till Västerbotten. Kanske kan dock infrastrukturministern göra det i denna debatt.</p><p>Om det nu, med teknikens hjälp, är möjligt att göra detta är den rimliga frågan varför man inte flyttar bort den här typen av arbetstillfällen från Stockholm och ut i landet. Det borde vara det rimliga.</p><p>Det finns en massa frågeställningar. En av dem är: Blir det verkligen billigare?</p><p> STYLEREF Kantrubrik \\* MERGEFORMAT Svar på interpellationer</p><p>Det finns även omfattande kritik vad gäller säkerheten. Det exempel som ministern talade om kommer från förra veckan. Flygtrafikledningen i Sundsvall, som sköter flygtrafikledningen för Örnsköldsviks flygplats, har haft en driftsstörning och kunde alltså inte ta emot flygplan.</p><p>Vad händer när man rullar ut detta på fler flygplatser? Vad händer om man stänger ned Umeå flygplats en timme, två timmar eller en dag? Det gäller sjöräddningen för en stor del av Sverige, och ambulansflyg och ambulanshelikoptrar ska komma från hela Norrland till universitetssjukhuset i Umeå.</p><p>Vad händer om en dags trafik, med tusentals passagerare, inte tar sig fram? Hur hanterar man detta?</p><p>Ibland, herr talman, måste man påminna om hur Sverige faktiskt ser ut. Flygplatserna i Umeå och Luleå är jämförbara med Bromma vad gäller antalet passagerare årligen. Ibland måste vi se storleken på detta - om driftsstörningar inträffar blir det hela omfattande.</p><p>Sveriges Television gjorde en granskning av detta och tittade på hur stor besparingen skulle bli. Som bäst talar vi om 1 promille i besparing.</p><p>Ett upplägg där staten tar risken för eventuella kostnader om det här inte faller väl ut medan det privata bolag som man skapar kan tjäna pengar om det blir bra är inte ett upplägg som jag tycker är bra.</p><p>Herr talman! Jag har två enkla ja-eller-nej-frågor till ministern som jag hoppas att jag kan få svar på i dag.</p><p>Känner sig ministern trygg med hur den här affären har gått till, trots den granskning som SVT har gjort?</p><p>Den andra ja-eller-nej-frågan är: Ser ministern att det här leder till billigare flygtrafikledning och bibehållen säkerhet?</p><p>Avslutningsvis har jag en bonusfråga. Varför flyttar man inte den här typen av jobb från Stockholm och ut till landet? Om det nu är möjligt med teknikens hjälp att sitta i princip var som helst och flygtrafikleda finns det ju ingen poäng med att flytta den typen av jobb till Stockholm, där det är ett högre löneläge och högre kostnadsläge vad gäller lokaler. Det finns ingen rimlighet i att flytta jobb åt det hållet.</p><p>Jag hoppas, herr talman, att jag kan få svar på dessa frågor.</p>",
    "intressent_id": "0273506284025",
    "rel_dok_id": "H4C120170502ip",
    "replik": "N",
    "systemdatum": "2017-05-29 11:46:41"
  }
}