﻿{
  "anforande": {
    "dok_hangar_id": "4706363",
    "dok_id": "H409103",
    "dok_titel": "Protokoll 2016/17:103 Tisdagen den 2 maj",
    "dok_rm": "2016/17",
    "dok_nummer": "103",
    "dok_datum": "2017-05-02 00:00:00",
    "avsnittsrubrik": "Svar på interpellation 2016/17:441 om Centralbron i Stockholm",
    "underrubrik": null,
    "kammaraktivitet": "interpellationsdebatt",
    "anforande_id": "d91f8197-5344-e711-9450-00262d0d7125",
    "anforande_nummer": "110",
    "talare": "Statsrådet Anna Johansson (S)",
    "parti": "S",
    "anforandetext": "<p> STYLEREF Kantrubrik \\* MERGEFORMAT Svar på interpellationer</p><p>Herr talman! Som jag sa i mitt svar är detta i första hand ett kommunalt ansvar. Det beror framför allt på att det är en kommunal, och inte en statlig, väg. Åtgärden som sådan, att gräva ned vägen, skulle i första hand vara ett stadsutvecklingsprojekt snarare än ett trafikprojekt. Åtgärden skulle då inte ge bättre förutsättningar för trafiken, men det skulle däremot ge bättre förutsättningar för en levande stad. Det innebär att det i första hand är kommunen som har ansvaret.</p><p>Länsplaneupprättarna har vissa möjligheter att medfinansiera åtgärder också i det kommunala vägnätet under förutsättning att man inom regionen kommer överens om att dessa åtgärder ryms inom det som lagen medger.</p><p>Om frågan blir aktuell kommer den i första hand att hanteras av länsplaneupprättarna. Detta ska då ställas mot andra behov i infrastrukturen i den här regionen.</p>",
    "intressent_id": "0691264514114",
    "rel_dok_id": "H410441",
    "replik": "N",
    "systemdatum": "2017-05-29 11:46:43"
  }
}