﻿{
  "anforande": {
    "dok_hangar_id": "4703370",
    "dok_id": "H409101",
    "dok_titel": "Protokoll 2016/17:101 Torsdagen den 27 april",
    "dok_rm": "2016/17",
    "dok_nummer": "101",
    "dok_datum": "2017-04-27 00:00:00",
    "avsnittsrubrik": "Väg- och fordonsfrågor",
    "underrubrik": null,
    "kammaraktivitet": "ärendedebatt",
    "anforande_id": "5b7aecae-bb3b-e711-9452-00262d0d0c40",
    "anforande_nummer": "155",
    "talare": "Emma Wallrup (V)",
    "parti": "V",
    "anforandetext": "<p>Fru talman! Vad gäller självkörande bilar som det nu för tiden talas om i varje sammanhang - till och med på järnvägsdagen, vilket jag verkligen tycker är märkligt - är Vänsterpartiet inte emot den nya tekniken och utvecklingen av den. Men vi vill problematisera det. Det är trots allt effektivare med kollektivtrafik än att det ska snurra runt en massa självkörande bilar i städerna om man tänker på yteffektivitet, vilket vi värnar mycket i våra städer.</p><p>Vi vill också belysa att det har förekommit olyckor i flera försök med självkörande bilar. De försök som nu ska göras i Göteborg i riktig trafik måste ha säkerhetsmarginaler och förare som kan justera om något går fel. Vi vill inte se fler personolyckor med oskyddade trafikanter när det gäller självkörande bilar. Elvägar, som det har talats om här från Alliansen, kommer nog att behövas i framtiden. Men de kan aldrig konkurrera med tåg. Tekniken måste vara säker och ekonomisk innan vi inför den.</p><p>När det gäller 74 ton efterlevs tyvärr inte regelverket kring yrkestrafiken i dag. Det lastas för stora övervikter, 40 procent kör för fort och 20 procent har en otillfredsställande lastning och säkring. Detta förekommer framför allt inom bygg- och stålindustrin. Därför behövs bättre kontroll av dessa fordon, särskilt om 74 ton ska gälla.</p><p>Jag vill därför påpeka att det är viktigt att ge Trafikverket i uppdrag att införa digital registrering, så kallad ITK, på de nya lastbilarna för att också kunna studera hur de påverkar broar och infrastruktur. På så sätt kan vi ha bättre framförhållning.</p><p>En viktig sak i frågan är att vi skulle vilja att Trafikverket går efter en strategi när man inför 74 ton som innebär att man gynnar omlastningen till sjöfart och järnväg och gör det så effektivt som möjligt. Forskare inom det statliga HCT-projektet har tittat på detta. Det är en särskild forskargrupp som man inte har talat speciellt mycket om, och man har inte lyft fram deras forskning i någon högre grad. Men den är oerhört viktig.</p><p>Varje gång vi har infört tyngre och längre lastbilar har vi nämligen sett en kraftig överflyttning från järnväg till väg. Detta är alltså en forskargrupp som har tittat på hur vi kan motverka detta. Det kan göras genom att helt enkelt stärka noder och vägar som går mot sjöfart och järnväg för omlastning. Man ska ha en strategi där man prioriterar dessa förstärkningar i stället för att, som Alliansen nu vill, även satsa på Europavägarna som går längs med järnvägen och vår kust och sjöfarten. Det är precis detta som hotar och som innebär en större överflyttning igen från järnväg till väg.</p><p>Precis som vi har hört här tidigare är det 70-80 procent av våra godstransporter i dag som går på lastbil. Det är helt orimligt. Det är inte energieffektivt, det är egentligen dyrare resursmässigt och det är inte miljövänligt. Det är klart att det är bra att själva lastbilarna i sig är energieffektiva. Det är därför Vänsterpartiet har kommit fram till en balanserad hållning till detta med 74 ton: Vi vill tillåta det i de delar av landet där det behövs för till exempel skogsindustrin. Men man ska lyssna på forskargruppen och stärka de vägar som går till omlastning till sjöfart och järnväg så fort som möjligt. Vi ska använda lastbilen där den är lämplig men använda järnväg och sjöfart där det är lämpligt.</p><p></p><p>Många tunga instanser som FN:s klimatpanel, VTI, många forskare på KTH och en lång rad andra instanser pekar dessutom tydligt på att det inte kommer att vara teknikutvecklingen som gör att vi når klimatmålen i tid eftersom det är så pass bråttom. Vi behöver samhällsplanering, och vi behöver mer järnväg och mer kollektivtrafik för hela transportsystemet. Det är viktigt att komma ihåg.</p><p>Jag ska nu komma in lite på bilbesiktningen. Vi var tillsammans med Socialdemokraterna och Miljöpartiet emot en avreglering av bilbesiktningen från början. Dock stöder vi inte motionen i betänkandet om en översyn av detta eftersom det nyligen har gjorts en sådan. Vi tycker däremot inte att avregleringen är en bra modell.</p><p>Översynen visar att priset för bilbesiktning har gått upp, precis som för så många andra avreglerade verksamheter såsom post, it med mera. I de länder som avreglerat fordonsbesiktningen har priserna för att besiktiga sin bil stigit med 50-100 procent. I Finland har avregleringen lett till att priserna har stigit från 17 euro utan moms 1994 till ca 46 euro inklusive moms 2007. Det är en ökning med 270 procent. Det finns bara två aktörer, som nu har 80 procent av marknaden i Finland. Det är alltså dyrare och ändå ingen ökad konkurrens efter avregleringen. Detta tycker inte Vänsterpartiet är klok politik.</p><p>Vi lämnar ingen särskild reservation i det här betänkandet, men det här är någonting som vi kommer att diskutera i omgångar framöver.</p><p>Vad gäller enskilda vägar var jag precis uppe i Dorotea och diskuterade kilometerskatt. Där fick jag höra om hur de har satsat på att bygga ut vägsträckor som ingen använder. Det är tråkigt när vi lägger skattemedel och våra gemensamma medel på vägsträckor som ingen använder, särskilt i områden där framför allt järnvägarna skulle behöva byggas ut och vägarna göras trafiksäkra.</p><p>Det är viktigt att vi har markkontakt i samhällsbygget även uppe i Norrland som ligger långt från Stockholm. Det är sorgligt att infrastrukturen i Norrland är så undermålig. Jag är klimatvän och vill helst inte flyga, men det var nästan omöjligt att åka till Dorotea utan att ta flyget.</p><p>Det är en annan debatt, men att transportnätverket i Sverige är jämlikt över hela landet är något som vi verkligen behöver prioritera.</p><p>Vi står bakom betänkandet, men jag vill ändå belysa när det gäller vägplaneringen, som också tas upp i det här betänkandet, att det är sorgligt att Trafikverket har blivit mer centraliserat än vad Vägverket var. Det gör att vi får mindre markkontakt.</p><p>När det gäller beslutet kring just den här vägen i Dorotea var det troligen länsstyrelsen som det hängde på. Men jag vill lyfta upp frågan att det är viktigt att vi strävar efter modeller när vi lägger ut satsningar på vägarna som gör att vi verkligen har kontakt med behoven hos den lokala befolkningen och att vi inte slösar med skattemedel.</p><p></p><p>Trafikplanering av såväl cykelväg och bilväg som kollektivtrafik måste vara ändamålsenlig och utgå från lokala resenärers behov. Det är bra att ett arbete nu kommer att göras med att se över Trafikverkets ansvar för statsbidragen när det gäller vägar. Prioriteringen i länsplanerna bör dock utgå mer från en mer decentraliserad modell med ytterligare lokala samråd för prioriteringarna, enligt min åsikt.</p><p>I övrigt står jag bakom betänkandet förutom att jag vill lyfta reservation 1 som Vänsterpartiet står bakom.</p>",
    "intressent_id": "0115834246514",
    "rel_dok_id": "H401TU14",
    "replik": "N",
    "systemdatum": "2017-05-18 13:19:09"
  }
}