﻿{
  "anforande": {
    "dok_hangar_id": "4546972",
    "dok_id": "H40910",
    "dok_titel": "Protokoll 2016/17:10 Onsdagen den 28 september",
    "dok_rm": "2016/17",
    "dok_nummer": "10",
    "dok_datum": "2016-09-28 00:00:00",
    "avsnittsrubrik": "Riksrevisionens rapport om ekonomiska risker för staten i fråga om gruvavfall",
    "underrubrik": null,
    "kammaraktivitet": null,
    "anforande_id": "34d5f233-e195-e611-9441-00262d0d7125",
    "anforande_nummer": "41",
    "talare": "Lars-Axel Nordell (KD)",
    "parti": "KD",
    "anforandetext": "<p>Fru talman! Kristdemokraterna är ett parti som bygger sin politik på några viktiga grundpelare, bland annat människovärdesprincipen om alla människors lika och unika värde, subsidiaritetsprincipen som handlar om beslut på rätt nivå, och vårt ansvar för framtiden genom den så kallade förvaltarskapsprincipen.</p><p>Vi har ett ansvar för att förvalta, bruka och bevara, i stället för att slita, slänga och förbruka. Allt vi gör påverkar både samtid och efterkommande. Det gäller samhällets alla områden, men kanske framför allt synen på samhällsekonomin och miljön. </p><p>Kristdemokraterna vänder sig mot de avigsidor i konsumtionssamhället som lett till en materialistiskt inspirerad slit-och-släng-filosofi, vilket lett till en oansvarig hushållning med förgiftning av luft, vatten och mark som följd.</p><p>Vi har i vårt land fyra viktiga basnäringar där just gruvdrift ingår tillsammans med jordbruk, fiske och skogsbruk. Dessa fyra basnäringar har varit avgörande för vårt lands materiella välstånd och tillväxt.</p><p>Fru talman! Det betänkande som riksdagen nu ska besluta om handlar om ekonomiska risker för staten i samband med gruvavfall. Gruvnäringen är viktig för Sverige - det vill jag slå fast - men den medför dessvärre ofrånkomligen olika former av negativ miljöpåverkan.</p><p>Riksrevisionen har i en granskning kommit fram till att systemet med ekonomiska säkerheter för gruvverksamhet inte i tillräcklig utsträckning minimerar riskerna för att staten och därmed skattebetalarna ska behöva bekosta nödvändig efterbehandling av nedlagda gruvor. </p><p>Riksrevisionen rekommenderar regeringen att bland annat utreda en långsiktig branschfinansiering av efterbehandling, kontroll och tillsyn av nedlagda gruvor när ställda ekonomiska säkerheter inte räcker till. Den genomgång av de ekonomiska säkerheterna för gruvverksamhet som Riksrevisionen har gjort visar att det utfärdade säkerhetsbeloppet uppgår till ca 2,7 miljarder kronor. </p><p> STYLEREF Kantrubrik \\* MERGEFORMAT Riksrevisionens rapport om ekono-miska risker för staten i fråga om gruvavfall</p><p>Riksrevisionens utgångspunkt är att en lönsam gruvverksamhet förutsätter att fyndigheten kan bära även kostnader för avfallshantering och efterbehandling av området, vilket egentligen borde vara självklart. Detta prövas inte i dag i samband med Bergsstatens prövning av ansökan om bearbetningskoncession. </p><p>För att minska risken för att staten och därmed skattebetalarna ska tvingas bekosta utgifter för efterbehandling, menar vi att regeringen borde överväga författningsändringar för att förtydliga att Bergsstatens prövning av bearbetningskoncession även ska innefatta kostnader för avfallshantering och efterbehandling.</p><p>Regeringen skriver i sitt svar på Riksrevisionens rapport att man inte gör bedömningen att en tidigare prövning av dessa kostnader skulle bli mer ändamålsenlig än dagens prövning. Vi kristdemokrater ser tvärtom en möjlighet att tidigt ställda krav på ekonomiska säkerheter kan bidra till en sållning av aktörer som vill verka i gruvbranschen. </p><p>Genom att det från början står klart vid ansökan om bearbetningskoncession att företaget kan betala för avfallshantering och efterbehandling, och inte som nu i samband med prövning av miljötillstånd enligt miljöbalken, skulle statens egna kostnader kunna minimeras. </p><p>Även när endast prospektering genomförts finns behov av återställning. Bland annat är det viktigt att inte kvarlämnade borrhål läcker ut gifter eller att - något som också har förekommit - kvarglömda rör sticker upp ur marken, eftersom det kan skada människor och djur. Detta brister i nuläget. Kravet på och uppföljningen av återställning efter prospektering bör därför skärpas. </p><p>Vi har två reservationer. Jag står naturligtvis bakom båda dessa, men för tids vinnande yrkar jag bifall enbart till reservation 4 om Bergsstatens prövning.</p>",
    "intressent_id": "0125056691517",
    "rel_dok_id": null,
    "replik": "N",
    "systemdatum": "2016-10-19 11:49:08"
  }
}