﻿{
  "anforande": {
    "dok_hangar_id": "4703370",
    "dok_id": "H409101",
    "dok_titel": "Protokoll 2016/17:101 Torsdagen den 27 april",
    "dok_rm": "2016/17",
    "dok_nummer": "101",
    "dok_datum": "2017-04-27 00:00:00",
    "avsnittsrubrik": "Frågestund",
    "underrubrik": "Beskattningen av arbete",
    "kammaraktivitet": "frågestund",
    "anforande_id": "f079ecae-bb3b-e711-9452-00262d0d0c40",
    "anforande_nummer": "54",
    "talare": "Maria Malmer Stenergard (M)",
    "parti": "M",
    "anforandetext": "<p>Fru talman! Tänk om det var så enkelt att höjda skatter alltid gav mer pengar! Då skulle vi kunna ha 100 procent i skatt. Men det funkar inte så, utan skattesatsen spelar roll för människors vilja att arbeta mer. Vi sänkte skatterna. Ändå ökade intäkterna till välfärden med 26 procent i kommuner och landsting. Det var för att det lönade sig bättre att arbeta. Den drivkraften får man inte glömma bort. Det är väldigt oroväckande om regeringen gör det.</p><p>(Applåder)</p>",
    "intressent_id": "0572788110724",
    "rel_dok_id": "H4C120170427fs",
    "replik": "N",
    "systemdatum": "2017-05-18 13:18:57"
  }
}