﻿{
  "anforande": {
    "dok_hangar_id": "4702552",
    "dok_id": "H409100",
    "dok_titel": "Protokoll 2016/17:100 Onsdagen den 26 april",
    "dok_rm": "2016/17",
    "dok_nummer": "100",
    "dok_datum": "2017-04-26 00:00:00",
    "avsnittsrubrik": "Nya utstationeringsregler",
    "underrubrik": null,
    "kammaraktivitet": "ärendedebatt",
    "anforande_id": "f5a791a8-413a-e711-9452-00262d0d0c40",
    "anforande_nummer": "16",
    "talare": "Marco Venegas (MP)",
    "parti": "MP",
    "anforandetext": "<p>Herr ålderspresident! I dag debatterar vi regeringens förslag till ändringar i lagen om utstationering av arbetstagare. Det handlar om de regler som gäller när arbetstagare från ett annat land skickas till Sverige för att arbeta tillfälligt här i landet.</p><p>Syftet med lagändringarna är att den svenska modellen ska fungera bättre vid utstationeringssituationer. Lagändringarna innebär också att den så kallade lex Laval rivs upp och ersätts med ett nytt system som på ett mer effektivt och ändamålsenligt sätt genomför EU-reglerna för utstationering.</p><p>Herr ålderspresident! Miljöpartiet välkomnar dessa lagändringar. Det är viktigt att människor som kommer till vårt land för att arbeta ska ha minst lika bra arbetsvillkor som våra svenska arbetstagare.</p><p>Bland annat föreslår regeringen ökade kontrollbefogenheter och en skyldighet för utstationerande arbetsgivare att utse en företrädare med behörighet att förhandla om och sluta kollektivavtal. Den viktigaste förändringen i lagförslaget är att fackförbund alltid ska kunna kräva svenskt kollektivavtal, ytterst med stöd av stridsåtgärder.</p><p>Herr ålderspresident! Miljöpartiet välkomnar att människor från andra EU-länder kommer hit för att arbeta. Den fria rörligheten är viktig, lika viktig som arbetsvillkor, för de arbetstagare som hamnar i Sverige. Detsamma gäller konkurrensen mellan företag. Kompetensen och inget annat ska vara ledstjärnan.</p><p>Herr ålderspresident! De bestämmelser som regeringen föreslår syftar till att öka transparensen och förutsebarheten vid utstationering. De utstationerande företagen ska på ett enklare sätt kunna ta reda på de villkor som gäller på den svenska marknaden.</p><p> STYLEREF Kantrubrik \\* MERGEFORMAT Nya utstationerings-regler</p><p>Det är glädjande att det också föreslås ett skydd mot repressalier för utstationerade arbetstagare i lagförslagsändringen. Som enskild arbetstagare är man inte stark nog för att försöka rätta till om man har hamnat i en tvist med sin arbetsgivare eller inte vågar gå emot sin arbetsgivare på grund av risken att bli hemskickad och därmed förlora jobbet.</p><p>För Miljöpartiet är det en självklarhet att de som kommer till oss för att arbeta ska ha goda villkor, oavsett varifrån de kommer. Vi som värdland ska se till att arbetstagarnas rättigheter garanteras och respekteras.</p><p>Herr ålderspresident! En annan aspekt som är viktig att beakta är de höga siffrorna för dödsfall bland personer från ett annat land som arbetar tillfälligt i Sverige. Enligt Arbetsmiljöverket förekom 25 dödsfall på arbetsplatserna i landet mellan år 2011 och år 2014. Siffran är troligen egentligen högre, då Arbetsmiljöverket konstaterar att dödsfall och allvarliga händelser bland utländsk arbetskraft i Sverige inte anmäls i den omfattning som de ska.</p><p>Orsaken till den låga anmälningsfrekvensen bedöms bland annat vara brist på information. Därför hoppas jag på att med bättre kontroll, transparens och skärpta regler bidra till att dödsfall på arbetsplatserna minimeras och så småningom försvinner helt.</p><p>Med de orden yrkar jag bifall till utskottets förslag i dess helhet och avslag på samtliga motioner.</p><p>(Applåder)</p>",
    "intressent_id": "0200490530919",
    "rel_dok_id": "H401AU9",
    "replik": "N",
    "systemdatum": "2017-05-16 16:12:45"
  }
}