﻿{
  "anforande": {
    "dok_hangar_id": "4703963",
    "dok_id": "H409102",
    "dok_titel": "Protokoll 2016/17:102 Fredagen den 28 april",
    "dok_rm": "2016/17",
    "dok_nummer": "102",
    "dok_datum": "2017-04-28 00:00:00",
    "avsnittsrubrik": "Svar på interpellation 2016/17:367 om medicinsk åldersbedömning",
    "underrubrik": null,
    "kammaraktivitet": "interpellationsdebatt",
    "anforande_id": "13999fe0-bc3b-e711-9452-00262d0d0c40",
    "anforande_nummer": "33",
    "talare": "Justitie- och migrationsministern Morgan Johansson (S)",
    "parti": "S",
    "anforandetext": "<p>Herr talman! Möjligheten till inhibition finns också i det sista skedet. Man kan fatta ett myndighetsbeslut. När det gäller överklagandeärenden är det domstolen som kan hämta in dessa yttranden.</p><p>Nu har vi ett fungerande system på plats. 2 200 ärenden har behandlats hittills, och snart kommer man att kunna göra nästan 3 000 bedömningar per månad. Kapaciteten är alltså utbyggd.</p><p>Hur Johanna Jönsson än vrider och vänder på det är grundproblematiken den att man lämnade en fråga utan att lösa den. Jag tror inte att den borgerliga regeringen bestämde att frågan inte skulle lösas, utan det var passiviteten som var bekymret. Det gjorde att problemet blev större i det läge vi hamnade 2015. Problemet fanns även 2012, 2013 och 2014; det uppstod inte bara. Det var bekymmer med var barnen skulle placeras och hur man skulle vara säker på åldrar. Här gjorde den gamla regeringen inget.</p><p> STYLEREF Kantrubrik \\* MERGEFORMAT Svar på interpellationer</p><p>Slutsatsen är nog ändå att vi har löst det problem som ni misslyckades att lösa. Det omfattar också dem som befinner sig mitt i en överklagandeprocess. När de i överklagandet ifrågasätter beslutet kommer de att få möjlighet att begära in detta underlag.</p><p>När det gäller verkställighetshinder finns det möjlighet till inhibition, men det kan inte jag som minister bestämma om i enskilda fall.</p><p>Överläggningen var härmed avslutad.</p>",
    "intressent_id": "0473783431010",
    "rel_dok_id": "H410367",
    "replik": "N",
    "systemdatum": "2017-05-18 13:27:15"
  }
}