﻿{
  "anforande": {
    "dok_hangar_id": "4702552",
    "dok_id": "H409100",
    "dok_titel": "Protokoll 2016/17:100 Onsdagen den 26 april",
    "dok_rm": "2016/17",
    "dok_nummer": "100",
    "dok_datum": "2017-04-26 00:00:00",
    "avsnittsrubrik": "Policyramverk för svenskt utvecklingssamarbete och humanitärt bistånd",
    "underrubrik": null,
    "kammaraktivitet": "ärendedebatt",
    "anforande_id": "5ba891a8-413a-e711-9452-00262d0d0c40",
    "anforande_nummer": "106",
    "talare": "Maria Andersson Willner (S)",
    "parti": "S",
    "anforandetext": "<p>Herr ålderspresident! Tack för frågan, Margareta!</p><p>Nej, jag tycker absolut inte att Moderaterna ska svara på vad som ska prioriteras. Det görs redan i skrivelsen. Våra prioriteringar är demokrati, mänskliga rättigheter, global jämställdhet, miljö och klimat, fredliga och inkluderande samhällen, inkluderande ekonomisk utveckling, positiv syn på migration, jämlik hälsa, utbildning och forskning samt humanitärt bistånd. Det är de som anges i skrivelsen och som betänkandet också ställer sig bakom.</p><p>Det jag undrar är vad Moderaterna vill ta bort. Om man nu säger att det är en för bred agenda, då undrar jag vad det är vi ska ta bort. Vilka saker i Agenda 2030 ska vi inte ställa upp på? Vilka saker i utvecklingsfinansieringsdokumenten är vi inte längre med på? Ska vi inte leva upp till klimatavtalen längre?</p><p>Prioriteringarna finns här. Det är en bred palett av åtgärder som vi vill jobba med. Det som är intressant att veta är om det är något som ska tas bort.</p><p>Jag vill passa på att tacka för möjligheten att utveckla mig lite vad gäller det humanitära biståndet. En av de viktigaste delarna i den nya agendan är att vi också inkluderar det humanitära biståndet, som styrs av egna principer. Men vi måste se att det finns potential att integrera det rena utvecklingsbiståndet med det humanitära. Vi vet att humanitära konflikter pågår allt längre, och det är viktigt att de båda bistånden länkar in i varandra.</p>",
    "intressent_id": "0173946230722",
    "rel_dok_id": "H401UU11",
    "replik": "Y",
    "systemdatum": "2017-05-16 16:13:00"
  }
}