﻿{
  "anforande": {
    "dok_hangar_id": "4702552",
    "dok_id": "H409100",
    "dok_titel": "Protokoll 2016/17:100 Onsdagen den 26 april",
    "dok_rm": "2016/17",
    "dok_nummer": "100",
    "dok_datum": "2017-04-26 00:00:00",
    "avsnittsrubrik": "Policyramverk för svenskt utvecklingssamarbete och humanitärt bistånd",
    "underrubrik": null,
    "kammaraktivitet": "ärendedebatt",
    "anforande_id": "5aa891a8-413a-e711-9452-00262d0d0c40",
    "anforande_nummer": "105",
    "talare": "Margareta Cederfelt (M)",
    "parti": "M",
    "anforandetext": "<p>Herr ålderspresident! För tydlighets skull vill jag säga att den reservation som jag yrkar bifall till är reservationen i punkt 1.</p><p>Innan Maria Andersson Willner säger att det är jag som ska tala om vad vi prioriterar måste regeringen ge ett svar på vad den prioriterar. Det går inte att maskera att regeringen inte har prioriterat någonting eller har varit undfallande när det gäller att prioritera genom att säga att bevisbördan ligger på oss moderater. Det gör den inte. Det är regeringen som har lagt fram en skrivelse. Då är det också regeringen som ska prioritera.</p><p>Jag håller med om att Sverige ska vara delaktigt när det gäller bistånd. Jag håller med om mycket av det som har sagts här, men jag vill ändå ha en prioritering, för det går inte att vara aktiv överallt. Jag vill även ha ett besked om vilka samarbetspartner regeringen har tänkt sig, vad man har tänkt sig att samarbeta om och hur man har tänkt sig att samarbetet ska gå till. Det är viktiga frågor, för det är precis det som är själva grunden i ett policyramverk, och jag kan inte se att svaren finns i skrivelsen.</p>",
    "intressent_id": "0970259744617",
    "rel_dok_id": "H401UU11",
    "replik": "Y",
    "systemdatum": "2017-05-16 16:13:00"
  }
}