﻿{
  "anforande": {
    "dok_hangar_id": "4702552",
    "dok_id": "H409100",
    "dok_titel": "Protokoll 2016/17:100 Onsdagen den 26 april",
    "dok_rm": "2016/17",
    "dok_nummer": "100",
    "dok_datum": "2017-04-26 00:00:00",
    "avsnittsrubrik": "Bostadspolitik och Planering och byggande",
    "underrubrik": null,
    "kammaraktivitet": "ärendedebatt",
    "anforande_id": "2fa891a8-413a-e711-9452-00262d0d0c40",
    "anforande_nummer": "67",
    "talare": "Lars Eriksson (S)",
    "parti": "S",
    "anforandetext": "<p>Fru ålderspresident! Jag vill börja med att yrka bifall till reservation 1 i CU15.</p><p>Det går bra för Sverige. Jag säger inte detta bara för att Sverige har en socialdemokratiskt ledd regering, utan det går bra för Sverige.</p><p>Är vi socialdemokrater nöjda? Nej, det är vi inte. Men Sverige har onekligen bra fart, med sjunkande arbetslöshet, ett bostadsbyggande vi inte sett maken till sedan miljonprogrammets dagar och urstarka statsfinanser. Och det, fru ålderspresident, är ingen dålig början.</p><p>Det finns naturligtvis mycket att vara orolig och bekymrad över. Bostadsbrist och boendesegregation är sådana saker, liksom ett utanförskap som i en del områden tenderar att bita sig fast.</p><p>I en orolig värld har vi visat på en öppenhet gentemot dem som har det svårt. Vi har tagit emot en - även i internationella jämförelser - historiskt stor andel människor på flykt, vilket har gjort situationen i flera kommuner och kommundelar ansträngd. Trångboddhet och ökat slitage på bostadsbestånd finns där - vi är alla medvetna om detta. Men vi ska ta oss igenom detta på ett bra sätt. </p><p>Här krävs ökad samverkan mellan den statliga och kommunala nivån och lyhördhet inför utmaningarna. Sverige och våra kommuner prövas, och samma sak sker på många håll runt om i Europa.</p><p>Hat, intolerans och misstänkliggöranden kommer aldrig att bygga länder, städer och stadsdelar som håller ihop. Vi är tillräckligt många i det här landet och i den här kammaren för att välja en annan väg - en väg som håller ihop vårt land, våra städer och våra stadsdelar. Detta vägval är viktigt för oss socialdemokrater.</p><p>Sverige redovisar i dag den högsta sysselsättningsgraden inom EU sedan Eurostat började att mäta detta. Ungdomsarbetslösheten är den lägsta i vårt land på 13 år. Det är i dag fler som börjar dagen med att säga till sin familj: Nu går jag till jobbet!</p><p> STYLEREF Kantrubrik \\* MERGEFORMAT Bostadspolitik och Planering och byggande</p><p>Sverige ska naturligtvis vara ett samhälle som håller ihop, där allt fler kan ta ett hyreskontrakt eller köpa en bostad.</p><p>Rätten till en bostad är fundamental i vårt samhälle. En egen bostad innebär frihet att leva sitt eget liv, att ta det där jobbet, att påbörja den där utbildningen, att flytta ihop med sin kärlek och att bo tryggt på äldre dagar.</p><p>Därför är bostadsfrågan så avgörande. Jag vill verkligen tro att vi kan få en bred samsyn. Folket utanför den här kammaren förväntar sig det.</p><p>Statsministern uttalade i sin första regeringsförklaring att ett ökat bostadsbyggande är en nationell angelägenhet. Det är inte en angelägenhet bara för den bostadssökande, för byggherren eller för kommunen, utan det är en nationell angelägenhet, där staten har ett ansvar att tillsammans med kommunerna och bygg- och bostadsbranschen verka för ökat byggande.</p><p>Regeringen bjöd tidigare under mandatperioden in till samtal med Alliansen och Vänsterpartiet. Utmaningen var att finna långsiktiga förutsättningar för ett omfattande bostadsbyggande över tid.</p><p>Det gick inte hela vägen, utan Alliansen lämnade samtalen. Vi kan tvista om skälen till detta. Förlorarna är dock de som söker sitt första boende eller väntar på att finna ett som passar den nya livssituationen. Att dessa samtal inte mynnade ut i en bred uppgörelse är bara tragiskt.</p><p>De långsiktiga förutsättningarna väntar alltjämt på sin lösning. Vi vill fortfarande se blocköverskridande samtal, och vi vill se en bred skatteöverenskommelse. Flera av bostadspolitikens nycklar finns ju just inom skattepolitiken. Förutsättningarna för detta borde finnas där, särskilt med tanke på att flera partier ställt sig positiva till just detta.</p><p>Ett inte obetydligt antal av de motioner som behandlas i de två betänkanden som ligger till grund för dagens debatt gäller angelägna frågor som skulle kunna fångas upp i en bred skatteöverenskommelse. Det understryker bara angelägenheten av en sådan.</p><p>Fru ålderspresident! Det riktas tillkännagivanden till regeringen i betänkandet CU15. En majoritet i utskottet vill att arbetet med att reformera plan- och bygglagen ska fortsätta. Vi delar den uppfattningen. I vår reservation pekar vi på att regeringen gett Boverket i uppdrag att utreda om fler åtgärder kan undantas från kravet på bygglov. Regeringen har redan lämnat över en proposition till riksdagen om fler steg för en enklare plan- och bygglag.</p><p>Att i detta läge lämna in ett tillkännagivande till regeringen om att fortsätta reformera plan- och bygglagen känns lite märkligt. Vi anser att regeringen jobbar med just detta. I regeringens 22-punktsprogram finns ett ganska brett anslag att förenkla, se över och utveckla. Därför har vi valt att reservera oss mot beslutet. Men för tydlighetens skull: I sak finns det en bred samsyn i utskottet om att fortsätta reformera plan- och bygglagen.</p><p>När det gäller tillgänglighetskravet har regeringen tillsatt en kommitté med uppdrag att genomföra en genomgripande översyn av Boverkets byggregler. Denna omfattar tillgänglighetskraven. Därför anser vi att det inte heller på denna punkt är motiverat med ett tillkännagivande. Vi har därför valt att reservera oss i reservation 20 i betänkandet.</p><p>Fru ålderspresident! Det byggs i dag väldigt mycket i vårt land. Flera av partierna i denna kammare arbetar också med att kontinuerligt utveckla sin bostadspolitik.</p><p>Regeringen har genom sitt 22-punktsprogram ett pågående arbete inom flera bostadspolitiska områden, och det är bra. Genom den förda politiken med stimulanser till hyresrätter, till kommuner som bygger, till renovering och energi använder staten medel för att möjliggöra byggnation i städer och orter som annars hade fallit utanför ramen, beroende på risk och avkastningskrav.</p><p> STYLEREF Kantrubrik \\* MERGEFORMAT Bostadspolitik och Planering och byggande</p><p>Byggföretag pekar på fördelar med hyresrätt som en låg vakansrisk i nyproducerat bestånd samt att produktionskostnaden faktiskt minskar genom investeringsstödet. Vi ser också att långsiktiga investerare, till exempel livförsäkringsbolag, är intresserade av att investera i projekt byggda med investeringsstöd. Intresset för att bygga med investeringsstödet ser vi också genom de många ansökningar som inkommit och som ligger för avgörande eller redan har fått klartecken.</p><p>Fru ålderspresident! Ett ökat bostadsbyggande är en nationell angelägenhet, säger statsministern. Det byggs i dag i nivå med miljonprogrammets dagar. Utmaningarna är alltjämt stora, men utgångsläget är inte dåligt. Det finns hopp om framtiden.</p><p>Jag vill som avslutning rikta mig till utskottets ordförande Tuve Skånberg.</p><p>Du ska ha ett varmt tack för det sätt på vilket du vikarierat som ordförande i utskottet då ordinarie ordförande varit föräldraledig. Efter helgen är din partivän Caroline Szyber tillbaka på sin plats. </p><p>Med ordning och reda och glimten i ögat har du lett utskottets sammanträden. För detta ska du ha tack.</p><p>(Applåder)</p>",
    "intressent_id": "0988383147219",
    "rel_dok_id": "H401CU14, H401CU15",
    "replik": "N",
    "systemdatum": "2017-05-16 16:12:53"
  }
}