﻿{
  "anforande": {
    "dok_hangar_id": "4703370",
    "dok_id": "H409101",
    "dok_titel": "Protokoll 2016/17:101 Torsdagen den 27 april",
    "dok_rm": "2016/17",
    "dok_nummer": "101",
    "dok_datum": "2017-04-27 00:00:00",
    "avsnittsrubrik": "Väg- och fordonsfrågor",
    "underrubrik": null,
    "kammaraktivitet": "ärendedebatt",
    "anforande_id": "597aecae-bb3b-e711-9452-00262d0d0c40",
    "anforande_nummer": "153",
    "talare": "Leif Pettersson (S)",
    "parti": "S",
    "anforandetext": "<p>Fru talman! Jag tror att det är viktigt att hålla fast vid de tre principer som har sagts ska gälla för 74 ton. De ska medverka till bättre klimat och miljö. De ska medverka till bättre, eller i vart fall inte försämrad, trafiksäkerhet. De ska också värna långsiktiga värden, alltså bärighet över tid på väg. Då måste man se till att man inte öppnar vägsystemet på ett okontrollerat sätt. Sedan kan vi ha synpunkter på om man har öppnat för lite nu i början eller om man skulle ha öppnat mer. Man kanske skulle ha öppnat i östra Norrbotten i stället för södra Norrbotten eller si eller så. Visst - de synpunkterna kan vi ha, och jag kan också tycka att det kanske hade varit värt att diskutera.</p><p>Men jag har också sett Trafikverkets kartor över Norrbotten och Västerbotten. Då har jag sett vilka hål det finns när det gäller möjligheten att köra med 74 ton. Det är broar, vägtrummor och vägsträckor som inte alls håller den standard som de skulle behöva ha. Det gör att det måste sättas till pengar, det måste undersökas och det måste komma fram ett bättre underlag innan man kan öppna vägsträckor som inte konkurrerar i första hand med järnväg och sjöfart. Sjöfarten är dock kanske ett marginellt problem i sammanhanget.</p><p>Jag vill rätta Anders Åkesson när det gäller Lindbäcks Bygg. De hade avsikten att skicka godset med båt, men av miljöskäl går inte det. Det blir tyvärr för mycket luft man fraktar. Med de förutsättningar som finns för sjöfarten kommer det inte att gå, utan man får skicka på vägen i alla fall.</p><p>Det finns ytterligare en sak: Gruvindustrin är inte alls intresserad av längre fordon, utan bara av tyngre.</p>",
    "intressent_id": "0365797008114",
    "rel_dok_id": "H401TU14",
    "replik": "Y",
    "systemdatum": "2017-05-18 13:19:09"
  }
}