﻿{
  "anforande": {
    "dok_hangar_id": "4703370",
    "dok_id": "H409101",
    "dok_titel": "Protokoll 2016/17:101 Torsdagen den 27 april",
    "dok_rm": "2016/17",
    "dok_nummer": "101",
    "dok_datum": "2017-04-27 00:00:00",
    "avsnittsrubrik": "(forts. från § 8) Medborgarskap, Migration och asylpolitik, Anhöriginvandring och Arbetskraftsinvandring (forts. SfU14, SfU15, SfU16 och SfU17)",
    "underrubrik": null,
    "kammaraktivitet": null,
    "anforande_id": "2c7aecae-bb3b-e711-9452-00262d0d0c40",
    "anforande_nummer": "114",
    "talare": "Fredrik Malm (L)",
    "parti": "L",
    "anforandetext": "<p>Fru talman! Det finns två problem med detta. Det ena problemet är den familjesplittring som vi har nu. Det andra problemet är de långa väntetiderna för dem som faktiskt har rätt att få sina anhöriga till Sverige. </p><p>Det är klart att Sverigedemokraterna tycker att man inte behöver återförena familjerna i Sverige. Nej, man kan ju förena familjerna i Aleppo. Om ni förespråkar det kan ni föreslå det. Jag tycker att det är inhumant. Det är inte en politik som jag förespråkar. Jag tycker att det är rimligt att barnfamiljer inte splittras. </p><p>Därtill kan jag notera att partier ibland kan landa på samma ståndpunkter trots att de argumenterar lite olika. Jag tror, eller är rätt så övertygad om eller är snarare tvärsäker på att Liberalerna och Sverigedemokraterna har lite olika utgångspunkter när det gäller varför vi vill stärka de humanitära hjälporganen. Jag vill i huvudsak stärka de humanitära hjälporganen, inte för att jag vill se till att inte en kotte kommer till Europa utan för att jag ser enorma tragedier och enorma behov av akut nödhjälp. Det är utgångspunkten för oss. Då innebär det att om man ska stärka till exempel FN:s flyktingkommissariat, UNHCR, ligger det liksom i korten att man inte bara skickar dit pengar utan att man också är beredd att ta emot en del människor enligt en kvot. Det ligger i sakens natur att man göra båda sakerna. Det är därför som vi från Liberalernas sida tycker att det är viktigt att vi stärker FN:s hjälporgan men att vi som programland inom UNHCR också kan ta emot fler personer enligt vidarebosättningskvoten.</p>",
    "intressent_id": "0766496753128",
    "rel_dok_id": null,
    "replik": "Y",
    "systemdatum": "2017-05-18 13:18:57"
  }
}