﻿{
  "anforande": {
    "dok_hangar_id": "4703963",
    "dok_id": "H409102",
    "dok_titel": "Protokoll 2016/17:102 Fredagen den 28 april",
    "dok_rm": "2016/17",
    "dok_nummer": "102",
    "dok_datum": "2017-04-28 00:00:00",
    "avsnittsrubrik": "Svar på interpellation 2016/17:367 om medicinsk åldersbedömning",
    "underrubrik": null,
    "kammaraktivitet": "interpellationsdebatt",
    "anforande_id": "0e999fe0-bc3b-e711-9452-00262d0d0c40",
    "anforande_nummer": "28",
    "talare": "Johanna Jönsson (C)",
    "parti": "C",
    "anforandetext": "<p>Herr talman! Tack, statsrådet, för ditt svar på denna väldigt viktiga interpellation!</p><p>Det här är ett område som jag skulle säga är akut. Situationen för många ungdomar men också människor som arbetar med de här ungdomarna blir värre för varje dag just nu, och det är allt fler som hamnar i en helt ohållbar situation. Det gäller personer som har fått sina avslagsbeslut, ofta på grund av att åldern har räknats upp, men också personer som befinner sig i väntan och oroar sig för vad som ska hända när de väl får sina beslut.</p><p>Det här har vi fått se oroande och hemska följder av. Till exempel har fyra ensamkommande ungdomar den senaste tiden tagit livet av sig. De finns inte längre. Det är också betydligt fler som tar till andra typer av självskadebeteende. Vi vet att HVB-hemspersonal tar extra rundor i rummen på nätterna för att se att ungdomarna fortfarande lever. Jag får själv en hel del samtal och mejl från personal som beskriver de här situationerna, hur de varje morgon går in och funderar på det här. Det är alltså akut, och det är allvarligt.</p><p>Sedan förra våren har Migrationsverket skrivit upp åldern för väldigt många - man brukar tala om ungefär 6 000 som har blivit uppskrivna under senare tid.</p><p>Migrationsverket valde självt att sluta fatta beslut i ärenden där åldern var oklar medan man inväntade att Rättsmedicinalverket skulle komma igång med sin mer rättssäkra metod för medicinska åldersbedömningar.</p><p>För mig känns det bara helt logiskt och rimligt att även de ungdomar som finns kvar i landet, oavsett om de har fått sitt sista utvisningsbeslut från sista instans eller inte, ska få möjlighet till de här bedömningarna. Vi har ett nytt verktyg på plats, och vi vill såklart på alla sätt se till att vi inte utvisar minderåriga till ett oordnat mottagande. Jag är glad att det verkar som att statsrådet delar min bild.</p><p>Det som är problematiskt nu och det som min fråga handlar om är de som har fått det sista beslutet. Där handlar det i själva verket om verkställighetshinder, alltså att man får anmäla till Migrationsverket att man har verkställighetshinder.</p><p>Där har Migrationsverket svarat, och det står även på verkets hemsida, att man inte kommer att be Rättsmedicinalverket om en medicinsk bedömning. Det innebär att den sökande själv måste få till stånd en sådan om denne vill. Då blir det en situation där det är svårt att få tillgång till de mer rättssäkra metoderna. Det finns inte särskilt många i Sverige som är beredda att göra medicinska åldersbedömningar utanför systemet. Ofta är det bara möjligt att göra en tandröntgen, och vi vet att det inte är tillräckligt. Det blir rättsosäkert även där.</p><p> STYLEREF Kantrubrik \\* MERGEFORMAT Svar på interpellationer</p><p>Det är därför vi anser att även dessa ungdomar ska få tillgång till det nya, mer rättssäkra systemet hos Rättsmedicinalverket. För att det ska bli så måste Migrationsverket begära det. Det är vad vi efterfrågar.</p><p>Det finns mycket mer att diskutera, men just nu gäller frågan specifikt dem som redan har fått beslut i sista instans, dem som redan befinner sig i ett skede där de ska utvisas och som åberopar verkställighetshinder. Där önskar jag att ministern kunde visa en mer positiv inställning till att försöka hitta ett sätt att hjälpa ungdomarna.</p>",
    "intressent_id": "0495218011521",
    "rel_dok_id": "H410367",
    "replik": "N",
    "systemdatum": "2017-05-18 13:27:15"
  }
}