﻿{
  "anforande": {
    "dok_hangar_id": "4703370",
    "dok_id": "H409101",
    "dok_titel": "Protokoll 2016/17:101 Torsdagen den 27 april",
    "dok_rm": "2016/17",
    "dok_nummer": "101",
    "dok_datum": "2017-04-27 00:00:00",
    "avsnittsrubrik": "Frågestund",
    "underrubrik": "Beskattningen av arbete",
    "kammaraktivitet": "frågestund",
    "anforande_id": "ef79ecae-bb3b-e711-9452-00262d0d0c40",
    "anforande_nummer": "53",
    "talare": "Statsrådet Per Bolund (MP)",
    "parti": "MP",
    "anforandetext": "<p>Fru talman! Den här regeringen har tagit ett stort ansvar för att se till att de offentliga finanserna kommer i ordning. Vi ärvde en situation av den förra regeringen där det var mycket stora underskott - rekordstora underskott. Det gjorde att vi var tvungna att reformera den ekonomiska politik som fördes i Sverige, det vill säga vi var tvungna att finansiera våra reformer fullt ut. Vi har också lyckats. Vi har vänt underskott till överskott. Sedan första året som denna regering levererade budgetresultat, och även 2016, har vi kraftiga överskott i statens finanser.</p><p>Men detta gör också att vi är tvungna att se till att vi får in skatteintäkter. Det som är viktigt att nämna i detta sammanhang är att det för grupper som ligger vid skiktgränsen möjligtvis handlar om ett par kronor i månaden, det vill säga det är mycket små och marginella förändringar. Att, som oppositionen försöker göra, utmåla det som att det skulle avgöra om man väljer att utbilda sig eller inte måste jag säga är direkt oseriöst. Försök inte att skrämma upp en opinion i denna fråga! Det handlar faktiskt om väldigt marginella skatteförändringar. Där bör oppositionen vara ärlig.</p>",
    "intressent_id": "0956444284814",
    "rel_dok_id": "H4C120170427fs",
    "replik": "N",
    "systemdatum": "2017-05-18 13:18:57"
  }
}