﻿{
  "anforande": {
    "dok_hangar_id": "4702552",
    "dok_id": "H409100",
    "dok_titel": "Protokoll 2016/17:100 Onsdagen den 26 april",
    "dok_rm": "2016/17",
    "dok_nummer": "100",
    "dok_datum": "2017-04-26 00:00:00",
    "avsnittsrubrik": "Policyramverk för svenskt utvecklingssamarbete och humanitärt bistånd",
    "underrubrik": null,
    "kammaraktivitet": "ärendedebatt",
    "anforande_id": "65a891a8-413a-e711-9452-00262d0d0c40",
    "anforande_nummer": "116",
    "talare": "Margareta Cederfelt (M)",
    "parti": "M",
    "anforandetext": "<p>Herr ålderspresident! Tack så mycket, statsrådet Isabella Lövin, för anförandet! Jag tackar också för att hon förklarar någonting av hur regeringen ser på biståndet. Men jag kan tyvärr bara konstatera den intention som Isabella Lövin här säger är långsiktighet och förankring inte är verklighet. Jag kan inte se att det egentligen finns. Det framstår som tomma ord för mig.</p><p>Om statsrådet verkligen vill ha en förankring också i riksdagen hade statsrådet sett till att bjuda in Alliansens företrädare i biståndsfrågor till en diskussion och en överläggning. Detta har inte gjorts. Hur går det då att här säga att det är brett förankrat och att det ska vara långsiktighet?</p><p>För att det ska vara långsiktighet och bred förankring krävs en överläggning. Det krävs att man har kommunicerat också med oppositionspartierna. Det är nödvändigt. Det har missats. Jag tycker inte att beskrivningen stämmer att nu minsann ska undret ske och nu ska det bli långsiktighet och ordning och reda. Nej, ni har glömt bort att det finns fler partier än Miljöpartiet och Socialdemokraterna. Vi är många fler.</p><p>Dessutom kvarstår ännu mina frågor. De finns kvar. Vad är prioriteringen? Hur ska det göras och med vem? Hur ska det följas upp? Hur ska riksdagen få en insyn och möjlighet till uppföljning? Detta borde det sägas någonting om i policyramverket.</p>",
    "intressent_id": "0970259744617",
    "rel_dok_id": "H401UU11",
    "replik": "Y",
    "systemdatum": "2017-05-16 16:13:00"
  }
}