﻿{
  "anforande": {
    "dok_hangar_id": "4703370",
    "dok_id": "H409101",
    "dok_titel": "Protokoll 2016/17:101 Torsdagen den 27 april",
    "dok_rm": "2016/17",
    "dok_nummer": "101",
    "dok_datum": "2017-04-27 00:00:00",
    "avsnittsrubrik": "Frågestund",
    "underrubrik": "Övertoner i samhällsdebatten",
    "kammaraktivitet": "frågestund",
    "anforande_id": "157aecae-bb3b-e711-9452-00262d0d0c40",
    "anforande_nummer": "91",
    "talare": "Statsrådet Ardalan Shekarabi (S)",
    "parti": "S",
    "anforandetext": "<p>Fru talman! Jag tackar Lars Beckman för frågan.</p><p>Jag blev oerhört frustrerad när jag i ett program på TV4 häromveckan såg hur en friskola verkade för att en autistisk pojke skulle sluta på skolan för att han kostade för mycket, och målet var att man skulle maximera vinsten för skolan. Detta gjordes i enlighet med svensk lagstiftning. </p><p>Resurser som tas från skattebetalarna och ges till skolan för att det ska bedrivas skolverksamhet används alltså till något helt annat, till vinstutdelning, eftersom vi inte har regler som säkerställer en effektiv resursanvändning. Detta är skamligt och ska stoppas. </p><p>Vi har en skyldighet gentemot våra skattebetalare. Vi har en skyldighet att upprätthålla legitimiteten för den svenska välfärden. Då måste vi försvara mångfald och valfrihet, men det förutsätter också att resurserna används till det de är avsedda för.</p><p>Här finns stora brister i systemet, men denna regering ställer sig på medborgarnas sida och verkar för sjysta villkor.</p><p>(Applåder)</p>",
    "intressent_id": "0922497728524",
    "rel_dok_id": "H4C120170427fs",
    "replik": "N",
    "systemdatum": "2017-05-18 13:18:59"
  }
}