﻿{
  "anforande": {
    "dok_hangar_id": "4702552",
    "dok_id": "H409100",
    "dok_titel": "Protokoll 2016/17:100 Onsdagen den 26 april",
    "dok_rm": "2016/17",
    "dok_nummer": "100",
    "dok_datum": "2017-04-26 00:00:00",
    "avsnittsrubrik": "Bostadspolitik och Planering och byggande",
    "underrubrik": null,
    "kammaraktivitet": "ärendedebatt",
    "anforande_id": "49a891a8-413a-e711-9452-00262d0d0c40",
    "anforande_nummer": "93",
    "talare": "Ola Johansson (C)",
    "parti": "C",
    "anforandetext": "<p>Fru ålderspresident! Tack, Emma Hult, för möjligheten att diskutera frågor som jag uppfattar inte ligger i det här betänkandet men som handlar om hur vi kan åstadkomma ökade incitament för att nyproducera framför allt hyresrätter och också skapa möjlighet till en ökad rörlighet på bostadsmarknaden.</p><p>Som jag var inne på finns det prognoser som säger att det är 710 000 bostäder som skulle behöva tillkomma. Jag är inte säker på att samtliga dessa bostäder måste byggas, utan en stor del av den potential som finns i landet är outnyttjade bostäder, som i dag bebos av människor som kanske skulle klara sig bättre i en annan typ av bostad än den de faktiskt bor i. </p><p>Det handlar också om att se över skatterna som kringgärdar inte bara bostäder utan också kapital och arbete. En större skattereform som berör bostadsområdet är något som Centerpartiet och också många andra i debatten talar om att vi skulle behöva. Innehållet i den vill jag inte gå in på, men att få bort skatter som hämmar rörligheten på bostadsmarknaden är en viktig reform som vi har talat om länge.</p><p>Den andra frågan, som jag inte heller valde att ta upp annat än lite i förbigående, är synen på hyressättningen. Vi har en dåligt fungerande bostadsmarknad. Många beskyller oss för att vilja införa marknadshyror. Det är inte sant. Vi vill reformera hyressättningen på ett sådant sätt att vi får en bättre fungerande bostadsmarknad. På en bostadsmarknad som fungerar, där det finns en balans mellan tillgång och efterfrågan, behöver man inte reglera hyressättningen på det sätt som vi gör i dag.</p><p>Jag tror att det hade varit positivt om regeringen och de olika bostadsministrar som bjöd in till bostadspolitiska samtal hade vågat släppa sargkanten och även diskutera sådana saker, som hade gjort avgörande skillnad för framtiden.</p>",
    "intressent_id": "0934639939611",
    "rel_dok_id": "H401CU14, H401CU15",
    "replik": "Y",
    "systemdatum": "2017-05-16 16:12:54"
  }
}