﻿{
  "anforande": {
    "dok_hangar_id": "4702552",
    "dok_id": "H409100",
    "dok_titel": "Protokoll 2016/17:100 Onsdagen den 26 april",
    "dok_rm": "2016/17",
    "dok_nummer": "100",
    "dok_datum": "2017-04-26 00:00:00",
    "avsnittsrubrik": "Nya utstationeringsregler",
    "underrubrik": null,
    "kammaraktivitet": "ärendedebatt",
    "anforande_id": "fda791a8-413a-e711-9452-00262d0d0c40",
    "anforande_nummer": "24",
    "talare": "Annika Qarlsson (C)",
    "parti": "C",
    "anforandetext": "<p>Herr ålderspresident! Arbetsmarknadsministerns påstående att det i dag inte finns verktyg för att göra dessa kontroller stämmer inte. Med bevisregeln finns det möjlighet för facken att gå in och kräva att de avtal som man säger ska gälla också gäller.</p><p> STYLEREF Kantrubrik \\* MERGEFORMAT Nya utstationerings-regler</p><p>En annan sak som jag skulle vilja ta upp är kopplad till att lämna in avtalen. I den utredning som jag deltog i fanns det skiljelinjer vad gällde hur man ansåg att vi behövde gå vidare med dessa delar. Om utländska företag ska ha några som helst förutsättningar och möjligheter att komma hit, att veta vad som gäller och att kunna räkna hem uppdrag och arbete måste de veta vilka villkor som gäller.</p><p>Av alla avtal som finns på svensk arbetsmarknad är det väldigt få som är inlämnade, och det kanske är lite naivt att tro att detta ändras bara för att arbetsmarknadsministern gör en uppföljning.</p><p>Jag skulle vilja påstå att det skulle behövas bestämmelser om att man inte får möjlighet att utkräva eller följa upp dessa avtal om man inte lämnar in dem. Framför allt skulle detta vara en viktig faktor för att få ordning och reda på svensk arbetsmarknad.</p><p>Jag vill även göra någon form av statement i frågan om rörlighet. Denna fråga är en helt avgörande del för det Europa som vi ser växa fram. Här ingår många olika typer av diskussioner, gällande såväl migration och arbetskraftsinvandring som reglerna för svensk arbetsmarknad.</p><p>Även i denna del kan man tala sig varm för att det är viktigt med rörlighet. Jag tror dock att det är avgörande att man i dessa diskussioner och i de förslag som man lägger fram är tydlig med att man inte vill begränsa och försvåra den typen av rörlighet. Det försvagar bara, och det innebär ett steg i fel riktning, vilket är en allvarlig del även i denna proposition.</p>",
    "intressent_id": "0962841101917",
    "rel_dok_id": "H401AU9",
    "replik": "Y",
    "systemdatum": "2017-05-16 16:12:45"
  }
}