﻿{
  "anforande": {
    "dok_hangar_id": "4703370",
    "dok_id": "H409101",
    "dok_titel": "Protokoll 2016/17:101 Torsdagen den 27 april",
    "dok_rm": "2016/17",
    "dok_nummer": "101",
    "dok_datum": "2017-04-27 00:00:00",
    "avsnittsrubrik": "Frågestund",
    "underrubrik": "Omröstningen om Saudiarabiens inträde i FN:s kvinnokommission",
    "kammaraktivitet": "frågestund",
    "anforande_id": "dc79ecae-bb3b-e711-9452-00262d0d0c40",
    "anforande_nummer": "34",
    "talare": "Paula Bieler (SD)",
    "parti": "SD",
    "anforandetext": "<p>Fru talman! Det finns förvisso väldigt många länder i FN som har värderingar och står upp för saker som vi inte på något sätt kan tycka är rimliga, bra eller goda och som bryter mot diverse avtal och idéer om rättigheter.</p><p>Men jag undrar fortfarande: Inser regeringen det problematiska i att slå sig för bröstet och stort proklamera att man för en feministisk utrikespolitik men inte ens aktivt, starkt och tydligt ta avstånd från att extrema länder väljs in i FN-organ?</p>",
    "intressent_id": "0182800488922",
    "rel_dok_id": "H4C120170427fs",
    "replik": "N",
    "systemdatum": "2017-05-18 13:18:57"
  }
}