﻿{
  "anforande": {
    "dok_hangar_id": "4702552",
    "dok_id": "H409100",
    "dok_titel": "Protokoll 2016/17:100 Onsdagen den 26 april",
    "dok_rm": "2016/17",
    "dok_nummer": "100",
    "dok_datum": "2017-04-26 00:00:00",
    "avsnittsrubrik": "Policyramverk för svenskt utvecklingssamarbete och humanitärt bistånd",
    "underrubrik": null,
    "kammaraktivitet": "ärendedebatt",
    "anforande_id": "66a891a8-413a-e711-9452-00262d0d0c40",
    "anforande_nummer": "117",
    "talare": "Statsrådet Isabella Lövin (MP)",
    "parti": "MP",
    "anforandetext": "<p>Herr ålderspresident! Tack, Margareta Cederfelt, för frågorna! Jag får nu tillfälle att reda ut dem.</p><p>Statskontoret riktade under er regeringstid när Gunilla Carlsson var biståndsminister mycket skarp kritik mot regeringen för snåriga styrsystem och en skog av policy- och strategidokument som var omöjliga att följa. På det svarade Gunilla Carlsson och er regering med att ta fram en biståndsplattform som var ett hastverk. Det förankrades över huvud taget inte hos civilsamhället och biståndets aktörer, och ni fick ta emot mycket stark kritik för detta. Nu vill ni gå tillbaka till den plattformen.</p><p>Vi har haft en mycket omfattande remissprocess med över 180 remisssvar från biståndets aktörer, forskare, civilsamhällets organisationer och inte minst våra partner i utvecklingsländerna. Vi har också mottagit mycket positiv respons på den skrivelse som regeringen nu har lagt fram. Vi har varit i riksdagen vid ett flertal tillfällen och diskuterat, debatterat och informerat.</p><p> STYLEREF Kantrubrik \\* MERGEFORMAT Policyramverk för svenskt utvecklings-samarbete och humanitärt bistånd</p><p>Här efterlyser nu Margareta Cederfelt dels hårdare prioriteringar, dels att detta skulle ha tagits fram i samråd med riksdagen. Jag tror att det hade varit ytterligt svårt att tillsammans med riksdagen mejsla fram hårda prioriteringar. Nu har vi ett brett ramverk som anger metoder för och en syn på utvecklingssamarbete som är långsiktigt hållbart och överensstämmer med internationellt överenskomna principer. Vi innefattar även det humanitära biståndet liksom barnrättsperspektivet och migration, vilket ni inte hade i er biståndsplattform.</p>",
    "intressent_id": "0911490574010",
    "rel_dok_id": "H401UU11",
    "replik": "Y",
    "systemdatum": "2017-05-16 16:13:00"
  }
}