﻿{
  "anforande": {
    "dok_hangar_id": "4703370",
    "dok_id": "H409101",
    "dok_titel": "Protokoll 2016/17:101 Torsdagen den 27 april",
    "dok_rm": "2016/17",
    "dok_nummer": "101",
    "dok_datum": "2017-04-27 00:00:00",
    "avsnittsrubrik": "Skogspolitik",
    "underrubrik": null,
    "kammaraktivitet": "ärendedebatt",
    "anforande_id": "717aecae-bb3b-e711-9452-00262d0d0c40",
    "anforande_nummer": "176",
    "talare": "Jens Holm (V)",
    "parti": "V",
    "anforandetext": "<p>Fru ålderspresident! Jag instämmer fullt ut med Johan Hultberg om att det här blir en tydlig debatt i så måtto att vi på den ena sidan har dem som hyllar den privata äganderätten och anser att den ska ge näst intill oinskränkt rätt att göra som man vill och på den andra har sådana som jag, som tycker att samhällsintresset måste få väga betydligt tyngre än vad det får göra i dag.</p><p>Jag förstår inte, fru ålderspresident, vad problemet är med att utvidga samrådsförfarandet. I dag är det väldigt olika hur samråd fungerar. En del skogsbolag sköter det på ett bra sätt. Andra struntar i praktiken i det. Bara för att man äger skogen tycker jag inte att man kan göra precis som man vill med den. Man behöver höra de människor som berörs av en slutavverkning innan den sker.</p><p>Ett samrådsförfarande inom jordbruket har vi inga förslag om. Jag tycker inte att den parallellen är riktigt relevant i detta sammanhang.</p><p>Fru ålderspresident! Jag vill passa på att fråga Johan Hultberg om reservation nr 3 om frivilliga avsättningar, vilka jag tycker kan vara ett viktigt komplement till exempelvis naturreservat som drivs av staten. Jag tycker att det är lite märkligt när man i den reservationen också säger att naturvårdsavtal och biotopskydd kan vara väldigt viktiga. Ifall man vill ha mer av naturvårdsavtal och biotopskydd måste man också avsätta pengar till skogsägarna. Men ni har avsatt otroligt mycket mindre än vad vi har gjort i budgeten. Varför avsätter ni inte pengar för det?</p>",
    "intressent_id": "0216534495014",
    "rel_dok_id": "H401MJU13",
    "replik": "Y",
    "systemdatum": "2017-05-18 13:19:11"
  }
}