﻿{
  "anforande": {
    "dok_hangar_id": "4706363",
    "dok_id": "H409103",
    "dok_titel": "Protokoll 2016/17:103 Tisdagen den 2 maj",
    "dok_rm": "2016/17",
    "dok_nummer": "103",
    "dok_datum": "2017-05-02 00:00:00",
    "avsnittsrubrik": "Svar på interpellation 2016/17:389 om evenemangslistan",
    "underrubrik": null,
    "kammaraktivitet": "interpellationsdebatt",
    "anforande_id": "e01f8197-5344-e711-9450-00262d0d7125",
    "anforande_nummer": "117",
    "talare": "Kultur- och demokratiministern Alice Bah Kuhnke (MP)",
    "parti": "MP",
    "anforandetext": "<p>Herr talman! Tack, Olof Lavesson, för debatten, den ständigt återkommande! Den har ju hållits levande inte minst med anledning av de två tillkännagivandena som finns från Sveriges riksdag.</p><p>Det är ju så att en evenemangslista skulle innebära en begränsning av friheten att tillhandahålla tjänster liksom etableringsfriheten, den fria konkurrensen och äganderätten. Att se till att våra många olika medieaktörer har goda villkor att verka under är en av mina viktigaste uppgifter och någonting som jag har betonat under de två och ett halvt år som jag har varit ansvarig för mediepolitiken i vårt land.</p><p>Samtidigt finns det många starka röster som talar för en evenemangslista. Lavesson räknar upp några av de starka och stora aktörer som talat emot, men det finns också en lista med aktörer som är positiva, däribland Teracom, Svenska Parasportförbundet, Svenska Friidrottsförbundet och SVT.</p><p>De framför med tydlighet hur en evenemangslista skulle kunna innebära viss försäkring mot att bara de som har betal-tv kan se de här viktiga evenemangen som många vill dela känslor för och kring. Fler ser evenemangen om de visas i fri tv, och en bred tillgång till stora idrotts- och kulturevenemang skulle kunna binda oss samman.</p><p>Det finns även många motargument. Konkurrensverket avråder från att införa en evenemangslista. TV4 och flera av de stora mediebolagen är också negativa och påtalar att marknaden själv klarar av att tillgodose behovet.</p><p>Det är dessutom så att den snabba förändring som just nu sker på medieområdet innebär att en reglering av en fast lista snabbt skulle kunna bli inaktuell.</p><p>Ytterligare ett och kanske ett av de starkaste argumenten mot en evenemangslista är förvaltningsrättens remissvar, där de ifrågasätter regeringens kompetens att genom föreskrifter definiera lagens rekvisit \"väsentlig del av allmänheten\" respektive \"fri tv\". Domstolen är också tveksam till om regeringen utan särskild delegationsbestämmelse kan bestämma från när listan ska börja gälla.</p><p>Det skulle alltså krävas en lång process om man lyssnar till vad förvaltningsrätten säger.</p><p>För att kunna ta ett bra beslut i den här frågan, trots de två tillkännagivanden som vi självklart ska respektera i den ordning vi har, krävs det noggranna underlag och ytterligare förberedelse. Där är vi inte ännu.</p>",
    "intressent_id": "0787584650516",
    "rel_dok_id": "H410389",
    "replik": "N",
    "systemdatum": "2017-05-29 11:46:44"
  }
}