﻿{
  "anforande": {
    "dok_hangar_id": "4703370",
    "dok_id": "H409101",
    "dok_titel": "Protokoll 2016/17:101 Torsdagen den 27 april",
    "dok_rm": "2016/17",
    "dok_nummer": "101",
    "dok_datum": "2017-04-27 00:00:00",
    "avsnittsrubrik": "Frågestund",
    "underrubrik": "Venezuela och Sveriges agerande i FN:s säkerhetsråd",
    "kammaraktivitet": "frågestund",
    "anforande_id": "1d7aecae-bb3b-e711-9452-00262d0d0c40",
    "anforande_nummer": "99",
    "talare": "Statsrådet Isabella Lövin (MP)",
    "parti": "MP",
    "anforandetext": "<p>Fru talman! Jag vill tacka för frågan.</p><p>Venezuela tillhör inte de biståndsländer som jag är ansvarig för som biståndsminister. Det hade varit väsentligt bättre att ställa frågan till just utrikesministern.</p><p>Huruvida det är uppe i FN:s säkerhetsråd kan jag inte ge klart besked om. Men om utrikesministern har sagt att hon kommer att ta det vidare är jag helt säker på att så kommer att ske.</p><p>Sverige behandlar i säkerhetsrådet de kriser och konflikter som kommer upp på rådets dagordning. Vi har också möjlighet att driva att frågor ska komma upp. Men de kanalerna har vi inte genom biståndet, som jag ansvarar för, för att ha det samtalet med Venezuela.</p>",
    "intressent_id": "0911490574010",
    "rel_dok_id": "H4C120170427fs",
    "replik": "N",
    "systemdatum": "2017-05-18 13:18:59"
  }
}