﻿{
  "anforande": {
    "dok_hangar_id": "4703963",
    "dok_id": "H409102",
    "dok_titel": "Protokoll 2016/17:102 Fredagen den 28 april",
    "dok_rm": "2016/17",
    "dok_nummer": "102",
    "dok_datum": "2017-04-28 00:00:00",
    "avsnittsrubrik": "Aktuell debatt om attentatet i Stockholm",
    "underrubrik": null,
    "kammaraktivitet": "aktuell debatt",
    "anforande_id": "f1989fe0-bc3b-e711-9452-00262d0d0c40",
    "anforande_nummer": "5",
    "talare": "Annika Hirvonen Falk (MP)",
    "parti": "MP",
    "anforandetext": "<p>Herr talman! Fredagen den 7 april, för tre veckor sedan i dag, strax före klockan tre på eftermiddagen stal en person en lastbil och påbörjade en vansinnesfärd på Drottninggatan här i Stockholm. Fem människor lever inte längre, och flera andra har skador för livet. Det är en oerhörd tragedi för de drabbade, för anhöriga, för dem som tvingades bevittna det, för oss stockholmare och för Sverige. Som så många andra ringde jag mina anhöriga för att försäkra mig om att de inte befann sig i centrala Stockholm. Jag sänder i dag en tanke till alla de personer som aldrig fick tag på sina nära och kära.</p><p> STYLEREF Kantrubrik \\* MERGEFORMAT Aktuell debatt om attentatet i Stockholm</p><p>Vi har sett liknande attentat på andra platser i Europa. Vi har vetat att något kunde hända även här. Trots det går det inte att vaccinera sig mot den rädsla och chock som terrorn skapar när den slår till.</p><p>Samtidigt såg vi med vilken beslutsamhet samhället mycket snabbt slöt upp och agerade, trots rädslan. 3 minuter efter det första larmet inledde polisen det som kallas en särskild händelse. Det tog 5 minuter för den första polispatrullen att komma till platsen. Det tog 6 minuter innan ambulanspersonalen var där. Efter 16 minuter hade Stockholmsregionen satt igång sin krissamordning med 37 olika aktörer. Och bara 2 minuter därefter var den nationella insatsstyrkan på platsen för attentatet.</p><p>Det här visar att polisen och samhället var förberedda. Jag är personligen mycket imponerad av den organisation som sattes igång. Jag vill rikta ett stort tack till polis, räddningstjänst och ambulanspersonal för deras insatser. Med fara för sina egna liv sprang de emot det hot som andra flydde ifrån.</p><p>Herr talman! Många hjältar finns också bland stockholmarna. Civila hjälpte skadade. Människor öppnade sina hem för varandra, organiserade olika hjälpinsatser och tog hand om strandsatta barn. Stockholmarna ställde upp för varandra och visade snabbt tillit där terroristerna ville skapa misstro mellan människor.</p><p>Herr talman! Terroristernas mål är att ingjuta rädsla. I den rädslan vill de att vi ska vända oss mot varandra och skapa spänningar och hat mellan människor med olika religioner och olika etniciteter. Men Stockholm svarade med kärlek.</p><p>Det är nu vårt ansvar som politiker att fortsätta arbetet med att ta fram åtgärder för att förebygga, förhindra och försvåra framtida terrordåd. Jag vill tacka för de mycket konstruktiva samtal som regeringspartierna fortsätter att ha ihop med de fyra borgerliga partierna. Jag ser att vi har goda förutsättningar att fortsätta utveckla Sveriges motståndskraft mot terrorism, på samma sätt som vi gjort sedan 2015, då vi kom överens om ett antal konkreta åtgärder och regeringen antog den svenska strategin mot terrorism.</p><p>Miljöpartiets roll i samtalen är att presentera konkreta förslag som rent faktiskt kan ha betydelse för att förebygga och förhindra terrorism, förslag som är riktade dit där de behövs och inte svartmålar stora grupper av människor. I allt vi gör är det centralt att vi lever upp till rättsstatens principer, internationella konventioner och mänskliga rättigheter, inklusive skyddet för den personliga integriteten.</p><p>Herr talman! Det är demokratin, människor och mänskliga rättigheter som vi är satta att försvara mot dem som hatar det öppna och demokratiska samhället, mot terroristerna som vill ha slutenhet och misstro mellan människor. Stockholm har visat att vi inte backar för terroristerna. Regeringen och de fyra borgerliga partierna har visat beslutsamhet i att gemensamt fortsätta arbetet för att värna det demokratiska samhället mot hat.</p><p> STYLEREF Kantrubrik \\* MERGEFORMAT Aktuell debatt om attentatet i Stockholm</p><p>(Applåder)</p>",
    "intressent_id": "0819601620927",
    "rel_dok_id": "H4C120170428ad",
    "replik": "N",
    "systemdatum": "2017-05-18 13:27:08"
  }
}