﻿{
  "anforande": {
    "dok_hangar_id": "4703370",
    "dok_id": "H409101",
    "dok_titel": "Protokoll 2016/17:101 Torsdagen den 27 april",
    "dok_rm": "2016/17",
    "dok_nummer": "101",
    "dok_datum": "2017-04-27 00:00:00",
    "avsnittsrubrik": "Medborgarskap, Migration och asylpolitik, Anhöriginvandring och Arbetskraftsinvandring",
    "underrubrik": null,
    "kammaraktivitet": "ärendedebatt",
    "anforande_id": "c079ecae-bb3b-e711-9452-00262d0d0c40",
    "anforande_nummer": "8",
    "talare": "Johan Forssell (M)",
    "parti": "M",
    "anforandetext": "<p></p><p>Fru ålderspresident! Jag tänkte att vi skulle växla några ord om den enda fråga, mig veterligen, rörande dagens betänkande som Paula Bieler inte nämnde i sitt anförande, nämligen arbetskraftsinvandring. Vi har ju ett sådant ärende också.</p><p>Precis som jag nämnde har vi en situation i dag, inte bara i Stockholm utan faktiskt i många delar av vårt land, där det råder brist på arbetskraft. Detta kan man tycka är märkligt när vi samtidigt har många människor som på kort tid har kommit till Sverige, men arbetskraft är inte alltid direkt utbytbar. I ett modernt kunskapssamhälle som vårt ställs höga krav på att man har rätt kompetens, rätt utbildning och rätt erfarenheter. Detta är något som påverkar oss alla.</p><p>Inte minst de stora internationella techföretagen och deras beslut om de ska verka i Sverige eller något annat land påverkar förutsättningarna för tusentals människor. Detta har vi sett exempel på den senaste tiden. Det finns flera företag som har talat om att dagens regelverk hotar deras fortlevnad här i Sverige. Ett exempel är it-tekniker och it-specialister, där det saknas 20 000 personer bara i Stockholmsregionen fram till 2020.</p><p>Samtidigt som vi har detta problem har vi nu ett läge där vi varje vecka utvisar högutbildad och eftertraktad personal i princip på grund av smärre detaljfel som ofta ligger flera år tillbaka i tiden. Här är politiken väldigt stram. Utvisningsbeslut fattas närmast mekaniskt och ska verkställas på en gång.</p><p>Allianspartierna har lagt ett gemensamt förslag på riksdagens bord om hur vi kan få stopp på detta. Jag undrar varför Sverigedemokraterna genom sin röst medverkar till att dagens problem får fortsätta att växa?</p>",
    "intressent_id": "0126797549328",
    "rel_dok_id": "H401SfU14, H401SfU15, H401SfU16, H401SfU17",
    "replik": "Y",
    "systemdatum": "2017-05-18 13:18:53"
  }
}