﻿{
  "anforande": {
    "dok_hangar_id": "4706363",
    "dok_id": "H409103",
    "dok_titel": "Protokoll 2016/17:103 Tisdagen den 2 maj",
    "dok_rm": "2016/17",
    "dok_nummer": "103",
    "dok_datum": "2017-05-02 00:00:00",
    "avsnittsrubrik": "Svar på interpellation 2016/17:401 om terrorhotet och återvändande terroriststridande",
    "underrubrik": null,
    "kammaraktivitet": "interpellationsdebatt",
    "anforande_id": "e81f8197-5344-e711-9450-00262d0d7125",
    "anforande_nummer": "125",
    "talare": "Anti Avsan (M)",
    "parti": "M",
    "anforandetext": "<p>Herr talman! Jag kan instämma i det som sas om individuella handlingsplaner för avradikalisering eftersom det inte är en homogen grupp. Människor har naturligtvis olika bevekelsegrunder för varför de beger sig iväg för att strida för en terroristorganisation eller medverka i dess verksamhet på något annat sätt. Det är också det jag har frågat om.</p><p>Med tanke på det som statsrådet sa om att människor radikaliseras på egen hand vid datorn visar internationell forskning att det trots allt inte är så vanligt. Utgångspunkten är någon form av personlig kontakt. Sedan är det som finns på sociala medier och internet i övrigt ett säljstöd för det budskap de har fått till sig på något sätt.</p><p>Det är möjligen också så att man kanske inte känner till alla personer som har radikaliserats eller varit på väg att radikaliseras. Den kontrollen av människor kan man rimligtvis inte ha.</p><p>Vad som är lite intressant med dagens diskussion är att i Svenska Dagbladet på Brännpunkt skriver i dag statsrådets partikamrat Gustav Fridolin om just det här temat. Det som påpekas i artikeln är att människor för att kunna ha tillit till den öppna samhälle som vi alla vill behålla ska vara trygga med att de som innehar den politiska makten gör det som går för att förebygga och förhindra dåd. I detta inbegrips lagstiftningsinsatser för att säkerställa att vi kan identifiera och ta itu med våldsgrupperingarna innan de når sitt mål.</p><p>Jag har ingen avvikande uppfattning mot detta. Men min frågeställning, alldeles oavsett vad som har hänt i Sverige tidigare, är: Gör ni verkligen det? Gör regeringen det som krävs? Vi har känt till bristerna under en viss tid, och att det har blivit mer aktuellt att diskutera dem får inte vara beroende av att enskilda människor har råkat väldigt illa ut på grund av det fruktansvärda som hände på Drottninggatan. Detta hot finns hela tiden.</p><p> STYLEREF Kantrubrik \\* MERGEFORMAT Svar på interpellationer</p><p>Tycker kultur- och demokratiministern att regeringen har gjort tillräckligt? Eller kan man kanske just i denna stund säga att vi behöver nog ändå göra lite mer och växla upp? Moderaterna har en ganska omfattande motion om kraftfulla åtgärder mot terrorism. Där pekar vi på behovet av en konkret handlingsplan som samordnar alla myndigheter och alla verksamheter som arbetar med detta. Det är egentligen det som bekräftas i svaret från kultur- och demokratiministern.</p><p>Men det finns också en mängd andra saker som vi pekar på som oerhört viktiga. Det gäller också kommunernas ansvar. Räcker det att föra samtal med kommunerna? Vad gör man med de kommuner som inte tar itu med problemen? Anser kultur- och demokratiministern att det finns skäl att överväga lagstiftning? Hur ska man annars tvinga kommuner att göra olika saker - eller kanske snarare <em>förmå</em> kommuner att göra olika saker? Det mesta kommunerna gör i dag är statlig verksamhet som de bedriver för att riksdagen har fattat beslut om lagstiftning om vad kommunerna är skyldiga att göra. Är inte detta någonting som är så angeläget att man måste överväga att gå fortare fram och lagstifta om det?</p>",
    "intressent_id": "0338458649710",
    "rel_dok_id": "H410401",
    "replik": "N",
    "systemdatum": "2017-05-29 11:46:45"
  }
}