﻿{
  "anforande": {
    "dok_hangar_id": "4546972",
    "dok_id": "H40910",
    "dok_titel": "Protokoll 2016/17:10 Onsdagen den 28 september",
    "dok_rm": "2016/17",
    "dok_nummer": "10",
    "dok_datum": "2016-09-28 00:00:00",
    "avsnittsrubrik": "Riksrevisionens rapport om ekonomiska risker för staten i fråga om gruvavfall",
    "underrubrik": null,
    "kammaraktivitet": null,
    "anforande_id": "3ad5f233-e195-e611-9441-00262d0d7125",
    "anforande_nummer": "47",
    "talare": "Anders Forsberg (SD)",
    "parti": "SD",
    "anforandetext": "<p>Fru talman! Vi i Sverigedemokraterna ställer oss bakom miljö- och jordbruksutskottets ställningstagande angående Riksrevisionens rapport om ekonomiska risker för staten i fråga om gruvavfall. Men vi vill också passa på att lyfta fram behovet av översyn av den så kallade mineralersättningen.</p><p>Sverige har, som alla vet, rikliga förekomster av mineraler, och gruvnäringen är mycket betydelsefull för vissa regioner och för Sverige som helhet och som nation. Vi i Sverigedemokraterna ser landets mineralresurser som det svenska folkets tillgångar och anser därför att det är rimligt att det värde som dessa tillgångar genererar ska komma svenska medborgare till godo.</p><p>Vi vill här påminna om den grundläggande uppfattning som vi redan tidigare gett uttryck för om översyn av mineralersättningen. I en reservation i näringsutskottets mineralpolitiska betänkande 2015/16:NU14 har Sverigedemokraterna tidigare i år anfört att mineralersättningen bör reformeras. Genom den nuvarande konstruktionen får staten en alldeles för liten andel av det värde som gruvnäringen genererar, samtidigt som staten tvingas stå för de tunga investeringarna i bland annat infrastruktur men också ta ansvar för efterarbete och olika miljöskador som kan uppkomma. I vårt särskilda yttrande anför vi att staten och gruvnäringen har ett gemensamt intresse i dessa frågor. En reformerad mineralersättning skulle kunna vara en del i att underlätta för staten att bedriva en mycket aktivare gruv och mineralpolitik.</p><p>Fru talman! Enligt vår uppfattning bör mineralersättningen höjas från nuvarande 2 promille till 5 procent. Markägarens andel bör kvarstå på den nuvarande nivån, medan resterande del ska tillfalla staten. Vidare anser vi att statens andel av mineralersättningen ska placeras i en fond och öronmärkas för satsningar främst på att stimulera utveckling och sysselsättning på landsbygden för dem som är direkt eller indirekt berörda av gruvnäringen.</p><p>En livskraftig gruv- och mineralnäring utgör en viktig hörnsten för en levande landsbygd och utgör grunden för en Sverigevänlig politik för hela landet.</p>",
    "intressent_id": "0469825305127",
    "rel_dok_id": null,
    "replik": "N",
    "systemdatum": "2016-10-19 11:49:08"
  }
}