﻿{
  "anforande": {
    "dok_hangar_id": "4546972",
    "dok_id": "H40910",
    "dok_titel": "Protokoll 2016/17:10 Onsdagen den 28 september",
    "dok_rm": "2016/17",
    "dok_nummer": "10",
    "dok_datum": "2016-09-28 00:00:00",
    "avsnittsrubrik": "Riksrevisionens rapport om ekonomiska risker för staten i fråga om gruvavfall",
    "underrubrik": null,
    "kammaraktivitet": null,
    "anforande_id": "44d5f233-e195-e611-9441-00262d0d7125",
    "anforande_nummer": "57",
    "talare": "Lars-Axel Nordell (KD)",
    "parti": "KD",
    "anforandetext": "<p>Fru talman! Jag blir inte riktigt klok på vad Miljöpartiet och Stina Bergström egentligen vill. Jag har antecknat en del. Att gruvnäringen är viktig är vi självklart överens om. Den är jätteviktig för Sveriges välstånd. Den har varit viktig, och den kommer att vara viktig. Men Miljöpartiet har faktiskt ansvar för utvecklingen. Stina sa: om Miljöpartiet fick vara med och bestämma. Jag vet inte om det var en felsägning, men ni är faktiskt med och bestämmer. Det är bara en upplysning. Ni sitter i regeringen, och ni har stora möjligheter att påverka utvecklingen.</p><p>Stina säger: Visst kan det vara svårt, det här med provborrningar och att veta exakt vad det skulle kosta om man fortsätter. Ja, men det är ju det som man ska ta reda på, om det finns sådana möjligheter. Man provborrar ju inte för att inte sedan gå vidare. Man provborrar för att möjligtvis gå vidare. Syftet är att bryta. Något annat syfte tror jag inte finns. Redan där kan man alltså komma fram till om det finns möjligheter att fortsätta med en brytning, om det finns sådana ekonomiska möjligheter för bolaget. Min fråga till Stina är: Vad vill ni?</p>",
    "intressent_id": "0125056691517",
    "rel_dok_id": null,
    "replik": "Y",
    "systemdatum": "2016-10-19 11:49:09"
  }
}