﻿{
  "anforande": {
    "dok_hangar_id": "4702552",
    "dok_id": "H409100",
    "dok_titel": "Protokoll 2016/17:100 Onsdagen den 26 april",
    "dok_rm": "2016/17",
    "dok_nummer": "100",
    "dok_datum": "2017-04-26 00:00:00",
    "avsnittsrubrik": "Policyramverk för svenskt utvecklingssamarbete och humanitärt bistånd",
    "underrubrik": null,
    "kammaraktivitet": "ärendedebatt",
    "anforande_id": "59a891a8-413a-e711-9452-00262d0d0c40",
    "anforande_nummer": "104",
    "talare": "Maria Andersson Willner (S)",
    "parti": "S",
    "anforandetext": "<p>Herr ålderspresident! I dag debatterar vi utskottets betänkande UU11 <em>Policyramverk för svenskt utvecklingssamarbete och humanitärt bistånd</em>.</p><p>Jag vill börja med att tala om kontinuitet i biståndet.</p><p>Vi har från utskottets sida uppmärksammat att förankringen i riksdagen kunde ha varit bättre, vilket också har påtalats här i talarstolen.</p><p>Det finns olika sätt att bygga kontinuitet i biståndet. Vi kan antingen se till att denna regering får ytterligare 41 år - vi har ju en viss erfarenhet av långvarigt innehav av regeringsmakten - eller se till att vi får en bred parlamentarisk förankring av policyramverket.</p><p> STYLEREF Kantrubrik \\* MERGEFORMAT Policyramverk för svenskt utvecklings-samarbete och humanitärt bistånd</p><p>Jag vill samtidigt understryka att regeringen har sökt samsyn och att man har drivit en väldigt bred process med civilsamhället. Vi har påpekat att det finns utmaningar när vi inte kan få en bred parlamentarisk samsyn kring de policyramverk som styr biståndet. Vi vill inte ha ett bistånd som ändras med innehavet av regeringsmakten.</p><p>Samtidigt står detta policyramverk för ett nytänkande som är helt nödvändigt. 2015 var ett väldigt viktigt år för de globala utvecklingsfrågorna. Som nämnts tidigare fick vi Agenda 2030, det hölls en utvecklingsfinansieringskonferens och vi fick ett nytt klimatavtal.</p><p>Detta påverkar såklart hur vi kan och vill bedriva vårt biståndsarbete. Vi måste kontinuerligt anpassa oss efter den rådande verkligheten.</p><p>Som ett exempel kan vi fundera på Libanon, dit jag hade förmånen att med UNDP få göra en studieresa. Jag fick bevittna hur situationen ser ut, med en stor mängd syriska flyktingar som befinner sig där på grund av konflikten i Syrien.</p><p>Det var förstås helt omöjligt för den förra regeringen att föreställa sig hur den här utvecklingen skulle se ut. I det läget är det viktigt att vi har ett nytänkande i biståndet.</p><p>Jag skulle vilja säga att vi har en Syrienstrategi som har beslutats utifrån den gamla biståndsplattformen, eller <em>trots</em> den gamla biståndsplattformen. Även den förra regeringen insåg att det måste finnas en viss flexibilitet i hur vi utformar våra strategier. Detta betyder inte att vi ska undvika att uppdatera dokument och bara låta dem ligga - då blir de ju inaktuella och irrelevanta.</p><p>Samtidigt finns det väldigt mycket som vi i Sveriges riksdag är överens om, även om vi inte har lyckats få ett brett utskott att ställa sig bakom betänkandet. Perspektivet på fattiga människors utveckling och rättighetsperspektivet är vi helt överens om. Jag tror att vi också är överens om de perspektiv som regeringen har lagt till: konfliktperspektivet, jämställdhetsperspektivet och miljö- och klimatperspektivet. Det här är inga nya frågor, utan det är något som vi kontinuerligt har jobbat med och utvecklat över tid. Utskottet instämmer också i betänkandet i att dessa perspektiv är viktiga och relevanta.</p><p>Jag är stolt över det policyramverk som vi i dag debatterar i riksdagen. Det finns en bred uppslutning i civilsamhället kring skrivningarna i det. Det är många som har fått komma till tals i processen. Vi har en stabil grund att fortsätta från när vi utvecklar vårt biståndsarbete framöver.</p><p>Jag skulle också vilja kommentera något av det som har sagts tidigare. Fundersam, säger Margareta Cederfelt. Då undrar jag vad det egentligen är som Margareta Cederfelt vill ta bort.</p><p>Vi har nu ställt oss bakom Agenda 2030. Det är ett fantastiskt dokument att jobba tillsammans med globalt. Det är 17 mycket ambitiösa mål. Tycker Margareta Cederfelt och Moderaterna att vi ska prioritera bort några av målen? Vi har en ambitiös agenda med en bred ansats som vi har ställt oss bakom. Då måste vi så klart också ha en bred ansats i vårt policyramverk.</p><p>För Kristdemokraterna och Sofia Damm vill jag understryka att vi har haft möjlighet att anta 22 strategier, trots den gamla biståndsplattformen. Det betyder att även den gamla regeringen såg att världen förändras och att det måste finnas en viss flexibilitet i detta. Det betyder inte detsamma som att dessa strategier är tillräckliga när vi nu har en förändrad omvärld och nya dokument att hantera.</p><p> STYLEREF Kantrubrik \\* MERGEFORMAT Policyramverk för svenskt utvecklings-samarbete och humanitärt bistånd</p><p>Med detta vill jag tacka för mig och yrka bifall till utskottets förslag.</p><p>(Applåder)</p>",
    "intressent_id": "0173946230722",
    "rel_dok_id": "H401UU11",
    "replik": "N",
    "systemdatum": "2017-05-16 16:13:00"
  }
}