﻿{
  "anforande": {
    "dok_hangar_id": "4703370",
    "dok_id": "H409101",
    "dok_titel": "Protokoll 2016/17:101 Torsdagen den 27 april",
    "dok_rm": "2016/17",
    "dok_nummer": "101",
    "dok_datum": "2017-04-27 00:00:00",
    "avsnittsrubrik": "Frågestund",
    "underrubrik": "En gemensam statlig molntjänst för myndigheternas it-drift",
    "kammaraktivitet": "frågestund",
    "anforande_id": "247aecae-bb3b-e711-9452-00262d0d0c40",
    "anforande_nummer": "106",
    "talare": "Carl Schlyter (MP)",
    "parti": "MP",
    "anforandetext": "<p>Fru talman! Jag riktar min fråga till statsrådet Shekarabi.</p><p>Jag har fått i min hand den fantastiskt trevliga rapport från Statens servicecenter som jag nu visar upp för kammarens ledamöter. Den presenterades för statsrådet i februari och handlar om en gemensam statlig molntjänst för myndigheternas it-drift. Det är en delrapport om arbetet med samordning och omlokalisering av myndigheter.</p><p>Det är trevlig läsning. Det står om besparingar på 30 procent när det gäller myndigheternas it-kostnader. I stället för 200 disparata datacenter har man några få centrala. De är säkra i bergrum. Man sparar lokalytor i storstäderna. Man ökar it-säkerheten kraftigt eftersom vi får egenkontroll över dataflödena. Dessutom höjer man servicen till myndigheterna.</p><p>Vad händer nu, statsrådet? När kan regeringen gå vidare med det här?</p>",
    "intressent_id": "0954072997110",
    "rel_dok_id": "H4C120170427fs",
    "replik": "N",
    "systemdatum": "2017-05-18 13:18:59"
  }
}