﻿{
  "anforande": {
    "dok_hangar_id": "4703370",
    "dok_id": "H409101",
    "dok_titel": "Protokoll 2016/17:101 Torsdagen den 27 april",
    "dok_rm": "2016/17",
    "dok_nummer": "101",
    "dok_datum": "2017-04-27 00:00:00",
    "avsnittsrubrik": "Frågestund",
    "underrubrik": "Stöd till samlingslokaler på landsbygden",
    "kammaraktivitet": "frågestund",
    "anforande_id": "e079ecae-bb3b-e711-9452-00262d0d0c40",
    "anforande_nummer": "38",
    "talare": "Ola Johansson (C)",
    "parti": "C",
    "anforandetext": "<p>Fru talman! Tack, ministern, för svaret! Tyvärr nämndes inte mötesplatser och samlingslokaler alls i Landsbygdsutredningens betänkande. Det kan ju tänkas att remissinstanserna kommer att trycka på att de lyfts fram. Där talas det om civilsamhället, som har en roll att spela för det organiserade föreningslivet. Många av föreningarna har själva tillgång till sådana här lokaler.</p><p>Om remissinstanserna kräver detta, tycker då landsbygdsministern att det vore befogat att öka stödet till samlingslokalsorganisationerna?</p>",
    "intressent_id": "0934639939611",
    "rel_dok_id": "H4C120170427fs",
    "replik": "N",
    "systemdatum": "2017-05-18 13:18:57"
  }
}