﻿{
  "anforande": {
    "dok_hangar_id": "4703370",
    "dok_id": "H409101",
    "dok_titel": "Protokoll 2016/17:101 Torsdagen den 27 april",
    "dok_rm": "2016/17",
    "dok_nummer": "101",
    "dok_datum": "2017-04-27 00:00:00",
    "avsnittsrubrik": "Frågestund",
    "underrubrik": "Livsmedelsstrategins mål",
    "kammaraktivitet": "frågestund",
    "anforande_id": "ea79ecae-bb3b-e711-9452-00262d0d0c40",
    "anforande_nummer": "48",
    "talare": "Lars Tysklind (L)",
    "parti": "L",
    "anforandetext": "<p></p><p>Jag har en fråga till landsbygdsminister Sven-Erik Bucht. Den handlar om livsmedelsstrategin. </p><p>Liberalerna och övriga allianspartier har ju tillsammans med regeringen förhandlat fram övergripande strategiska mål för en livsmedelsstrategi. Vi slog då gemensamt fast att livsmedelsproduktionen ska styras av konsumenternas efterfrågan. Så långt är det bra från vårt håll.</p><p>Men med förvåning har jag sedan konstaterat att regeringen lämnat detta gemensamma mål när man i sin handlingsplan sätter upp siffersatta procentmål för ekologisk produktion och konsumtion. </p><p>Min fråga till statsrådet är: Tycker statsrådet att det är rimligt att politiker sätter upp denna typ av mål, som närmast för tanken till planekonomi?</p>",
    "intressent_id": "0535526562910",
    "rel_dok_id": "H4C120170427fs",
    "replik": "N",
    "systemdatum": "2017-05-18 13:18:57"
  }
}