﻿{
  "anforande": {
    "dok_hangar_id": "4703370",
    "dok_id": "H409101",
    "dok_titel": "Protokoll 2016/17:101 Torsdagen den 27 april",
    "dok_rm": "2016/17",
    "dok_nummer": "101",
    "dok_datum": "2017-04-27 00:00:00",
    "avsnittsrubrik": "Fiskeripolitik",
    "underrubrik": null,
    "kammaraktivitet": "ärendedebatt",
    "anforande_id": "9b7aecae-bb3b-e711-9452-00262d0d0c40",
    "anforande_nummer": "217",
    "talare": "Marianne Pettersson (S)",
    "parti": "S",
    "anforandetext": "<p>Fru ålderspresident! Först vill jag säga att beslutet är nyligen fattat och behöver analyseras och tittas på.</p><p>Sverige har länge varit en av de stater i EU som har drivit på för mer hållbara fiskemetoder. Det tycker vi att Sverige ska fortsätta med. Det kommer nu att bli extra viktigt att ytterligare förordna för nyare och mer selektiva redskap.</p><p>Sverige bör också förhandla om att införa trålförbud på de områden som godkänns som Natura 2000-områden.</p>",
    "intressent_id": "0341628241813",
    "rel_dok_id": "H401MJU14",
    "replik": "Y",
    "systemdatum": "2017-05-18 13:19:12"
  }
}