﻿{
  "anforande": {
    "dok_hangar_id": "4706363",
    "dok_id": "H409103",
    "dok_titel": "Protokoll 2016/17:103 Tisdagen den 2 maj",
    "dok_rm": "2016/17",
    "dok_nummer": "103",
    "dok_datum": "2017-05-02 00:00:00",
    "avsnittsrubrik": "Återrapportering från Europeiska rådets möte den 29 april",
    "underrubrik": null,
    "kammaraktivitet": null,
    "anforande_id": "711f8197-5344-e711-9450-00262d0d7125",
    "anforande_nummer": "11",
    "talare": "Statsministern Stefan Löfven (S)",
    "parti": "S",
    "anforandetext": "<p> STYLEREF Kantrubrik \\* MERGEFORMAT Återrapportering från Europeiska rådets möte den 29 april</p><p>Herr talman! Regeringen har varit tydlig från start. Storbritanniens utträde innebär att EU får rätta mun efter matsäck. Då får man helt enkelt dra ned på ambitionerna. Vi menar nämligen att Sverige inte ska ha någon högre avgift i den kommande budgeten. Men det är en diskussion som förs inom ramen för den nya fleråriga budgeten. Den förs inte inom ramen för detta, så det får vi återkomma till.</p><p>Men det blir lite märkligt när Sverigedemokraterna är väldigt måna om den principen och samtidigt säger att man borde sätta sig ned och förhandla med Storbritannien om ett kanske förmånligt frihandelsavtal, innan Storbritannien har fullgjort sina ekonomiska åtaganden. Det rimmar lite illa.</p><p>Om jag satt på den sidan och förhandlade skulle jag vara jätteglad - inga åtaganden krävs, men jag får ändå ett väldigt bra avtal.</p><p>Det är av bland annat detta skäl som vi först ska föra diskussionen om utträdesvillkoren - det handlar bland annat om att de ekonomiska åtaganden som redan nu ligger på Storbritannien fullföljs. Sedan kommer vi till ett tillfälle då Europeiska rådet finner att man har kommit tillräckligt långt i de diskussionerna. Alla detaljer behöver inte vara uppfyllda. Det handlar om principerna för detta. Vi ska känna: Nu bär det. Det är först då som vi kliver in i nästa förhandling. Det handlar om ramvillkoren för den framtida relationen. De villkoren kommer inte att göras i detalj förrän Storbritannien faktiskt är ett tredjeland. Det är först när det inte är med som man kan sluta ett sådant avtal. Man kan inte sluta ett avtal med en medlem på det sättet.</p><p>Strategin med de två faserna är oerhört viktig. Det handlar om att vi ser till att Storbritannien fullgör sina åtaganden. Det finns ingen frivillighet i det.</p>",
    "intressent_id": "0218878014918",
    "rel_dok_id": null,
    "replik": "N",
    "systemdatum": "2017-05-29 11:46:20"
  }
}