﻿{
  "anforande": {
    "dok_hangar_id": "4703370",
    "dok_id": "H409101",
    "dok_titel": "Protokoll 2016/17:101 Torsdagen den 27 april",
    "dok_rm": "2016/17",
    "dok_nummer": "101",
    "dok_datum": "2017-04-27 00:00:00",
    "avsnittsrubrik": "Medborgarskap, Migration och asylpolitik, Anhöriginvandring och Arbetskraftsinvandring",
    "underrubrik": null,
    "kammaraktivitet": "ärendedebatt",
    "anforande_id": "c879ecae-bb3b-e711-9452-00262d0d0c40",
    "anforande_nummer": "16",
    "talare": "Maria Ferm (MP)",
    "parti": "MP",
    "anforandetext": "<p>Fru ålderspresident! Det system vi har nu, med de kontroller som genomförs för att säkerställa att man får lika bra villkor som andra som jobbar här, togs fram av den förra regeringen i samarbete med Miljöpartiet. I den förra regeringen ingick ditt parti, Johan Forssell. Det är alltså ett regelverk som vi alla i någon mån har varit inblandade i, och vi har alla samma intresse av att se till att det blir så bra som möjligt.</p><p>Jag skulle inte säga att planen framöver är vag, tvärtom. Det kom en utredning i december. Där finns förslag som bereds på Regeringskansliet. Det som inte omfattas av den utredningen kommer att beredas vidare i en ny utredning, så att vi kan presentera förslag för riksdagen.</p><p>Jag sa inte att saker inte blir bättre av att motioner röstas igenom i riksdagen, utan att det inte blir verklighet av dem. Det krävs ju att någon bereder förslagen, så att man kan återkomma med lagförslag. Det är så själva processen fungerar. Jag är helt säker på att det också kommer att ske.</p><p></p><p>Sedan tycker jag att det finns en poäng i det Johan Forssell säger - som man frågar får man svar. Debatten kring arbetskraftsinvandring har de senaste åren kantrat starkt mot att vara problemorienterad och fokusera på utnyttjandet inom olika sektorer. Vi vet att det finns särskilda branscher där det sker utnyttjande och råder dåliga villkor, oavsett om det handlar om arbetskraftsinvandring eller inte. Man måste komma till rätta med det. Men man måste också säkerställa att vi har en öppen arbetskraftsinvandring och att vi har transparenta regler, så att det går snabbt att få hit arbetskraft som företagen har behov av.</p><p>Men jag tycker att det är lite ohederligt att måla upp den här konflikten. Det som möjligtvis är positivt med det är att de tidigare talepunkterna från Johan Forssell om att flyktingkrisen inte är över verkar vara lagda på hyllan. Det är jag glad för, för det var jag lite trött på.</p>",
    "intressent_id": "0462699892622",
    "rel_dok_id": "H401SfU14, H401SfU15, H401SfU16, H401SfU17",
    "replik": "Y",
    "systemdatum": "2017-05-18 13:18:53"
  }
}