﻿{
  "anforande": {
    "dok_hangar_id": "4703370",
    "dok_id": "H409101",
    "dok_titel": "Protokoll 2016/17:101 Torsdagen den 27 april",
    "dok_rm": "2016/17",
    "dok_nummer": "101",
    "dok_datum": "2017-04-27 00:00:00",
    "avsnittsrubrik": "Frågestund",
    "underrubrik": "Regeringens mål för ekologisk produktion",
    "kammaraktivitet": "frågestund",
    "anforande_id": "107aecae-bb3b-e711-9452-00262d0d0c40",
    "anforande_nummer": "86",
    "talare": "Betty Malmberg (M)",
    "parti": "M",
    "anforandetext": "<p>Fru talman! Det mest väsentliga för framtiden måste handla om att styra mot en hållbar livsmedelsförsörjning. Vi behöver möta bristen på jordbruksmark, öka produktionen av biobränslen och minska det läckage som både konventionellt jordbruk och ekologiskt jordbruk står för.</p><p>Eko handlar mycket om känslor. I dag ger staten nära 1 miljard extra i stöd per år till ekojordbruket. Vi moderater tycker att det är dags att fasa ut det statliga stödet.</p>",
    "intressent_id": "0547818628111",
    "rel_dok_id": "H4C120170427fs",
    "replik": "N",
    "systemdatum": "2017-05-18 13:18:58"
  }
}