﻿{
  "anforande": {
    "dok_hangar_id": "4703370",
    "dok_id": "H409101",
    "dok_titel": "Protokoll 2016/17:101 Torsdagen den 27 april",
    "dok_rm": "2016/17",
    "dok_nummer": "101",
    "dok_datum": "2017-04-27 00:00:00",
    "avsnittsrubrik": "Medborgarskap, Migration och asylpolitik, Anhöriginvandring och Arbetskraftsinvandring",
    "underrubrik": null,
    "kammaraktivitet": "ärendedebatt",
    "anforande_id": "c979ecae-bb3b-e711-9452-00262d0d0c40",
    "anforande_nummer": "17",
    "talare": "Paula Bieler (SD)",
    "parti": "SD",
    "anforandetext": "<p>Fru ålderspresident! Då får jag börja med att göra Maria Ferm besviken, eftersom jag kommer att fortsätta prata om den flyktingkris som har varit.</p><p>Det har kommit två rapporter de senaste månaderna, en på initiativ från regeringen själv och en från Riksrevisionen, om vad man kan dra för lärdomar av vad som hände hösten 2015. Och det är inte utan att jag undrar vad Miljöpartiet har dragit för lärdomar.</p><p>Vi har läst och hört under lång tid, egentligen ända sedan man av mer eller mindre tvång beroende på situationen införde den nya lagstiftningen, att man påtalat att den ska bort så snart som möjligt, att vi ska tillbaka till det som var tidigare. Den nya lagstiftningen ska införas senast 2019 - det är en tillfällig som gäller till dess - och Miljöpartiet är tydligt med att man vill få bort den även innan dess.</p><p>Som jag var inne på i mitt anförande och som även Johan Forssell nämnde i sitt kom den nya uppdaterade prognosen från Migrationsverket i går. Där talas det tydligt om att det fortsatt finns väldigt många riskfaktorer som skulle kunna leda till en plötslig senareläggning av antalet utvisningar av personer som söker asyl i Sverige. Sett till de siffror som minskar skulle man vid en första anblick kunna tro att vi inte har så stora problem längre. Då handlar det om antalet avslutade och avgjorda fall, antalet verkställda utvisningar och så vidare. Det bottnar inte i att det är färre personer som kommer att få avslag och utvisningsbesked, utan det bottnar i att man inte förmår att göra det man har planerat för. Jag blir därför konfunderad.</p><p>Visst, situationen är inte densamma som den var 2015, men problematiken är ju kvar. Vi har fortfarande väldigt stora kapacitetsbrister till följd av det stora mottagandet.</p><p>Vad har Miljöpartiet lärt sig?</p>",
    "intressent_id": "0182800488922",
    "rel_dok_id": "H401SfU14, H401SfU15, H401SfU16, H401SfU17",
    "replik": "Y",
    "systemdatum": "2017-05-18 13:18:53"
  }
}