﻿{
  "anforande": {
    "dok_hangar_id": "4702552",
    "dok_id": "H409100",
    "dok_titel": "Protokoll 2016/17:100 Onsdagen den 26 april",
    "dok_rm": "2016/17",
    "dok_nummer": "100",
    "dok_datum": "2017-04-26 00:00:00",
    "avsnittsrubrik": "Nya utstationeringsregler",
    "underrubrik": null,
    "kammaraktivitet": "ärendedebatt",
    "anforande_id": "03a891a8-413a-e711-9452-00262d0d0c40",
    "anforande_nummer": "30",
    "talare": "Magnus Manhammar (S)",
    "parti": "S",
    "anforandetext": "<p>Herr ålderspresident! Den här debatten, som har pågått i snart två timmar, handlar i grunden om sjysta villkor både för arbetstagare och för arbetsgivare. Det har framkommit tydligt i debatten, inte minst i det senaste replikskiftet.</p><p>Det är viktigt att understryka att den här debatten inte bara handlar om sjysta villkor för just arbetstagarna utan också för arbetsgivarna. Vi har i dag en osund konkurrens på den svenska arbetsmarknaden där arbetsgivare ställs mot varandra och tvingas att dumpa sina egna löner och villkor, vilket är dåligt för både arbetstagarna och arbetsgivarna. Det skapar en problematisk arbetsmarknad i Sverige, något som vi under debatten har hört att EU har ganska starka åsikter om.</p><p>Herr ålderspresident! Jesper Göransson, vd i Peab - ett av de största byggföretagen i Sverige - är väldigt positiv till regeringens förslag om att riva upp lex Laval.</p><p>Jag vill läsa upp ett citat om vad Peabs vd och koncernchef tycker om det förslag som ligger på bordet för omröstning i dag. Så här svarar Jesper Göransson på frågan om vilka konsekvenser förslaget skulle få för Peab: \"Det handlar inte om Peab skulle gynnas eller missgynnas med förslaget. Det handlar om att vi måste ha konkurrens på lika villkor och spelregler som gäller för alla.\" Tydligare än så kan det inte bli. Exakt så säger man på ett av Sveriges största byggföretag.</p><p>En svensk intresseorganisation som brukar ha starka åsikter om byggsektorn, inte minst när det gäller att en uppriven lex Laval skulle kunna leda till bättre villkor på arbetsmarknaden, är Sveriges Byggindustrier, alltså motparten till Byggnads som har nämnts många gånger här i dag. På Sveriges Byggindustrier är man också positiv till det förslag som ligger på bordet här i dag och som kommer upp till omröstning i eftermiddag, alltså det förslag som vi debatterar just nu.</p><p> STYLEREF Kantrubrik \\* MERGEFORMAT Nya utstationerings-regler</p><p>Sveriges Byggindustriers vice vd och förhandlingschef heter Mats Åkerlind. På en fråga om vad han tycker om förslaget att riva upp lex Laval för att skapa sund konkurrens på svensk arbetsmarknad svarar han \"att propositionen som nu läggs fram om nya regler för utstationering är ett steg i rätt riktning\".</p><p>Då känns det väldigt konstigt att debattörerna från de fyra borgerliga partierna lägger ord i munnen på byggsektorn i svenskt näringsliv, att det här skulle vara negativt för den sektorn. Det är tvärtom. Man vill ha det här.</p><p>Därför skulle jag vilja fråga allianspartierna, eller snarare de före detta allianspartierna, de borgerliga partierna: Har Peab fel i det här fallet? Har Sveriges Byggindustrier fel? Om de inte har det, har de borgerliga partierna i Sveriges riksdag i så fall hittat på en egen version av den svenska modellen? Det kanske är en modell som ingen annan står för, utan som de har hittat på, här i kammaren eller någon annanstans, på något partihögkvarter. Det kanske är en svensk modell som bara finns i de borgerliga tänkarnas idéer och hjärnor.</p><p>Såvitt jag vet bygger den svenska modellen på att parterna på arbetsmarknaden kommer överens. Parterna Byggnads och Sveriges Byggindustrier tycker att det här är ett utmärkt förslag för att få grundläggande lika villkor och sund konkurrens på svensk byggarbetsmarknad. Men de borgerliga partierna är emot det, med argumentet att näringslivet skulle vara emot detta. Det är mycket konstigt.</p><p>Det här är en intressant fråga. Det är, som många har nämnt under debatten, avgörande för vårt samhälle.</p><p>Fru talman! Jag vill också tala lite om Sverigedemokraterna, som också är med i debatten och som kommer att rösta i eftermiddag.</p><p>För Sverigedemokraterna verkar dagens ställningstagande till lex Laval snarare vara en avledningsmanöver. Vi ska inte glömma att Sverigedemokraterna i december röstade emot löntagarnas villkor. Vi ska inte glömma att de röstade för att man ska kunna fortsätta dumpa lönerna på arbetsmarknaden när det gäller upphandlingar.</p><p>Vi ska inte heller glömma att Sverigedemokraterna föreslår ganska allvarliga attacker mot arbetsrätten och har med det i sina program. De förslagen presenterar de här i kammaren då och då. De vill till exempel ha fler undantag i LAS. De pratar till och med om en ny typ av anställningsform som innebär att det ska gå att vara provanställd i upp till tre år. De har alltså väldigt löntagarfientliga förslag.</p><p>Min slutsats blir att det inte går att lita på Sverigedemokraterna i de här frågorna. Det känns konstigt. Sven-Olof Sällström stod i talarstolen tidigare och talade sig varm för kollektivavtal. Men i december röstade han för att förstöra möjligheterna att kräva kollektivavtal i Sverige.</p><p>Sverigedemokraterna har en närmast schizofren arbetsmarknadspolitik. Det är viktigt att väljarna får lärdom om det här i dag.</p><p> STYLEREF Kantrubrik \\* MERGEFORMAT Nya utstationerings-regler</p><p>Jag har tidigare visat en sammanställning av Sverigedemokraternas arbetsmarknadspolitik genom årtiondena, sedan partiet grundades. Jag ska inte gå igenom hela den nu. Den börjar 1988 och går hela vägen fram till 2017. Man kan fråga sig vilken arbetsmarknadspolitik de ska ha senare i år och fundera på vilken arbetsmarknadspolitik de ska ha nästa år. Den har nämligen varit schizofren genom åren - mot löntagarna, för löntagarna, för arbetsgivarna och mot arbetsgivarna. Man vet inte riktigt var Sverigedemokraterna står.</p><p>Jag vill därför fråga Sven-Olof Sällström i dag vad Sverigedemokraterna kommer att tycka om arbetsmarknadspolitiken i morgon. Vad kommer de att tycka nästa år? Valåret 2018 närmar sig. Vad kommer Sverigedemokraterna att tycka om arbetsmarknaden då? Jag vill gärna att Sven-Olof Sällström begär replik, eftersom jag skulle vilja få svar på det.</p><p>Sven-Olof Sällström verkar dock inte vilja ta den debatten. Han sitter i sin stol och skakar på huvudet. Sverigedemokraterna har nämligen en ny strategi. Under det senaste året har de gång på gång vägrat att ta debatten om arbetsmarknadspolitiken med oss här i kammaren. Det visar återigen att de inte har någon arbetsmarknadspolitik som håller. De har en löntagarfientlig arbetsmarknadspolitik.</p><p>Jag kommer att fortsätta fråga Sverigedemokraterna här från talarstolen, dag efter dag, år efter år, vilken arbetsmarknadspolitik de har. När går det, kommer det någonsin att gå, att lita på Sverigedemokraterna? När det handlar om just arbetsmarknadspolitik funderar jag ibland på om Sven-Olof Sällström litar på sig själv. Vet han själv vad han kommer att tycka om arbetsmarknadspolitiken i morgon?</p><p>Det är en schizofren arbetsmarknadspolitik som Sverigedemokraterna står för. Man kan helt enkelt aldrig veta vad de står för.</p><p>(Applåder)</p>",
    "intressent_id": "025967059622",
    "rel_dok_id": "H401AU9",
    "replik": "N",
    "systemdatum": "2017-05-16 16:12:45"
  }
}