﻿{
  "anforande": {
    "dok_hangar_id": "4703370",
    "dok_id": "H409101",
    "dok_titel": "Protokoll 2016/17:101 Torsdagen den 27 april",
    "dok_rm": "2016/17",
    "dok_nummer": "101",
    "dok_datum": "2017-04-27 00:00:00",
    "avsnittsrubrik": "Frågestund",
    "underrubrik": "Stöd till demokratiska rörelser i världen",
    "kammaraktivitet": "frågestund",
    "anforande_id": "237aecae-bb3b-e711-9452-00262d0d0c40",
    "anforande_nummer": "105",
    "talare": "Statsrådet Isabella Lövin (MP)",
    "parti": "MP",
    "anforandetext": "<p>Fru talman! Det är glädjande att Vitryssland kommer upp. Sverige är ett av få EU-länder som ger ett aktivt demokratibistånd till Östeuropa och östra Balkan. Vi kämpar verkligen för att ge möjligheter för yttrandefrihet och för att ge demokratikämpar möjlighet att ha en självständig röst. Detsamma gäller för Kuba.</p><p>Det här är ett led i att försöka se till att vi får en fredlig utveckling, i vårt östra grannområde men också i andra länder.</p>",
    "intressent_id": "0911490574010",
    "rel_dok_id": "H4C120170427fs",
    "replik": "N",
    "systemdatum": "2017-05-18 13:18:59"
  }
}