﻿{
  "anforande": {
    "dok_hangar_id": "4703370",
    "dok_id": "H409101",
    "dok_titel": "Protokoll 2016/17:101 Torsdagen den 27 april",
    "dok_rm": "2016/17",
    "dok_nummer": "101",
    "dok_datum": "2017-04-27 00:00:00",
    "avsnittsrubrik": "Frågestund",
    "underrubrik": "Åtgärdsprogram för landsbygden",
    "kammaraktivitet": "frågestund",
    "anforande_id": "fb79ecae-bb3b-e711-9452-00262d0d0c40",
    "anforande_nummer": "65",
    "talare": "Statsrådet Sven-Erik Bucht (S)",
    "parti": "S",
    "anforandetext": "<p>Fru talman! Tack för frågan! Jag gör just nu min Sverigeresa på drygt två månader, och hittills har jag besökt 44 landsbygdskommuner.</p><p>Sådant som ofta kommer upp är givetvis jobbfrågor, inte minst inom de gröna näringarna. Det ser lite olika ut beroende på vilken typ av kommun jag besöker. Ibland kan det handla om jordbruk, ibland om skogsbruk och så vidare.</p><p>En fråga som alltid kommer upp är bredband, det vill säga att vi får bredband ut till svensk landsbygd. Här har regeringen satsat 5,5 miljarder under den här programperioden. Jag tror att de kanske inte kommer att räcka, utan efter den programperioden måste man anslå mer. Den här regeringen har ju antagit en strategi som innebär betydligt mer än tidigare.</p><p>Vi har sagt att på kort sikt ska 95 procent av befolkningen ha 100 megabit, och på lång sikt - 2025 - ska alla ha höghastighetsuppkoppling.</p>",
    "intressent_id": "0781357446917",
    "rel_dok_id": "H4C120170427fs",
    "replik": "N",
    "systemdatum": "2017-05-18 13:18:58"
  }
}