﻿{
  "anforande": {
    "dok_hangar_id": "4703370",
    "dok_id": "H409101",
    "dok_titel": "Protokoll 2016/17:101 Torsdagen den 27 april",
    "dok_rm": "2016/17",
    "dok_nummer": "101",
    "dok_datum": "2017-04-27 00:00:00",
    "avsnittsrubrik": "(forts. från § 8) Medborgarskap, Migration och asylpolitik, Anhöriginvandring och Arbetskraftsinvandring (forts. SfU14, SfU15, SfU16 och SfU17)",
    "underrubrik": null,
    "kammaraktivitet": null,
    "anforande_id": "2e7aecae-bb3b-e711-9452-00262d0d0c40",
    "anforande_nummer": "116",
    "talare": "Håkan Svenneling (V)",
    "parti": "V",
    "anforandetext": "<p>Fru talman! Då vår talesperson i dessa frågor har blivit sjuk ska jag redovisa Vänsterpartiets ståndpunkter i de aktuella ärendena.</p><p>Under ärendet SfU14, om medborgarskap, har inte Vänsterpartiet någon reservation. Under SfU15, om migration och flyktingpolitik, vill jag däremot yrka bifall till reservation 3, som handlar om lagen om tillfälliga begränsningar för att få uppehållstillstånd i Sverige.</p><p>Vi menar att dessa begränsningar bör upphävas, eftersom de leder till för mycket lidande och innebär stora avsteg från grundtanken med asylrätten. Lagen bör åtminstone inte tillämpas retroaktivt. Besluten är livsavgörande för den enskilde, och det kan ifrågasättas huruvida retroaktiv lagstiftning är förenlig med EU-rätten.</p><p>Under SfU16 vill jag yrka bifall till reservation 3. Den handlar om att familjeåterförening är en av mycket få lagliga vägar till Sverige, och genom den tillfälliga lagen har denna väg beskurits avsevärt.</p><p>Om fler familjer på flykt tilläts att återförenas skulle många slippa den farliga vägen över Medelhavet. Regeringen bör därför återkomma med förslag på hur rätten till familjeåterförening kan stärkas. Att få bo med sin familj är faktiskt en mänsklig rättighet.</p><p>Under SfU17 vill jag yrka bifall till reservation 8. Här handlar det om att lagen om att en arbetsgivare ska underrätta Skatteverket för att en person med tidsbegränsat uppehållstillstånd ska kunna få ett permanent sådant är mycket olämplig.</p><p>Arbetstagaren kan inte råda över eller kontrollera anmälan, och en administrativ miss kan få stora konsekvenser. Underlåtenhet att anmäla kan också utnyttjas som ett instrument av oseriösa arbetsgivare.</p><p>Utöver detta kommer vi att ställa oss bakom S och MP:s reservation 5 i SfU17, som handlar om förstärkt arbete mot missbruk.</p><p>Överläggningen var härmed avslutad.</p><p>(Beslut fattades under § 13.)</p>",
    "intressent_id": "0682989845822",
    "rel_dok_id": null,
    "replik": "N",
    "systemdatum": "2017-05-18 13:18:57"
  }
}