﻿{
  "anforande": {
    "dok_hangar_id": "4703370",
    "dok_id": "H409101",
    "dok_titel": "Protokoll 2016/17:101 Torsdagen den 27 april",
    "dok_rm": "2016/17",
    "dok_nummer": "101",
    "dok_datum": "2017-04-27 00:00:00",
    "avsnittsrubrik": "Medborgarskap, Migration och asylpolitik, Anhöriginvandring och Arbetskraftsinvandring",
    "underrubrik": null,
    "kammaraktivitet": "ärendedebatt",
    "anforande_id": "bb79ecae-bb3b-e711-9452-00262d0d0c40",
    "anforande_nummer": "3",
    "talare": "Yilmaz Kerimo (S)",
    "parti": "S",
    "anforandetext": "<p>Fru ålderspresident! Jag har lyssnat på Johan Forssells anförande. Han målar bara upp en bild av våra problem, men han har inte många förslag för att lösa dessa problem. </p><p></p><p>Han nämnde att integrationen är en jätteviktig fråga. Jag instämmer i detta. Han säger också i sitt anförande att det inte fungerar med kommunplaceringarna. Men varför gör det inte det? Om vi tittar på detta framgår det att alliansstyrda eller moderatstyrda kommuner tackar nej till nyanlända - Danderyd, Täby och Nacka. Malmö, Södertälje och andra S-styrda kommuner tar emot de flesta genom EBO. Ni vill inte heller avskaffa EBO. Samtidigt säger Johan Forssell att integrationen inte fungerar. Men integrationen fungerar inte om man inte har en solidarisk mottagning. Om integrationen ska fungera måste de människor som kommer blandas med övriga svenskar. Då blir den sociala utsattheten inte så stor. </p><p>Vad säger Johan Forssell om att kommunplaceringarna inte har fungerat för att vissa moderatstyrda kommuner säger nej? Hur ska man lösa detta?</p>",
    "intressent_id": "0515990253512",
    "rel_dok_id": "H401SfU14, H401SfU15, H401SfU16, H401SfU17",
    "replik": "Y",
    "systemdatum": "2017-05-18 13:18:52"
  }
}