﻿{
  "anforande": {
    "dok_hangar_id": "4703370",
    "dok_id": "H409101",
    "dok_titel": "Protokoll 2016/17:101 Torsdagen den 27 april",
    "dok_rm": "2016/17",
    "dok_nummer": "101",
    "dok_datum": "2017-04-27 00:00:00",
    "avsnittsrubrik": "Väg- och fordonsfrågor",
    "underrubrik": null,
    "kammaraktivitet": "ärendedebatt",
    "anforande_id": "697aecae-bb3b-e711-9452-00262d0d0c40",
    "anforande_nummer": "169",
    "talare": "Robert Halef (KD)",
    "parti": "KD",
    "anforandetext": "<p>Fru ålderspresident! En väl fungerande infrastruktur utgör en grundläggande förutsättning för ett levande samhälle och en levande landsbygd. Den gemensamma uppfattningen inom Alliansen är att de enskilda vägarna är en viktig del i detta eftersom de gör det möjligt för ca 1 miljon människor att varje dag ta sig till och från bostaden och jobbet.</p><p>De enskilda vägarna underlättar också för allmänhetens möjlighet till friluftsliv och för besöksnäringen i landet. De utgör även en viktig förutsättning för godstransporter. Detta viktiga vägnät måste vara hållbart och ha en bra standard för bärighet och belastning. En viktig förutsättning för att upprätthålla och utveckla de enskilda vägar som har statsbidrag är att det finns ett anpassat regelverk, men även bra tillämpning och bemötande från ansvariga myndigheters sida.</p><p>Fru ålderspresident! Det har gått mer än tre år sedan den nya bestämmelsen om vinterdäckskrav för tunga fordon trädde i kraft. Det är nu dags att utvärdera effekterna av de nya reglerna för att se om antalet trafikolyckor med tunga fordon minskat som en följd av kravet på vinterdäck.</p><p>Kristdemokraterna föreslår även att krav på vinterdäck ska införas för släpvagnar över 3,5 ton. Det är ett viktigt krav för att minimera risken för att tillkopplade släpfordon viker sig vid inbromsning och därmed förorsakar olyckor. Kravet på vinterdäck gäller i dag endast fordonets drivaxel och inte tillhörande släps hjul. En släpvagn på över 3,5 ton omfattas med andra ord inte av kravet. Tunga fordon med ekipage utan vinterdäck kan utgöra en fara i trafiken. Detta vill vi ändra på för att öka trafiksäkerheten.</p><p></p><p>Fru ålderspresident! Teknikutvecklingen får ofta konsekvenser för transportsystemet. Det är viktigt att politiken och lagstiftningen håller jämna steg med tekniken. Inom allianspartierna är vi eniga om att utvecklingen av autonoma fordon kan få en genomgripande effekt på hela vägtrafiksystemet. Såväl persontransporter som godstransporter skulle gynnas av fler självstyrande fordon. Den pågående testverksamheten med självkörande fordon i Göteborg visar att Sverige ligger i framkant i fråga om teknikutvecklingen, vilket är glädjande.</p><p>Framtidens teknik för med sig såväl möjligheter som utmaningar när det gäller hur vi planerar transportinfrastrukturen. Samtidigt finns en rad juridiska och trafiksäkerhetsmässiga aspekter som måste beaktas.</p><p>Både persontrafik och godstransporter skulle gynnas av fler självstyrande fordon. I framtiden skulle fler godstransporter kunna automatiseras. Precis som med elfordon har Sverige alla möjligheter att vara ett föregångsland när det gäller självstyrande fordon. Vi har bil- och lastbilstillverkare i världsklass och ett gott utgångsläge. Redan i dag kör självstyrande fordon på våra vägar på försök. Dessa försök behöver utökas. Därför behöver Sverige en heltäckande strategi för självstyrande fordon som bejakar utvecklingen för autonoma fordon.</p><p>Fru ålderspresident! Kristdemokraterna har under en längre tid föreslagit längre och tyngre lastbilar för att effektivisera godstransporterna. Det blir billigare för näringslivet att få godset transporterat. Det blir mer miljövänligt, eftersom färre lastbilar transporterar mer gods åt gången. Dessutom har näringslivet, främst skogsindustrin och malmindustrin, efterfrågat detta. På initiativ av allianspartierna har riksdagen tidigare gett ett tillkännagivande till regeringen om att göra detta möjligt.</p><p>I propositionen om godstrafikfrågor föreslår regeringen ändringar i lagen om vägtrafikdefinitioner. Det innebär att en ny bärighetsklass införs, BK4, som ska möjliggöra färd med tyngre fordon, upp till 74 ton, i enlighet med allianspartiernas och riksdagsmajoritetens tillkännagivande.</p><p>Men regeringen indikerar i propositionen att upplåtandet av ett vägnät för BK4 ska begränsas till att omfatta endast ca 8 procent av det statliga vägnätet. Det ska dessutom vägledas av principen att detta inte får åsidosätta regeringens ambition att flytta över gods från väg till järnväg och sjöfart.</p><p>Kristdemokraterna anser att regeringens förslag är mycket begränsande. Med denna begränsning stryper man effekten av reformen.</p><p>För att näringslivet ska kunna dra nytta av de tyngre lastbilarna måste sammanhängande stråk upplåtas. Blir vägnätet för avgränsat saknar många näringar incitament att investera i nya större och miljövänligare fordon. Därför föreslår Kristdemokraterna tillsammans med övriga allianspartier att tyngre lastbilar, upp till 74 ton, ska tillåtas på alla vägar där bärigheten är tillräcklig.</p><p>Kristdemokraterna instämmer självklart i målet att mer gods ska transporteras via järnväg och sjöfart för att minimera koldioxidutsläpp från transportsektorn. Det är självklart att vi jobbar åt det hållet. Att tillåta 74 tons lastbilar endast på korta vägstumpar är emellertid ingen bra åtgärd. Regeringens begränsning av vägnätet gör transporterna mindre kostnadseffektiva. Det missgynnar vår exportnäring, och de potentiella positiva miljöeffekterna kommer att utebli.</p><p></p><p>Kristdemokraterna anser att alla trafikslag är viktiga. De kompletterar varandra, och en smart samverkan mellan olika trafikslag ger störst samhällsnytta.</p><p>Allianspartierna och en majoritet i utskottet anser att vägarnas bärighet ska vara avgörande för vilket vägnät som ska upplåtas för lastbilar med en högsta bruttovikt på 74 ton. Detta bör genomföras skyndsamt. Det kommer att sänka kostnader och minska utsläpp av koldioxid per transporterat ton gods. Därmed bidrar förslaget till en minskad miljö- och klimatpåverkan. Det bidrar även till att stärka svenskt näringslivs internationella konkurrenskraft.</p><p>Fru ålderspresident! Riksdagen har tidigare i ett tillkännagivande uppmanat regeringen att fortsätta utreda frågan om att tillåta fordon upp till 30 meter. Kristdemokraterna har föreslagit detta tidigare. Vi anser att regeringen skyndsamt bör hantera tillkännagivandet och göra det möjligt att tillåta längre fordon.</p><p>Fru ålderspresident! Jag yrkar bifall till Kristdemokraternas reservation nr 14 samt den alliansgemensamma reservationen nr 6.</p><p>I detta anförande instämde Sten Bergheden (M), Anders Åkesson (C) och Lars Tysklind (L).</p>",
    "intressent_id": "0285631067215",
    "rel_dok_id": "H401TU14",
    "replik": "N",
    "systemdatum": "2017-05-18 13:19:09"
  }
}