﻿{
  "anforande": {
    "dok_hangar_id": "4702552",
    "dok_id": "H409100",
    "dok_titel": "Protokoll 2016/17:100 Onsdagen den 26 april",
    "dok_rm": "2016/17",
    "dok_nummer": "100",
    "dok_datum": "2017-04-26 00:00:00",
    "avsnittsrubrik": "Bostadspolitik och Planering och byggande",
    "underrubrik": null,
    "kammaraktivitet": "ärendedebatt",
    "anforande_id": "41a891a8-413a-e711-9452-00262d0d0c40",
    "anforande_nummer": "85",
    "talare": "Ola Johansson (C)",
    "parti": "C",
    "anforandetext": "<p> STYLEREF Kantrubrik \\* MERGEFORMAT Bostadspolitik och Planering och byggande</p><p>Fru ålderspresident! Skälet till att jag gick till attack mot Sverigedemokraterna och Roger Hedlund är att vi i hans anförande fick väldigt få besked om vad Sverigedemokraterna egentligen har för bostadspolitik.</p><p>Vi kan konstatera att Sverigedemokraterna motverkar även de ambitioner som fanns att göra en tillfällig lag kring tidsbegränsade bygglov där man utökar tiden till att i normalfallet kunna uppgå till 15 år och ändrar regelverket på ett sådant sätt att det är återställandet av marken och inte det tillfälliga behovet som avgör om ett sådant bygglov ska beviljas.</p><p>Fru ålderspresident! Hela poängen med mitt resonemang kring detta är att vi behöver olika former av bostäder och säkert kommer att behöva det under väldigt lång tid. Det är ju så att befolkningsprognoser kan ändras. Flyktingmönstret kan ändras. Det kan behövas bostäder under en begränsad tidsperiod av massor av olika skäl. Att inte ställa sig positiv till den typ av förenklingar som ger kommunerna möjlighet till en mer flexibel bostadspolitik är något som jag tycker att man borde kunna ifrågasätta.</p><p>Det jag sedan efterlyste var det som vi har diskuterat under lång tid, där Alliansen har haft en gemensam reservation. Det handlar om ett enklare antagande av detaljplaner hos kommunerna. Vi kan inte begripa varför Sverigedemokraterna inte ställer sig bakom detta när det dessutom innebär ökade möjligheter för kommunerna att göra förändringar i ett gammalt och föråldrat planområde där det behöver göras förtätningar och miljöförbättringar, byggas på en våning, installeras hissar för tillgänglighet och så vidare. Det kräver i dag att man drar igång en ny planprocess. Jag kan inte begripa vad problemet är med en sådan reform.</p>",
    "intressent_id": "0934639939611",
    "rel_dok_id": "H401CU14, H401CU15",
    "replik": "Y",
    "systemdatum": "2017-05-16 16:12:54"
  }
}