﻿{
  "anforande": {
    "dok_hangar_id": "4702552",
    "dok_id": "H409100",
    "dok_titel": "Protokoll 2016/17:100 Onsdagen den 26 april",
    "dok_rm": "2016/17",
    "dok_nummer": "100",
    "dok_datum": "2017-04-26 00:00:00",
    "avsnittsrubrik": "Nya utstationeringsregler",
    "underrubrik": null,
    "kammaraktivitet": "ärendedebatt",
    "anforande_id": "eda791a8-413a-e711-9452-00262d0d0c40",
    "anforande_nummer": "8",
    "talare": "Fredrik Malm (L)",
    "parti": "L",
    "anforandetext": "<p>Herr ålderspresident! Nej, jag förmodar att Ali Esbati inte har konsulterat vare sig Donald Trump eller Marine Le Pen. Han kanske däremot har konsulterat sin vän Nicolás Maduro i Venezuela, vars partimilis just nu åker runt på motorcyklar och skjuter ihjäl civila.</p><p>Här någonstans går just nu en rätt tydlig konfliktlinje, herr ålderspresident, i politiken i världen. Den går mellan oss som tror på öppenhet och de krafter som tror på protektionism och inåtvändhet. De krafterna förenar sig nu. Vi ser detta mycket tydligt här i kammaren. Det parti som står längst till vänster och det parti som står längst till höger gör gemensam sak tillsammans med regeringen och LO för att försvåra för utländsk arbetskraft i Sverige. Det är där vi står nu.</p><p>Jag säger det ännu en gång: Lex Laval är i grunden en kompromiss mellan den svenska lagstiftningen och EU-rätten, men det är också en kompromiss för att trygga det svenska kollektivavtalssystemet och samtidigt värna öppenheten och den fria rörligheten inom Europeiska unionen. Detta är givetvis någonting som vi från Liberalerna står bakom, för vi tycker att det är viktigt.</p><p>Om det finns olika saker som behöver justeras i lagstiftningen är vi öppna för att göra det. Men att riva upp lagstiftningen och helt gå på de mest protektionistiska krafternas linje i Sverige kommer att skapa stora problem för arbetsmarknaden framöver. Och förmodligen får vi nya rättsfall framöver som riskerar att i förlängningen, långsiktigt, underminera den svenska modellen. Det tror jag vore synnerligen problematiskt.</p>",
    "intressent_id": "0766496753128",
    "rel_dok_id": "H401AU9",
    "replik": "Y",
    "systemdatum": "2017-05-16 16:12:45"
  }
}