﻿{
  "anforande": {
    "dok_hangar_id": "4703370",
    "dok_id": "H409101",
    "dok_titel": "Protokoll 2016/17:101 Torsdagen den 27 april",
    "dok_rm": "2016/17",
    "dok_nummer": "101",
    "dok_datum": "2017-04-27 00:00:00",
    "avsnittsrubrik": "Frågestund",
    "underrubrik": "Regeringen och Saudiarabiens medlemskap i FN:s kvinnokommission",
    "kammaraktivitet": "frågestund",
    "anforande_id": "d879ecae-bb3b-e711-9452-00262d0d0c40",
    "anforande_nummer": "30",
    "talare": "Tina Ghasemi (M)",
    "parti": "M",
    "anforandetext": "<p>Fru talman! Jag noterar att regeringen inte tar avstånd från Saudiarabiens inflytande med detta svar. Eftersom regeringen vägrar att svara på min väldigt konkreta fråga har jag svårt att tolka det på något annat sätt än som att Sverige har gett sitt stöd till Saudiarabien.</p><p>Av ren nyfikenhet undrar jag då: På vilket sätt anser regeringen att ett land som förtrycker kvinnor kan bidra positivt när det gäller att utveckla jämställdhetsarbetet inom FN?</p><p>(Applåder)</p>",
    "intressent_id": "0403769921921",
    "rel_dok_id": "H4C120170427fs",
    "replik": "N",
    "systemdatum": "2017-05-18 13:18:57"
  }
}