﻿{
  "anforande": {
    "dok_hangar_id": "4703963",
    "dok_id": "H409102",
    "dok_titel": "Protokoll 2016/17:102 Fredagen den 28 april",
    "dok_rm": "2016/17",
    "dok_nummer": "102",
    "dok_datum": "2017-04-28 00:00:00",
    "avsnittsrubrik": "Aktuell debatt om attentatet i Stockholm",
    "underrubrik": null,
    "kammaraktivitet": "aktuell debatt",
    "anforande_id": "ed989fe0-bc3b-e711-9452-00262d0d0c40",
    "anforande_nummer": "1",
    "talare": "Adam Marttinen (SD)",
    "parti": "SD",
    "anforandetext": "<p>Aktuell debatt om attentatet i Stockholm</p><p>Herr talman! Hotet från islamistisk extremism är på intet sätt nytt. Sedan flera år tillbaka har säkerhetspolisen pekat ut just den islamistiska extremismen som det största säkerhetshotet för svensk del. Innan den hotbilden bekräftades av säkerhetspolisen som aktuell varnade Sverigedemokraterna för att kravlös politik på flera områden skulle kunna leda till just ett reellt hot från islamistisk extremism.</p><p>Först skrattade de andra partierna åt våra varningar. Sedan kallade samtliga partier oss för en massa klandervärda saker. Sedan kom det första islamistiskt motiverade terrorattentatet i Stockholm den 11 december 2010. Sedan dess har utvecklingen gått fort. Händelser i Syrien och Irak och Islamiska statens framfart har motiverat vilande islamister runt om i Europa att radikaliseras i sina handlingar.</p><p>Sverige som har haft Europas kanske mest kravlösa politik för att stävja en okontrollerad migration och samtidigt har haft en aktiv politik som främjat miljöer där extremism har kunnat frodas kom inte förvånande att sticka ut när människor från Europa började resa till Syrien och Irak för att ansluta till terrorkriget. Med flest terrorresenärer sett till antalet invånare har Sverige dessutom haft gränsen vidöppen för de terrorresande som valt att komma tillbaka till Sverige. I dag lever över 150 av dem i vårt land, och säkerhetsläget är utmanat till den yttersta bristningsgränsen.</p><p>Att säkerhetsläget är utmanat har vi tyvärr fått uppleva än en gång, den 7 april på Drottninggatan. Det blev för vissa ett uppvaknande om att hotet är på riktigt. För andra av oss blev det ett förväntat nederlag i kampen mot det islamistiska terrorkriget.</p><p>Herr talman! Jag hoppas att denna debatt inte enbart ska belysa den politiska skuldfrågan och ansvarsfrågan utan även ge en möjlighet att lyssna och försöka utveckla den egna politiska ståndpunkten så att vi tillsammans kan bli klokare och finna en mer hållbar väg, framåt för vårt land.</p>",
    "intressent_id": "0831039938224",
    "rel_dok_id": "H4C120170428ad",
    "replik": "N",
    "systemdatum": "2017-05-18 13:27:08"
  }
}