﻿{
  "anforande": {
    "dok_hangar_id": "4546972",
    "dok_id": "H40910",
    "dok_titel": "Protokoll 2016/17:10 Onsdagen den 28 september",
    "dok_rm": "2016/17",
    "dok_nummer": "10",
    "dok_datum": "2016-09-28 00:00:00",
    "avsnittsrubrik": "Ett svenskt tonnagebeskattningssystem",
    "underrubrik": null,
    "kammaraktivitet": "ärendedebatt",
    "anforande_id": "30d5f233-e195-e611-9441-00262d0d7125",
    "anforande_nummer": "39",
    "talare": "Hans Rothenberg (M)",
    "parti": "M",
    "anforandetext": "<p>Fru talman! Äntligen står vi, fru talman och den svenska sjöfarten, nu här några timmar ifrån att trycka på knappen för att den efterlängtade tonnageskatten kommer att införas i Sverige!</p><p>Det hör inte riktigt till vanligheterna att vi moderater står här och gläds över att nya skatter införs. Passa på att njuta, ni på vänsterkanten! Det kanske aldrig händer igen. Detta är en skatt som näringen har längtat efter. Det är en skatt som näringen behöver. Det är en skatt som i stället för att skapa olikheter nu skapar likvärdigheter. Den skapar likvärdiga förutsättningar för en viktig näring. Det har varit en lång hantering av frågan. Vi har hört några av mina företrädare i talarstolen ge lite olika beskrivningar av verkligheten. En del stämmer, en del är överdrivet och en del är lite skarvat.</p><p>Jag är glad över att ha jobbat med frågan under många år. Det kunde ha gått fortare; det kan vi vara överens om. Men nu har det gått rätt och riktigt till. Jag är glad över att vi under allianstiden tog initiativet till att göra en ny utredning om tonnageskatten. Den utredning som gjordes i början på 2000-talet mötte kritik från många håll. Den var inte till fyllest. Sedan kunde det ha gått fortare att göra en ny. Men de direktiv som gav den här utredningen förutsättningar handlade inte om <em>om</em> en tonnageskatt skulle införas utan om <em>hur</em> den skulle se ut för att den svenska sjöfarten skulle kunna främjas.</p><p>Sjöfarten är en klassisk näring som hör en handelsnation till. Sjöfarten är mycket historia men också mycket framtid. När godstrafiken på väg och järnväg snart kommer att ha nått sin fulla kapacitet, vad återstår då? Jo, vattenvägen. Vatten är vägen. Därför måste vi se sjöfarten som en strategiskt viktig näring. Vi vet att ungefär tre och ett halvt jobb i land skapas av ett jobb till sjöss. Det är viktigt att ha en sjöfart och en levande sjöfartsnäring i Sverige, och det finns många skäl till det.</p><p>Fru talman! Nu ger tonnageskatten möjlighet för sjöfartsnäringen att få villkor som är likvärdiga konkurrenternas i andra länder. Det finns fläckar i det här förslaget - det är klart att det finns fläckar - som är ganska små. Men det viktigaste just nu när vi står här den 28 september är att tonnageskatten verkligen kommer till. Det kommer att ske en utvärdering. Det kommer att ske en prövning om ett tag, och då kan det mycket väl vara läge att se om det här systemet kanske skulle kunna utvecklas.</p><p> STYLEREF Kantrubrik \\* MERGEFORMAT Ett svenskt tonnage-beskattningssystem</p><p>Fru talman! Jag skulle vilja säga några ord om varför det är så viktigt med den svenskflaggade sjöfarten. Det innebär givetvis att jobben är kvar i Sverige. Det tror jag att vi alla här tycker är bra. Det innebär också att det blir mer skatteintäkter till Sverige. Det innebär också att svenska villkor på arbetsmarknaden för dem som arbetar i den här näringen kan gälla. Det tror jag att vi tycker är bra. Det innebär också att Sveriges inflytande i den internationella sjöfartsorganisationen IMO blir större, därför att det inflytandet bygger på att man har en egenflaggad flotta, och det är utifrån storleken på den som inflytandet i IMO spelar roll.</p><p>Det är ganska små kostnader per år. Vi talar om 45 miljoner kronor. Det finns farhågor att de här kostnaderna ska överstiga intäkterna. Jag vågar slå vad om åtminstone en 20-kronorssedel att det här minsann inte kommer att vara till nackdel för svensk sjöfart. Vi kommer på sikt att ge förutsättningar som gör att vi också skapar framtidstro för den svenska sjöfarten.</p><p>Men det räcker inte med tonnageskatten. Vi måste också ha en idé om hur den svenska sjöfarten ska kunna utvecklas, och det är en idé om hur det svenska näringslivet ska kunna fungera.</p><p>Alliansen initierade den senaste tonnageskatteutredningen. Jag är tacksam över att regeringen har använt utredningen och gjort en bra proposition av detta. Alliansregeringen initierade också en handlingsplan för sjöfarten som följdes upp av den maritima strategin. Jag är tacksam över att den nuvarande regeringen har fullföljt Alliansens initiativ på det här området. Det tackar också den svenska sjöfarten för, för det här var goda initiativ.</p><p>Det går inte att bryta ut tonnageskatten som den enda frågan för svensk sjöfart. Det finns många andra frågor som spelar roll. Det är bra att regeringen har fört den här frågan i hamn.</p><p>När det gäller att ompröva det här finns det anledning till att man har lite mjukare skrivningar än vad som var tänkt från början, nämligen grunderna för varför man ska ompröva det hela. Det sägs att om det visar sig att den svenska flottan inte har ökat kan det här tonnageskattesystemet försvinna. Men det finns andra skäl till att den kan minska. Det kan vara dålig lönsamhet. Man kan vara tvungen att avveckla fartyg av andra skäl också, och det måste vara legitimt, för det är fortfarande inte förbjudet att göra dåliga affärer. Det kan vara konjunkturskäl och omvärldsfaktorer. Man kan också ha skiftat verksamhet och gått över från shipping till ren management. Detta är saker som vi måste beakta i utvärderingen, och det finns ingen anledning att måla någonting på väggen som i dag inte är relevant.</p><p>Fru talman! Tonnageskatten spelar roll, men det spelar också roll med ett gott näringsklimat och god kompetensförsörjning. Där finns det andra saker som det här utskottet kommer att få hantera framöver: optioner och skattevillkor.</p><p>Jag vill tacka initiativtagarna till Blå tillväxt. Det är Sjöbefälsföreningen, Seko sjöfolk och Svensk Sjöfart. Det började på bistron på ett tåg för några år sedan och slutade i Blå tillväxt. Tack för att ni har varit med och bidragit konstruktivt till det här!</p><p>Fler jobb till sjöss ger fler jobb på land, och det behövs mer handel när protektionistiska vindar blåser över världen.</p><p>(Applåder)</p><p>Ett svenskt tonnage-beskattningssystem</p><p>I detta anförande instämde Cecilie Tenfjord-Toftby (M).</p><p>Överläggningen var härmed avslutad.</p><p>(Beslut fattades under § 11.)</p>",
    "intressent_id": "0409540163215",
    "rel_dok_id": "H401SkU6",
    "replik": "N",
    "systemdatum": "2016-10-19 11:49:06"
  }
}