﻿{
  "anforande": {
    "dok_hangar_id": "4703370",
    "dok_id": "H409101",
    "dok_titel": "Protokoll 2016/17:101 Torsdagen den 27 april",
    "dok_rm": "2016/17",
    "dok_nummer": "101",
    "dok_datum": "2017-04-27 00:00:00",
    "avsnittsrubrik": "Skogspolitik",
    "underrubrik": null,
    "kammaraktivitet": "ärendedebatt",
    "anforande_id": "857aecae-bb3b-e711-9452-00262d0d0c40",
    "anforande_nummer": "196",
    "talare": "Stina Bergström (MP)",
    "parti": "MP",
    "anforandetext": "<p></p><p>Fru ålderspresident! Jag är fullt övertygad om att vi också måste ha frivilliga avsättningar för att kunna nå Nagoyamålet. Vi kommer inte att kunna göra det med bara formellt skydd. I dag är det som sagt 5 procent som är skyddat. </p><p>Det är väldigt viktigt att ta vara på det stora intresse och engagemang för att skydda skogen som finns hos många skogsägare, både inom certifieringen och hos skogsägare som inte är certifierade men som ändå sparar stora områden. Men självklart måste man ha en registrering, och man måste veta att det är ett långsiktigt skydd på något sätt.</p><p>Det håller inte riktigt som det är i dag, där vi inte vet om många av de frivilliga avsättningarna kommer att finnas kvar när man byter ägare på skogen. Det är väldigt svårt att få ordning på det. Naturvårdsavtal och biotopskydd ingår i det formella skyddet. Där har man skrivit det på ett antal år. Man skulle kanske kunna tänka sig att också detta skydd skulle kunna registreras av skogsägaren på ett antal år.</p>",
    "intressent_id": "0401968752713",
    "rel_dok_id": "H401MJU13",
    "replik": "Y",
    "systemdatum": "2017-05-18 13:19:12"
  }
}