﻿{
  "anforande": {
    "dok_hangar_id": "4703370",
    "dok_id": "H409101",
    "dok_titel": "Protokoll 2016/17:101 Torsdagen den 27 april",
    "dok_rm": "2016/17",
    "dok_nummer": "101",
    "dok_datum": "2017-04-27 00:00:00",
    "avsnittsrubrik": "Frågestund",
    "underrubrik": "Den vetenskapliga grunden för regeringens klimatsatsningar",
    "kammaraktivitet": "frågestund",
    "anforande_id": "057aecae-bb3b-e711-9452-00262d0d0c40",
    "anforande_nummer": "75",
    "talare": "Statsrådet Isabella Lövin (MP)",
    "parti": "MP",
    "anforandetext": "<p>Fru talman! Det finns ingen entydig forskning som visar huruvida ekologisk odling är bättre eller sämre och vilka olika variabler man väger in när man ska bedöma vad som är bättre eller sämre. Vad som kan vara bättre för vattenmiljön eller den biologiska mångfalden kanske inte är bättre när det handlar om ökad produktion eller att livsmedel skulle innehålla fler vitaminer.</p><p>Här måste göras en sammantagen bedömning av vad som är bäst för framtiden. Precis som har framkommit av tidigare replikväxling vill konsumenterna ha ekologiskt producerade livsmedel.</p>",
    "intressent_id": "0911490574010",
    "rel_dok_id": "H4C120170427fs",
    "replik": "N",
    "systemdatum": "2017-05-18 13:18:58"
  }
}