﻿{
  "anforande": {
    "dok_hangar_id": "4703370",
    "dok_id": "H409101",
    "dok_titel": "Protokoll 2016/17:101 Torsdagen den 27 april",
    "dok_rm": "2016/17",
    "dok_nummer": "101",
    "dok_datum": "2017-04-27 00:00:00",
    "avsnittsrubrik": "Frågestund",
    "underrubrik": "Klimatsamarbete med Kalifornien",
    "kammaraktivitet": "frågestund",
    "anforande_id": "e879ecae-bb3b-e711-9452-00262d0d0c40",
    "anforande_nummer": "46",
    "talare": "Stefan Nilsson (MP)",
    "parti": "MP",
    "anforandetext": "<p>Fru talman! Jag tackar statsrådet för svaret.</p><p>Vilka effekter, mer konkret, kan man tänka sig att vi och den här staten kan få nytta av när det gäller exempelvis politik, forskning och affärsmöjligheter? Vad kan vi i Sverige dra nytta av, och vad kan Kalifornien dra nytta av i ett sådant här samarbete?</p>",
    "intressent_id": "0791649913415",
    "rel_dok_id": "H4C120170427fs",
    "replik": "N",
    "systemdatum": "2017-05-18 13:18:57"
  }
}