﻿{
  "anforande": {
    "dok_hangar_id": "4703370",
    "dok_id": "H409101",
    "dok_titel": "Protokoll 2016/17:101 Torsdagen den 27 april",
    "dok_rm": "2016/17",
    "dok_nummer": "101",
    "dok_datum": "2017-04-27 00:00:00",
    "avsnittsrubrik": "Frågestund",
    "underrubrik": "Omröstningen om Saudiarabiens inträde i FN:s kvinnokommission",
    "kammaraktivitet": "frågestund",
    "anforande_id": "da79ecae-bb3b-e711-9452-00262d0d0c40",
    "anforande_nummer": "32",
    "talare": "Paula Bieler (SD)",
    "parti": "SD",
    "anforandetext": "<p></p><p>Fru talman! Även jag vill ställa en fråga till biståndsministern och uppehålla mig vid diskussionen kring att Saudiarabien har valts in i FN:s kvinnokommission.</p><p>Vi har, i statsrådets svar nyss och i diverse uttalanden från regeringens sida, fått höra att regioner utser sina representanter, att de väljs enligt praxis med acklamation och att inga regeringar avslöjar hur man har röstat. Men även detta är en fråga om praxis och om att man ber regeringar runt om att respektera denna praxis. När det gäller hur omröstningar sker bröts ju praxis redan när man faktiskt begärde en omröstning om detta.</p><p>Jag undrar hur detta är förenligt och hur man som feministisk regering sänder en tydlig signal om att man står upp för vissa värden, när man inte ens offentligt kan stå upp för det förkastliga i att ett land som Saudiarabien väljs in i ett organ som ska arbeta för att stärka kvinnors rättigheter runt om i världen.</p>",
    "intressent_id": "0182800488922",
    "rel_dok_id": "H4C120170427fs",
    "replik": "N",
    "systemdatum": "2017-05-18 13:18:57"
  }
}