﻿{
  "anforande": {
    "dok_hangar_id": "4703370",
    "dok_id": "H409101",
    "dok_titel": "Protokoll 2016/17:101 Torsdagen den 27 april",
    "dok_rm": "2016/17",
    "dok_nummer": "101",
    "dok_datum": "2017-04-27 00:00:00",
    "avsnittsrubrik": "Frågestund",
    "underrubrik": "Postgång på landsbygden",
    "kammaraktivitet": "frågestund",
    "anforande_id": "187aecae-bb3b-e711-9452-00262d0d0c40",
    "anforande_nummer": "94",
    "talare": "Lotta Finstorp (M)",
    "parti": "M",
    "anforandetext": "<p>Fru talman! Jag har en fråga till landsbygdsministern.</p><p>Postlagsutredningens delbetänkande kom förra våren, och här föreslås bland annat att dagens krav på övernattbefordran av post ska slopas till förmån för ett tvådagarskrav. </p><p>Förslaget bedöms av remissinstanser få mycket negativa konsekvenser för landsbygden och speciellt för företagare inom e-handeln där och därmed för svenska arbetstillfällen. Ett flertal landsbygdsorienterade organisationer, kommuner och regioner har därför kraftigt vänt sig mot regeländringarna, bland andra LRF, Småföretagarna och Skärgårdarnas riksförbund.</p><p>Älvdalens kommun skriver i sitt remissvar att deras företag har krav från såväl leverantörer som kunder på snabba leveranser av produkter och tjänster. För att dessa företag ska kunna inte bara överleva utan utvecklas för att kunna anställa måste deras postgång fungera.</p><p>Antar regeringen ett landsbygdsperspektiv i den fortsatta processen med Postlagsutredningen, och i så fall på vilket sätt?</p>",
    "intressent_id": "0750518623913",
    "rel_dok_id": "H4C120170427fs",
    "replik": "N",
    "systemdatum": "2017-05-18 13:18:59"
  }
}