﻿{
  "anforande": {
    "dok_hangar_id": "4706363",
    "dok_id": "H409103",
    "dok_titel": "Protokoll 2016/17:103 Tisdagen den 2 maj",
    "dok_rm": "2016/17",
    "dok_nummer": "103",
    "dok_datum": "2017-05-02 00:00:00",
    "avsnittsrubrik": "Svar på interpellation 2016/17:456 om ålfiske som kulturarv",
    "underrubrik": null,
    "kammaraktivitet": "interpellationsdebatt",
    "anforande_id": "f51f8197-5344-e711-9450-00262d0d7125",
    "anforande_nummer": "138",
    "talare": "Kultur- och demokratiministern Alice Bah Kuhnke (MP)",
    "parti": "MP",
    "anforandetext": "<p>Tack, Maria Malmer Stenergard, för debatten och för att jag får möjlighet att diskutera kulturarvsfrågor! Det är ett av mina favoritämnen och något som jag har ägnat mycket tid åt, inte minst under detta år när jag har skrivit Sveriges första kulturarvsproposition och lagt fram den för riksdagen. Jag ser fram emot en spännande behandling och debatt i riksdagen.</p><p>Som sagt är detta ett favoritämne, och jag vill verkligen lyfta fram det svenska immateriella kulturarvet. Men jag är väldigt varsam när jag diskuterar kulturarv därför att det finns expertis och en profession som gör sina bedömningar och som jag menar att vi ska lyssna till.</p><p>Jag vill skapa förutsättningar för professionen, både för dem som finns på våra institutioner och för alla som arbetar ideellt med kulturarvet. När det handlar om att gradera är det inte vi politiker som ska säga vad som är viktigt och kanske vara godtyckliga och slåss för att det bara ska vara småländskt eller var det nu ska komma ifrån och så vidare.</p><p> STYLEREF Kantrubrik \\* MERGEFORMAT Svar på interpellationer</p><p>Tvärtom ska vi lyssna på dem som utifrån vetenskapliga grunder och expertis lägger fram förslag som vi kan gå vidare med. Därför har regeringen valt att avvakta en smula. Isof, det vill säga Institutet för språk och folkminnen, bedömer att det finns svåra metodiska utmaningar som behöver hanteras innan vi kan ta nästa steg.</p><p>Jag hoppas och känner mig relativt säker på att det kommer att komma nomineringar från svenskt håll. Vi har mycket som är fantastiskt. Några exempel som står på listan nämndes, till exempel fika, men det finns mycket mer än så.</p>",
    "intressent_id": "0787584650516",
    "rel_dok_id": "H410456",
    "replik": "N",
    "systemdatum": "2017-05-29 11:46:48"
  }
}