﻿{
  "anforande": {
    "dok_hangar_id": "4703370",
    "dok_id": "H409101",
    "dok_titel": "Protokoll 2016/17:101 Torsdagen den 27 april",
    "dok_rm": "2016/17",
    "dok_nummer": "101",
    "dok_datum": "2017-04-27 00:00:00",
    "avsnittsrubrik": "Frågestund",
    "underrubrik": "En gemensam statlig molntjänst för myndigheternas it-drift",
    "kammaraktivitet": "frågestund",
    "anforande_id": "287aecae-bb3b-e711-9452-00262d0d0c40",
    "anforande_nummer": "110",
    "talare": "TREDJE VICE TALMANNEN",
    "parti": "TREDJE VICE TALMANNEN",
    "anforandetext": "<p>Då är veckans frågestund avslutad. Jag vill tacka statsråd och ledamöter för deltagandet.</p>",
    "intressent_id": null,
    "rel_dok_id": "H4C120170427fs",
    "replik": "N",
    "systemdatum": "2017-05-18 13:18:59"
  }
}