﻿{
  "anforande": {
    "dok_hangar_id": "4546972",
    "dok_id": "H40910",
    "dok_titel": "Protokoll 2016/17:10 Onsdagen den 28 september",
    "dok_rm": "2016/17",
    "dok_nummer": "10",
    "dok_datum": "2016-09-28 00:00:00",
    "avsnittsrubrik": "Riksrevisionens rapport om ekonomiska risker för staten i fråga om gruvavfall",
    "underrubrik": null,
    "kammaraktivitet": null,
    "anforande_id": "3fd5f233-e195-e611-9441-00262d0d7125",
    "anforande_nummer": "52",
    "talare": "Stina Bergström (MP)",
    "parti": "MP",
    "anforandetext": "<p>Fru talman! I dag debatterar vi Riksrevisionens rapport om statens ekonomiska risker i fråga om gruvavfall. Jag vill börja med att yrka bifall till förslaget i betänkandet och avslag på samtliga reservationer.</p><p>\"Två fartkameror och en skattehöjning - det fick vi av gruvan.\" Vi var nog många som bänkade oss framför tv:n i går för att se starten av Po Tidholms serie <em>Resten av Sverige</em>. Speciellt intressant för dagens debatt var inslaget om Tapuligruvan utanför Pajala. Där intervjuades kommunpolitiker, tjänstemän och andra kommuninvånare. Citatet om fartkamerorna och skattehöjningen kom från författaren och Pajalabon Mikael Niemi.</p><p>I januari 2013 besökte jag Pajala. Brytningen av järnmalm, som då pågått i några månader, hade gett framtidstro i bygden. Flyttströmmarna hade vänt. Kommunen satsade 60 miljoner i nya bostäder, och regeringen anslog extra pengar för att förstärka vägen från Svappavaara för de tunga långtradarna. I riksdagen debatterade vi om vägen skulle elektrifieras eller om en järnväg skulle byggas till Pajala.</p><p>I december 2014 gick gruvan i konkurs. Husen står nu tomma, och slagghögarna ligger övergivna. Och vilka får vara med och betala för drömmen om gruvan? Jo, det får skattebetalarna i Pajala och resten av landet. Vi får också betala för hanteringen av gruvavfallet, trots de krav på ekonomisk säkerhet som ställdes på bolaget Northland Resources när de fick tillstånd att börja bryta.</p><p>Fru talman! Gruvverksamhet och annan mineralutvinning har varit och är av stor betydelse för Sverige. Vår ekonomiska utveckling har i hög grad varit baserad på exploatering och förädling av inhemska råvaror som malm, skog och vattenkraft. Men utvinningen har också orsakat och orsakar stora ingrepp och skador på naturen och hälsorisker för människor.</p><p>En framtidsorienterad och hållbar mineralpolitik måste bygga på en helhetssyn som omfattar inte bara drömmen om pengar och arbetstillfällen utan också påverkan på naturen, samhället och relationen samhälle-natur, i Sverige och i resten av världen.</p><p> STYLEREF Kantrubrik \\* MERGEFORMAT Riksrevisionens rapport om ekono-miska risker för staten i fråga om gruvavfall</p><p>Därför välkomnar Miljöpartiet Riksrevisionens granskning. Den belyser flera problem med gruvindustrin i Sverige och föreslår en rad viktiga förändringar. Det handlar om bättre och säkrare finansieringslösningar, moderna metoder för att ta hand om avfallet och utökad klassificering av gruvavfall med farliga egenskaper.</p><p>Fru talman! Regeringens ambition är att Sverige ska vara ett föregångsland för en miljömässigt hållbar gruvnäring och avfallshantering. Regeringen är i sin skrivelse tydlig med att kostnaderna för efterbehandling och hantering av avfall från gruvverksamhet inte ska belasta staten och skattebetalarna. Regeringen har också redan vidtagit en rad åtgärder med anledning av skrivelsen.</p><p>Bland annat har man påbörjat ett arbete kring vilka insatser eller åtgärder som behövs för att säkerställa att det finns tillräckliga ekonomiska säkerheter. En bransch- eller försäkringslösning är något som Miljöpartiet sedan tidigare har föreslagit ska utredas. Men det kan säkert finnas även andra sätt att se till att kostnaderna hamnar där de ska enligt principen om att förorenaren betalar, det vill säga hos gruvbolagen och inte hos skattebetalarna.</p><p>Hur bolagen tar hand om gruvavfallet är en stor och viktig fråga, fru talman. Hela 83 procent av Sveriges uppkomna avfallsmängd utgörs av utvinningsavfallet från gruvindustrin. Det är nödvändigt att finna alternativa användningsområden för gruvavfallet. Det kan till exempel återanrikas eller användas som ballastmaterial inom infrastruktur och samhällsplanering. Regeringen uppdrog därför i april i år åt Naturvårdsverket och Sveriges geologiska undersökning, SGU, att tillsammans ta fram en långsiktig strategi för hantering av utvinningsavfall och göra en bedömning av åtgärder för efterbehandling med beaktande av alternativ användning av utvinningsavfall.</p><p>Detta är ett steg mot en mer cirkulär ekonomi. Ett annat för Miljöpartiet viktigt steg mot en cirkulär ekonomi är att vi i högre grad återvinner mineraler och andra naturresurser, bland annat från våra bebyggda miljöer. Här finns stora mängder metaller att återanvända - ämnen i produkter och anläggningar som inte längre används utan som bara ligger kvar.</p><p>Ett exempel är alla nedgrävda uttjänta kablar som innehåller bly och koppar från före detta Banverket och Telia. Vår lagstiftning innehåller inte några krav på att plocka upp dessa fyndigheter för återanvändning. Det finns också oklarheter kring vem som har rätt att \"bryta\" dessa mineraltillgångar och hur värdet ska fördelas. Miljöpartiet menar att regeringen bör vidta åtgärder för att underlätta denna så kallade urban mining och andra sätt att återanvända metaller och övriga naturresurser i vårt land.</p><p>Detta säger jag som en utvikning, fru talman, för dagens debatt handlar ju om gruvavfallet. Men jag vill ändå passa på att understryka att Miljöpartiet driver flera förslag för en hållbar mineralpolitik. För den intresserade finns de sammanfattade i en riksdagsmotion med just namnet <em>En hållbar mineralpolitik</em>, som vi lämnade in under förra mandatperioden.</p><p>Men, fru talman, låt mig gå tillbaka till betänkandet och skrivelsen.</p><p>Regeringen konstaterar i sin skrivelse, i likhet med Riksrevisionen, att arbetet med klassificering av visst utvinningsavfall som farligt avfall bör prioriteras. Vissa typer av sulfidhaltigt gråbergsavfall kan till exempel generera giftigt, cancerframkallande och ekotoxiskt lakvatten som även kan vara giftigt för människor vid direktexponering. Ibland finns också radioaktiva ämnen och tungmetaller i avfallet. Riksrevisionen uppmärksammar i sin rapport att en stor del av gruvavfallet har farliga egenskaper men att bara en liten del av avfallet faktiskt klassificerats som farligt. Detta har nu regeringen gett Naturvårdsverket i uppdrag att åtgärda.</p><p> STYLEREF Kantrubrik \\* MERGEFORMAT Riksrevisionens rapport om ekono-miska risker för staten i fråga om gruvavfall</p><p>Regeringens åtgärder med anledning av Riksrevisionens rapport är några steg i riktning mot en miljömässigt hållbar gruvnäring och avfallshantering.</p><p>Glädjande är också att vi nu ser steg i rätt riktning även på andra håll. Ett exempel är Högsta förvaltningsdomstolens beslut angående brytning av sällsynta jordartsmetaller i Norra kärr, norr om Gränna. Det stärker skyddet av Natura 2000-områden i Sverige och är ett viktigt prejudikat som jag hoppas blir vägledande i framtiden.</p><p>Ett annat exempel är att Havs- och vattenmyndigheten besluta om att peka ut 28 anläggningar som riksintresse för vattenförsörjning. Det rör sig om områden med anläggningar från norr till söder i Sverige som tillsammans försörjer över 6,1 miljoner personer med dricksvatten. Myndighetens beslut gör att dricksvattenförsörjningen får samma status som andra viktiga samhällsfunktioner.</p><p>Ett tredje exempel, och något som Miljöpartiet kämpat för i många år, är regeringens beslut att skydda områdena kring Bästeträsk och Ojnare på Gotland. Det är ett steg mot en bättre balans mellan miljö- och produktionsintressen och ett tecken på en politisk insikt om vikten av att värna vårt dricksvatten. Jag hoppas att den insikten också kommer att finnas när frågan om försvarets skjutövningar över Vättern når regeringens bord. Redan i dag är det mer än en kvarts miljon människor som får dricksvatten från Vättern, landets största dricksvattentäkt.</p><p>Fru talman! Som miljöpartist är jag stolt över att den socialdemokratiska och miljöpartistiska regeringen är överens om att Sveriges gruvnäring ska vara miljömässigt hållbar, att miljökraven för prospektering och provborrning nu successivt kommer att förbättras och att hänsyn också ska tas till lokala näringar, liksom att vi inte öppnar upp för utvinning av uran, olja eller gas.</p><p>Ett modernt, hållbart samhälle överexploaterar inte jordens resurser. Vi har ingen rätt att lämna över en sämre värld till nästa generation. Det finns inga oändliga resurser av metaller. Vi måste i första hand återanvända dem vi redan brutit, och när vi bryter nytt ska vi göra det med hänsyn både till naturen och till kommande generationer. Och vi ska se till att den som bryter också ska betala för att ta hand om avfallet på ett riktigt sätt.</p>",
    "intressent_id": "0401968752713",
    "rel_dok_id": null,
    "replik": "N",
    "systemdatum": "2016-10-19 11:49:09"
  }
}