﻿{
  "anforande": {
    "dok_hangar_id": "4703963",
    "dok_id": "H409102",
    "dok_titel": "Protokoll 2016/17:102 Fredagen den 28 april",
    "dok_rm": "2016/17",
    "dok_nummer": "102",
    "dok_datum": "2017-04-28 00:00:00",
    "avsnittsrubrik": "Aktuell debatt om attentatet i Stockholm",
    "underrubrik": null,
    "kammaraktivitet": "aktuell debatt",
    "anforande_id": "f4989fe0-bc3b-e711-9452-00262d0d0c40",
    "anforande_nummer": "8",
    "talare": "Roger Haddad (L)",
    "parti": "L",
    "anforandetext": "<p>Herr talman! Först vill jag sända min tanke till de offer och de anhöriga som drabbades av det fasansfulla terrordådet i Stockholm den 7 april. Jag vill också från Liberalernas sida framföra vårt varma tack till polis, räddningstjänst, sjukvård och en allmänhet som på ett fantastiskt sätt visade vad svensk demokrati står för.</p><p>Det är inte det som vi hör här av den populistiska högern, som vill splittra, överdriva och skrämma. Det är inte heller det som vi hör från vänstersidan - den ansvarslösa vänstern som går upp och säger nej till vartenda förslag som vi har lagt fram mot extremism, mot radikalisering och mot terrorism. Jag är väldigt glad att regeringen, statsministern och inrikesministern fattade beslutet att inte bjuda in Sverigedemokraterna och Vänsterpartiet till de terrorsamtal som har påbörjats för andra gången.</p><p>Denna debatt är anmärkningsvärd på det sättet att den kommer alldeles för snart inpå det fasansfulla som återigen drabbade Sverige, vår huvudstad och vår demokrati. Det är alldeles för tidigt. Liberalerna vill inte ägna sig åt spekulationer eller tyckande utan fakta och utan att processen har haft sin gång.</p><p>Vi har personer som fortfarande vårdas på sjukhus. I dag fick vi det tragiska och sorgliga beskedet att ytterligare en person har avlidit av sina skador vid attentatet. Vi har personer som är misstänkta men ännu inte åtalade. Vi har personer som förhörs och släpps ut. Detta är en pågående rättsprocess i vår demokrati. Att då bjuda in till en debatt om den 7 april tycker jag därför för min del var något förhastat. Men självklart vill vi, herr talman, delta i denna viktiga debatt för att höja oss lite grann och tala generellt om hur vi vill angripa den extremism och radikalisering som dagligen i många år nu har utmanat våra demokratiska värderingar.</p><p>I dessa delar har vi från Liberalerna pekat på behovet av förebyggande arbete. Vi har alldeles för många utsatta områden och särskilt utsatta områden där många av extremismmiljöerna frodas. Det är där man radikaliseras, det är där man är med och finansierar och det är där man är med och uppmanar och rekryterar till de här islamistiska terrororganisationerna eller andra typer av terrororganisationer. Det är här vi måste göra vår hemläxa.</p><p> STYLEREF Kantrubrik \\* MERGEFORMAT Aktuell debatt om attentatet i Stockholm</p><p>Jag håller med regeringen och de forskare som har sagt att det är omöjligt att ha koll på och kontroll över så kallade ensamagerande terrorister. Vi kan inte skapa ett samhälle där vi har kontroll på exakt varenda individ i vårt kungarike. Däremot måste vi bli mycket bättre på att närma oss de områden, de radikalister och de extremister som utmanar vår demokrati, vår jämställdhet och vår öppenhet. Där har vi en hemläxa.</p><p>Det är ingen hemlighet att vi från Liberalerna i många år har haft ett antal debatter både med regeringen och, inte minst, med Miljöpartiets ansvariga i regeringen. Vi anser att de inte har skött denna portfölj i regeringen. Vi vidhåller vårt krav på att frågor som berör radikalisering och extremism ska flyttas till Justitiedepartementet under inrikesministern eller justitieministern. Det är oerhört sårbart när Sverige med över 300 personer som har rest till terrororganisationer, varav ungefär hälften har återvänt hit, ännu inte har en beredskap och en kapacitet som gör att vi med all säkerhet åtminstone kan berätta om dem: Vad gör de för någonting? Är de farliga? Varför är de ute på stan? Varför sitter de inte i förvar?</p><p>Vi har för vår del sagt: Låt säkerhetspolisen få möjlighet att obligatoriskt kalla de personer som återvänder. Uppmana myndigheter, och underlätta i lagstiftningen så att man kan inleda granskningar av alla som återvänder.</p><p>Herr talman! Detta är <em>en</em> del av problematiken. Sedan har vi en målgrupp i vårt samhälle som inte accepterar svenska värderingar och svensk demokrati. Det är en extremistisk och våldsbejakande miljö. Tyvärr, Linda Snecker, men den våldsbejakande islamistiska extremismen <em>är</em> det största hotet mot vår svenska demokrati. Sedan har vi problem med vitmaktmiljö. Det ser vi, inte minst i områden i Dalarna. Vi ser att de vill tysta, hota och förändra vårt samhällsskick med våldsprat. Men den våldsbejakande islamistiska extremismen är det största hotet mot vår svenska demokrati. Därför måste vi ekonomiskt, politiskt och i vårt samhälle prioritera våra resurser för att angripa dem som inte stöder och tror på vår demokrati.</p><p>(Applåder)</p>",
    "intressent_id": "0308306375022",
    "rel_dok_id": "H4C120170428ad",
    "replik": "N",
    "systemdatum": "2017-05-18 13:27:08"
  }
}