﻿{
  "anforande": {
    "dok_hangar_id": "4703370",
    "dok_id": "H409101",
    "dok_titel": "Protokoll 2016/17:101 Torsdagen den 27 april",
    "dok_rm": "2016/17",
    "dok_nummer": "101",
    "dok_datum": "2017-04-27 00:00:00",
    "avsnittsrubrik": "Frågestund",
    "underrubrik": "Tiggeriförbud",
    "kammaraktivitet": "frågestund",
    "anforande_id": "0b7aecae-bb3b-e711-9452-00262d0d0c40",
    "anforande_nummer": "81",
    "talare": "Statsrådet Isabella Lövin (MP)",
    "parti": "MP",
    "anforandetext": "<p>Fru talman! De utsatta EU-medborgare vi ser på våra gator och torg behöver på alla sätt vårt stöd, bland annat via EU:s sociala fonder. Regeringen har också ett aktivt program för att bereda sysselsättning för medborgarna och även motverka diskriminering, som är skälet till att de söker sig utanför hemländernas gränser.</p><p>Vi tycker också att det är viktigt med ordning och reda samt att lokala ordningsstadgor ska följas. De privata markägare som har fått se bosättningar på sina marker ska också få en rättssäker handläggning. Frågan behöver ses över från flera håll.</p><p>Grundproblemet är att människor är utsatta och diskriminerade. De som ska ha stöd ska få stöd.</p>",
    "intressent_id": "0911490574010",
    "rel_dok_id": "H4C120170427fs",
    "replik": "N",
    "systemdatum": "2017-05-18 13:18:58"
  }
}