﻿{
  "anforande": {
    "dok_hangar_id": "4703370",
    "dok_id": "H409101",
    "dok_titel": "Protokoll 2016/17:101 Torsdagen den 27 april",
    "dok_rm": "2016/17",
    "dok_nummer": "101",
    "dok_datum": "2017-04-27 00:00:00",
    "avsnittsrubrik": "(forts. från § 11) Tillgång till betalkonto med grundläggande funktioner (forts. FiU33)",
    "underrubrik": null,
    "kammaraktivitet": null,
    "anforande_id": "407aecae-bb3b-e711-9452-00262d0d0c40",
    "anforande_nummer": "129",
    "talare": "Håkan Svenneling (V)",
    "parti": "V",
    "anforandetext": "<p>Herr ålderspresident! Centerpartiet är det parti som mest aktivt har bjudit in till seminarier och hearingar om kontanter. Man gjorde det så sent som i går. Men det har varit oklart vad Centerpartiet vill göra. Man har varit tydlig med att man inte vill se någon egentlig lagstiftning men saknar till exempel helt följdmotioner här, vilket gör att vi inte vet vilka Centerpartiets förslag egentligen är.</p><p>Jag håller med om mycket av det som Emil Källström anför. Jag tycker att det är helt rätt att göra en koppling till bredbandsutbyggnad och mobiltäckning, som är en del av att lösa de här frågeställningarna på ett bra sätt. Jag tror att det är viktigt att politiken ser de breda dragen, hur samhällsutvecklingen hänger ihop.</p><p>Emil Källström är en varm anhängare av att man ska lösa det här i den kommande Riksbanksutredningen, och det kan säkert finnas poänger med det. Det kan vara bra att vi kan gå vidare med våra liv, som Emil Källström säger. Vi måste lösa problemet nu, för fler utredningar behövs inte. Det är någonting vi har lärt oss: Utredningar kan man inte göra i all oändlighet. Om man är bostadsminister kan man ibland tro att man nästintill kan bo i en utredning, men så är faktiskt inte fallet.</p><p>Problemet här är att Emil Källström säger att han vill lösa problemet men inte kommer med något förslag på hur. Det är det jag undrar över, Emil - hur du tänker att du ska kunna gå vidare med det.</p><p>Jag känner någonstans att ni har dubbla lojaliteter. Ni vill landsbygden väldigt väl; ni talar om att Sverige klyvs och att ni ser stora brister i att vi får ökade regionala skillnader i Sverige. Samtidigt är ni storbankernas bästa kompis och väldigt oroliga för att stöta er med dem.</p><p>Emil Källström! Vilka åtgärder vill du egentligen se?</p>",
    "intressent_id": "0682989845822",
    "rel_dok_id": null,
    "replik": "Y",
    "systemdatum": "2017-05-18 13:19:08"
  }
}