﻿{
  "anforande": {
    "dok_hangar_id": "4546972",
    "dok_id": "H40910",
    "dok_titel": "Protokoll 2016/17:10 Onsdagen den 28 september",
    "dok_rm": "2016/17",
    "dok_nummer": "10",
    "dok_datum": "2016-09-28 00:00:00",
    "avsnittsrubrik": "Riksrevisionens rapport om ekonomiska risker för staten i fråga om gruvavfall",
    "underrubrik": null,
    "kammaraktivitet": null,
    "anforande_id": "38d5f233-e195-e611-9441-00262d0d7125",
    "anforande_nummer": "45",
    "talare": "Jens Holm (V)",
    "parti": "V",
    "anforandetext": "<p>Fru talman! Jag tycker inte riktigt att jag fick svar på mina frågor.</p><p>Det första jag vill säga är att vi vill ha gruvverksamhet i Sverige. Men vi vill ha seriösa aktörer. Jag trodde att det också skulle ligga i Socialdemokraternas intresse att vi får aktörer som är ute efter långsiktiga, hållbara investeringar som är viktiga för att skapa bra jobb på plats där gruvorna finns, inte fly-in/fly-out, och som dessutom tar ansvar för miljön. Vi ser att det finns en extremt stor förbättringspotential i det här avseendet.</p><p>Jag tycker inte att Maria Strömkvist svarar på min fråga. När Bergsstaten ger tillstånd för en provborrning ska aktörerna som går in kunna visa upp att de har ekonomisk kostnadstäckning för att ta miljöansvar för avfallet och bearbetningen efter det ingrepp de har gjort i miljön. Vad är egentligen problemet med att vi lagstiftar om det, Maria Strömkvist?</p><p>Min andra fråga rör höjning av mineralavgiften. Inte tror jag att all gruvindustri skulle lägga ned i Sverige bara för att vi får en mineralavgift som fortfarande skulle ligga en bra bit under avgiften i väldigt många andra jämförbara länder. Knappast! Jag tror snarare att det blir så att vi behåller de seriösa aktörerna, som vill betala avgift och göra rätt för sig. Jag ställde en konkret fråga. Ni säger i svaret att ni inte vill föregripa regeringens beredning. Men då vill jag veta: Vad är det regeringen bereder? Avser regeringen att komma tillbaka med ett förslag om höjd mineralavgift i Sverige? Det är det som vi föreslår i vår reservation, och det är det som ni svarar på.</p>",
    "intressent_id": "0216534495014",
    "rel_dok_id": null,
    "replik": "Y",
    "systemdatum": "2016-10-19 11:49:08"
  }
}