﻿{
  "anforande": {
    "dok_hangar_id": "4706363",
    "dok_id": "H409103",
    "dok_titel": "Protokoll 2016/17:103 Tisdagen den 2 maj",
    "dok_rm": "2016/17",
    "dok_nummer": "103",
    "dok_datum": "2017-05-02 00:00:00",
    "avsnittsrubrik": "Återrapportering från Europeiska rådets möte den 29 april",
    "underrubrik": null,
    "kammaraktivitet": null,
    "anforande_id": "731f8197-5344-e711-9450-00262d0d7125",
    "anforande_nummer": "13",
    "talare": "Statsministern Stefan Löfven (S)",
    "parti": "S",
    "anforandetext": "<p>Herr talman! Efter att UK har lämnat EU kommer EU att bestå av ungefär 450 miljoner invånare. Det är den största marknaden. Ingen håller med om att EU behöver Storbritannien mer än Storbritannien behöver EU. Kommissionen berättar för oss vad som händer efter diskussionen om brexit och när USA nu agerar annorlunda. Jo, alla andra kontinenter vänder sig till EU och säger: Ni är intressanta. Det är med er vi vill ha att göra, och vi vill utöka kontakterna.</p><p> STYLEREF Kantrubrik \\* MERGEFORMAT Återrapportering från Europeiska rådets möte den 29 april</p><p>Dessutom menar jag att detta är naturligt när Sveriges regeringschef sitter där bland de andra EU-27 och ska inleda en sådan här förhandling. Då ska vi först och främst titta på EU:s intressen och Sveriges intressen. Det är min skyldighet. Vi ska inte titta på den andra sidans i första hand. Men vi är också väldigt tydliga med att vi vill ha en bra relation med Storbritannien. Vi ska ha en framtida relation som är så bra som möjligt. Men mitt främsta intresse är Sverige och EU.</p>",
    "intressent_id": "0218878014918",
    "rel_dok_id": null,
    "replik": "N",
    "systemdatum": "2017-05-29 11:46:20"
  }
}