﻿{
  "anforande": {
    "dok_hangar_id": "4702552",
    "dok_id": "H409100",
    "dok_titel": "Protokoll 2016/17:100 Onsdagen den 26 april",
    "dok_rm": "2016/17",
    "dok_nummer": "100",
    "dok_datum": "2017-04-26 00:00:00",
    "avsnittsrubrik": "Policyramverk för svenskt utvecklingssamarbete och humanitärt bistånd",
    "underrubrik": null,
    "kammaraktivitet": "ärendedebatt",
    "anforande_id": "62a891a8-413a-e711-9452-00262d0d0c40",
    "anforande_nummer": "113",
    "talare": "Pernilla Stålhammar (MP)",
    "parti": "MP",
    "anforandetext": "<p>Herr ålderspresident! Tack, Margareta Cederfelt, för den frågan!</p><p>När det gäller fokus finns det tyvärr många konflikter i Mellanöstern. Det pågår många konflikter i Afrika. Där ligger några av våra geografiska fokusområden.</p><p>Sedan har vi fredsdiplomatiinitiativet som nu har kommit på plats på Utrikesdepartementet. Det handlar om att vi ska vara med och bidra till konfliktlösning och medling på de ställen där Sverige kan ha en avgörande roll. Därför kommer vi att placera ut personer i dessa konfliktländer för att hjälpa till med det. Det måste vara efterfrågat, och vi är efterfrågade av den anledningen att vi i Sverige har haft ett långt och bra utvecklingssamarbete under många år.</p><p> STYLEREF Kantrubrik \\* MERGEFORMAT Policyramverk för svenskt utvecklings-samarbete och humanitärt bistånd</p><p>Vi har inte kolonialiserat världen. Vi har ansetts vara ganska neutrala i olika sammanhang. Därför har vi möjlighet att ta en sådan roll. Bland annat har vi tillsatt ett sändebud för fredsprocessen i Mellanöstern. </p><p>Det var de olika fokusområdena. Sedan var exakt dessa fredsdiplomater ska placeras får vi ta en diskussion om senare.</p>",
    "intressent_id": "0704744533715",
    "rel_dok_id": "H401UU11",
    "replik": "Y",
    "systemdatum": "2017-05-16 16:13:00"
  }
}