﻿{
  "anforande": {
    "dok_hangar_id": "4703370",
    "dok_id": "H409101",
    "dok_titel": "Protokoll 2016/17:101 Torsdagen den 27 april",
    "dok_rm": "2016/17",
    "dok_nummer": "101",
    "dok_datum": "2017-04-27 00:00:00",
    "avsnittsrubrik": "Skogspolitik",
    "underrubrik": null,
    "kammaraktivitet": "ärendedebatt",
    "anforande_id": "767aecae-bb3b-e711-9452-00262d0d0c40",
    "anforande_nummer": "181",
    "talare": "Isak From (S)",
    "parti": "S",
    "anforandetext": "<p>Fru ålderspresident! Utbildning, utbildning och utbildning - det råder en katastrofal brist på stadsarkitekter. Det råder en stor brist på arkitekter som inte är av den gamla stammen, upplärda i betongindustrins fotspår. Vi behöver utbilda nya kompetenser för att klara av träbyggandet.</p><p>Sedan måste fler städer göra som Skellefteå och Växjö och ta fram träbyggnadsstrategier. Jag tror att trä har framtiden för sig, inte minst när det handlar om att korta byggtiderna. Det tror jag också är ett starkt konsumentperspektiv tillsammans med att det är mycket trevligare att bo i ett nybyggt trähus. Det är bara att gå in i ett sådant hus så känner man att här är det mycket mysigare att bo. Vi måste politiskt besluta om en livscykeldeklaration på byggande. Det tror jag vore väldigt viktigt, och det skulle gynna träbyggandet mycket.</p><p>Det har varit mycket diskussioner om nyckelbiotopsinventeringar. Nyckelbiotoper är inget nytt begrepp. Nyckelbiotoperna är ett myndighetsverktyg som inte är beslutade om i Sveriges riksdag, utan det är någonting som Skogsstyrelsen har tagit fram. Jag träffade under föregående mandatperiod och även under mandatperioden dessförinnan många skogsägare som tyckte att inventeringarna var felaktiga, att de hade gått för långt och att de hade medfört inskränkningar i den privata äganderätten. Det var bland annat därför vi drev hårt att det måste tas fram pengar till ersättning till de skogsägare som blir drabbade av detta.</p><p>I västra Sverige finns en speciell omständighet, som jag kan återkomma till i min slutreplik.</p>",
    "intressent_id": "0506482805418",
    "rel_dok_id": "H401MJU13",
    "replik": "Y",
    "systemdatum": "2017-05-18 13:19:11"
  }
}