﻿{
  "anforande": {
    "dok_hangar_id": "4703963",
    "dok_id": "H409102",
    "dok_titel": "Protokoll 2016/17:102 Fredagen den 28 april",
    "dok_rm": "2016/17",
    "dok_nummer": "102",
    "dok_datum": "2017-04-28 00:00:00",
    "avsnittsrubrik": "Svar på interpellation 2016/17:368 om arbetskraftsinvandring",
    "underrubrik": null,
    "kammaraktivitet": "interpellationsdebatt",
    "anforande_id": "19999fe0-bc3b-e711-9452-00262d0d0c40",
    "anforande_nummer": "39",
    "talare": "Johanna Jönsson (C)",
    "parti": "C",
    "anforandetext": "<p>Herr talman! Den utredning som ministern hänvisar till handlar i mycket stor utsträckning om missbruk av systemet och i väldigt liten utsträckning om hur man ska få systemet att bli bättre. De som sitter i utredningen har påpekat att detta har tillkommit sent i diskussionerna, då man såg att det dök upp olika fall i bland annat medierna. Även organisationer som jobbar med dessa frågor har sett detta, och de insåg att det var någonting som var fel. </p><p>Det sorgliga i detta är att det utskottsinitiativ som togs av Alliansen, och som faktiskt stöddes av samtliga partier i riksdagen, och som ledde till ett tillkännagivande till regeringen inte har följts, alltså att denna utredning skulle få tilläggsdirektiv för att ta fram bra och understödda förslag på detta område. I utredningen satt ändå personer som redan var insatta och som redan hade tittat på systemet. </p><p>Nu verkar det som att regeringen själv sitter och mekar lite grann med detta. Bland annat ska man gå vidare och titta lite grann på det som handlar om att Migrationsverket har kommit på att det är någonting som är fel. </p><p>Detta visste vi för ett år sedan. Det har funnits ganska mycket tid att titta på det. Det bästa sättet att göra det hade varit att låta utredningen faktiskt titta på det. Då hade ni haft dessa förslag på bordet nu och kunnat lägga fram dem, så att de förhoppningsvis hade trätt i kraft före sommaren så att inte fler drabbas av detta. </p><p>Vi i Centerpartiet har också föreslagit en stopplag som skulle innebära att människor inte utvisas, så inte till exempel Kevin eller Spotify blir av med den personal som de är i så stort behov av att behålla medan dessa frågor rättas till. </p><p> STYLEREF Kantrubrik \\* MERGEFORMAT Svar på interpellationer</p><p>Vi vet också att det inte är tillräckligt med det första förslaget, om man själv hittar dessa fel. Där hoppas jag verkligen att även förslagen om att Migrationsverket kommer att upptäcka saker som kan rättas till kommer att utökas med en möjlighet att även få en person att stanna ifall denna person har bytt arbetsgivare eller missat något som är svårt att rätta till, som att han eller hon har arbetat för mycket under sommaren. </p><p>Det finns många frågor att diskutera, och vi är öppna för att fortsätta att diskutera dem. </p>",
    "intressent_id": "0495218011521",
    "rel_dok_id": "H410368",
    "replik": "N",
    "systemdatum": "2017-05-18 13:27:18"
  }
}