﻿{
  "anforande": {
    "dok_hangar_id": "4703370",
    "dok_id": "H409101",
    "dok_titel": "Protokoll 2016/17:101 Torsdagen den 27 april",
    "dok_rm": "2016/17",
    "dok_nummer": "101",
    "dok_datum": "2017-04-27 00:00:00",
    "avsnittsrubrik": "Medborgarskap, Migration och asylpolitik, Anhöriginvandring och Arbetskraftsinvandring",
    "underrubrik": null,
    "kammaraktivitet": "ärendedebatt",
    "anforande_id": "cd79ecae-bb3b-e711-9452-00262d0d0c40",
    "anforande_nummer": "21",
    "talare": "Johanna Jönsson (C)",
    "parti": "C",
    "anforandetext": "<p>Fru ålderspresident! Vi lever, som de flesta vid det här laget vet, i en globaliserad värld. Marknader och arbetsmarknader blir alltmer gränslösa. Vårt framtida samhälle behöver formas utifrån vetskapen om att människor inte bor på en plats eller ens i ett och samma land under hela livet.</p><p>Redan på kort sikt finns ett behov av en reforminriktad politik som på ett hållbart sätt kan hantera en alltmer ökande migration. Fler människor migrerar för att söka skydd från krig, terror och förtryck men också för arbete eller studier, av kärlek eller helt enkelt för att söka ett bättre liv.</p><p>Den moderna migrationen är ofta cirkulär. Man flyttar inte bara från ett land till ett annat för att stanna permanent utan rör sig ofta vidare eller tillbaka till sitt ursprungsland. Det hänger bland annat ihop med den tekniska och den ekonomiska utvecklingen. På många sätt är det bra.</p><p>Samtidigt är fler människor på flykt i världen än någonsin tidigare. Antalet även där fortsätter att öka. Och många av de värsta oroshärdarna i världen ser inte ut att falna.</p><p>De flesta har flytt inom sitt land eller till ett grannland, men många tar sig också fortsatt vidare till Europa. Medelhavets väg är livsfarlig, och den är fortfarande livsfarlig även om färre människor nu kommer till Sverige. Under 2016 dog 4 913 personer i Medelhavet. Det är fler än det någonsin tidigare har varit - oavsett alla utfästelser om att detta skulle minska. Vi måste skapa tryggare system som styr om från farliga resor till lagliga vägar med fler kvotflyktingar, fler stipendielösningar, arbetskraftsinvandring och andra lagliga sätt att kunna resa tryggt och säkert.</p><p></p><p>Samtidigt ser vi politiska motreaktioner och mer slutenhet. Det byggs upp fler gränshinder och murar. Restriktiv politik är dyr i såväl ekonomiska som politiska och humana termer, och det finns gott om avskräckande exempel runt om i världen. Australiens flyktingläger på Nauru har kantats av sexuella övergrepp, våld, undernäring och självskadebeteende. USA:s gränskontroller kostar mer än samtliga övriga rättsvårdande myndigheter. EU:s avtal med Turkiet ger en autokratisk regim utökad makt över Europa, och vi ser ju i vilken riktning Turkiet går just nu. En restriktiv linje är kostsam och enormt svår att förena med mänskliga rättigheter.</p><p>Centerpartiet står för öppenhet, och vi strävar fortsatt efter friare rörlighet. Men det måste ske på ett humant och ordnat sätt. Det finns gränser för hur mycket ett enskilt land kan göra. Låt mig säga det igen, för jag kan tänka mig att jag får repliker om precis detta: Det finns gränser för hur mycket ett enskilt land kan göra.</p><p>Så länge invandring innebär kostnader för mottagandet kommer det att finnas en avvägning som varje land måste göra. Ett sätt att mildra problemet är såklart att sträva efter att sänka kostnader och förbättra etableringen. När regeringen värnar alla kostnadskrävande förmåner men förvägrar människor deras rätt att söka skydd värnar vi i Centerpartiet rätten att söka skydd men inte alla förmåner. Det är vår väg i detta.</p><p>För oss är det viktigt att värna öppenhet och humanism. Vi står upp för rätten att söka skydd, rätten till familjeåterförening, trygghet för asylsökande och en effektiv integration. Vi ser migration som någonting i grunden positivt. Samtidigt blundar vi inte för de problem som finns eller de stora reformer som krävs. Mycket av det här, bland annat integrationen och etableringen, hanteras i andra utskott. Men även på vårt område, i socialförsäkringsutskottet, finns det saker att ta tag i.</p><p>Regeringens politik har kraftigt begränsat anhöriginvandringen och gör att många familjer inte kommer att ha laglig möjlighet att återförenas på flera år. Anhöriginvandringen är en av få lagliga vägar till Europa. Den har stor betydelse av humanitära skäl. Familjer som splittrats till följd av krig, konflikter och förtryck måste ha en möjlighet att leva tillsammans. Med en ökande globalisering där allt fler har nära och kära i andra länder ökar också anhöriginvandringen i betydelse. Vi i Centerpartiet vill ersätta den kraftiga begränsningen med en mer human reform som ändå går i linje med den migrationsöverenskommelse som slöts mellan Alliansen och regeringen under hösten 2015.</p><p>Flera har talat om arbetskraftsinvandringen. Det beror på att situationen på detta område just nu är akut. Arbetskraftsinvandringen är en tillgång för Sveriges kompetensförsörjning, för samhällets ekonomi och för företagens konkurrenskraft. Dessutom innebär arbetskraftsinvandringen en säker väg hit för personer som har möjlighet att bidra med kompetens, kunskap och viktigt arbete. Det är ingen förlust för Sverige att underlätta för människor som kan försörja sig att stanna i landet. För oss är det enormt viktigt att agera mot alla förslag som skulle försvåra arbetskraftsinvandringen.</p><p></p><p>Det är fortfarande ohållbart långa handläggningstider, reglerna är krångliga och minimala brister kan leda till utvisning. Ändå har regeringen bara lagt fram politik för att göra det svårare. Man har fortfarande inga förslag för att underlätta trots att man tidigare har lovat, både i utskottet och i medierna, att göra något åt situationen. Det här är helt oacceptabelt. Tusentals hårt arbetande människor i det här landet svävar nu i ovisshet och otrygghet. Många av dem hör av sig till mig. Jag får nya mejl varje vecka om detta. Samtidigt fortsätter allt fler företag att larma om hur desperat läget är. Det blir bara värre och värre.</p><p>Slutligen vill jag ta upp en fråga som blir alltmer akut för var dag som går. Den senaste tiden har minst fyra ensamkommande ungdomar från Afghanistan tagit livet av sig. Många fler har försökt att begå självmord eller skadar sig själva på andra sätt. Sedan förra våren har Migrationsverket skrivit upp många i ålder enligt de tidigare rutiner man hade. De som har bedömts vara över 18 år enligt denna hantering har som resultat oftast fått utvisningsbeslut. Rättsmedicinalverket har tagit fram en mer säker hantering, och man har nu i stor skala börjat genomföra medicinska åldersbedömningar. Det är bra. Med mer och bättre kunskap om åldersbedömningar blir prövningarna mindre godtyckliga och mer rättvisa än de var tidigare.</p><p>Men många har redan fått sina avvisningsbeslut enligt den gamla rättsosäkra metoden. Det innebär att det finns en betydande risk att minderåriga som befinner sig i Sverige felaktigt har bedömts som vuxna och därför ska utvisas. Vi i Centerpartiet vill att de som redan har fått åldern uppskriven ska erbjudas möjlighet att genomgå den mer rättssäkra medicinska åldersbedömningen för att minska risken att minderåriga utvisas. Vi vill även att åldern man hade när ansökan lämnades in ska gälla vid beslut och att man ska få bo kvar i sin kommun tills beslutet har vunnit laga kraft om man är under 21 år. Vi har ett enormt stort ansvar här i kammaren för att öka tryggheten och framtidstron hos den här gruppen.</p><p>Jag står givetvis bakom samtliga våra reservationer, men för tids vinnande yrkar jag bifall bara till Centerpartiets reservation 2 i SfU15 och reservation 2 i SfU16, till de alliansgemensamma reservationerna 1 och 4 i SfU17 och till Centerpartiets reservation 3 i SfU17.</p>",
    "intressent_id": "0495218011521",
    "rel_dok_id": "H401SfU14, H401SfU15, H401SfU16, H401SfU17",
    "replik": "N",
    "systemdatum": "2017-05-18 13:18:53"
  }
}