﻿{
  "anforande": {
    "dok_hangar_id": "4703370",
    "dok_id": "H409101",
    "dok_titel": "Protokoll 2016/17:101 Torsdagen den 27 april",
    "dok_rm": "2016/17",
    "dok_nummer": "101",
    "dok_datum": "2017-04-27 00:00:00",
    "avsnittsrubrik": "Fiskeripolitik",
    "underrubrik": null,
    "kammaraktivitet": "ärendedebatt",
    "anforande_id": "a17aecae-bb3b-e711-9452-00262d0d0c40",
    "anforande_nummer": "223",
    "talare": "Jens Holm (V)",
    "parti": "V",
    "anforandetext": "<p>Fru ålderspresident! Det är bra att Roland Utbult berättar att han själv är fiskare så att vi vet varifrån han kommer.</p><p>Vi som politiker har, när vi fattar beslut, ett ansvar att ha ett större perspektiv än ett intresse. Det är därför vi ofta ligger på en högre abstraktionsnivå och kanske inte går in på alla detaljer.</p><p>Vad gäller bottentrålning skulle jag vilja ställa en fråga till Roland Utbult. Menar Roland Utbult att det förbud mot bottentrålning som man under lång tid har haft i områden i till exempel Öresund inte innebär en positiv skillnad för den biologiska mångfalden och reproduktionen och för fisket i sig?</p><p></p><p>Jag tycker att det är viktigt för branschen i sig att man värnar bestånden, för gör man inte det har man till slut ingenting kvar att fiska. Se till exempel på ålen, som Utbult själv nämnde.</p><p>Vad gäller den konkreta frågan om den försöksverksamhet med kamerakontroll som vi tar upp i rapporten vill jag understryka att vi säger att det ska vara just en försöksverksamhet i de sammanhang där man tror att det kan fungera. Bakgrunden till detta är att vi noterat att det finns ungefär 10 procent rapporterade felaktigheter vid de landningskontroller som har gjorts. Vi säger också att det inte ska vara en generell kameraövervakning. Det är därför jag använder ordet kamerakontroll - det ska vara selektivt mot den fisk som man landar.</p><p>Fler detaljer än så nämner vi som bekant inte i rapporten, men vi tycker att det här kan vara ett spår som man kan testa för att säkerställa att man landar rätt.</p>",
    "intressent_id": "0216534495014",
    "rel_dok_id": "H401MJU14",
    "replik": "Y",
    "systemdatum": "2017-05-18 13:19:12"
  }
}