﻿{
  "anforande": {
    "dok_hangar_id": "4546972",
    "dok_id": "H40910",
    "dok_titel": "Protokoll 2016/17:10 Onsdagen den 28 september",
    "dok_rm": "2016/17",
    "dok_nummer": "10",
    "dok_datum": "2016-09-28 00:00:00",
    "avsnittsrubrik": "Riksrevisionens rapport om ekonomiska risker för staten i fråga om gruvavfall",
    "underrubrik": null,
    "kammaraktivitet": null,
    "anforande_id": "3ed5f233-e195-e611-9441-00262d0d7125",
    "anforande_nummer": "51",
    "talare": "Anders Forsberg (SD)",
    "parti": "SD",
    "anforandetext": "<p> STYLEREF Kantrubrik \\* MERGEFORMAT Riksrevisionens rapport om ekono-miska risker för staten i fråga om gruvavfall</p><p>Fru talman! Jag tackar för Jens Holms illustrativa efterhärmning av mig.</p><p>När det gäller mineralersättning ska det främst hanteras i det mineralpolitiska betänkandet; det tror jag att Jens Holm också vet. Detta hanteras ju inte främst i miljö- och jordbruksutskottet utan framför allt i näringsutskottet.</p><p>Men när det gäller det som ligger på bordet och som vi hanterat i dag och ska diskutera måste man ändå utgå från vad det är vi debatterar, nämligen de ekonomiska riskerna för staten. Vi väljer att lämna ett särskilt yttrande om de andra delarna därför att vi tycker att det är intressant att lyfta fram dem, men det är främst de frågorna som ska hanteras.</p><p>När det sedan gäller huruvida vi bedriver en företagar- eller en industripolitik är jag övertygad om att Sverigedemokraterna bedriver en mycket bättre företagar- eller industripolitik än Vänsterpartiet. Det tror jag är ganska uppenbart för de flesta av Sveriges medborgare.</p>",
    "intressent_id": "0469825305127",
    "rel_dok_id": null,
    "replik": "Y",
    "systemdatum": "2016-10-19 11:49:08"
  }
}