﻿{
  "anforande": {
    "dok_hangar_id": "4703370",
    "dok_id": "H409101",
    "dok_titel": "Protokoll 2016/17:101 Torsdagen den 27 april",
    "dok_rm": "2016/17",
    "dok_nummer": "101",
    "dok_datum": "2017-04-27 00:00:00",
    "avsnittsrubrik": "Fiskeripolitik",
    "underrubrik": null,
    "kammaraktivitet": "ärendedebatt",
    "anforande_id": "9f7aecae-bb3b-e711-9452-00262d0d0c40",
    "anforande_nummer": "221",
    "talare": "Marianne Pettersson (S)",
    "parti": "S",
    "anforandetext": "<p>Fru ålderspresident! Det finns en stor oro för hur våra hav och bottnar mår. Det är ju det som är anledningen till det här förslaget. Vi får återkomma och ge ytterligare svar när vi har analyserat den här motionen.</p>",
    "intressent_id": "0341628241813",
    "rel_dok_id": "H401MJU14",
    "replik": "Y",
    "systemdatum": "2017-05-18 13:19:12"
  }
}