﻿{
  "anforande": {
    "dok_hangar_id": "4703370",
    "dok_id": "H409101",
    "dok_titel": "Protokoll 2016/17:101 Torsdagen den 27 april",
    "dok_rm": "2016/17",
    "dok_nummer": "101",
    "dok_datum": "2017-04-27 00:00:00",
    "avsnittsrubrik": "Skogspolitik",
    "underrubrik": null,
    "kammaraktivitet": "ärendedebatt",
    "anforande_id": "707aecae-bb3b-e711-9452-00262d0d0c40",
    "anforande_nummer": "175",
    "talare": "Johan Hultberg (M)",
    "parti": "M",
    "anforandetext": "<p></p><p>Fru ålderspresident! Det är alltid spännande med skogsdebatt där Jens Holm deltar, för det ger möjlighet till en ideologisk debatt, en debatt om synen på äganderätt, en debatt om synen på brukanderätt och på gränsen mellan vad staten ska göra och inte ska göra, gränsen för hur mycket vi i den här kammaren ska lägga oss i vad andra människor gör med sin mark.</p><p>Det är dock väldigt deprimerande, fru ålderspresident, att lyssna till Jens Holms beskrivning av svenskt skogsbruk och hans syn på detta och höra om hans enorma misstro mot svenska skogsägare. Jag försökte beskriva en bild som är sann, en bild som stöds av myndigheterna. Det är bara att titta på den statistik som Skogsstyrelsen årligen presenterar. Där ser vi att utvecklingen i skogen går åt rätt håll. Vi ser att de privata skogsägarna gör stora frivilliga insatser. Vi ser att dagens modell med frivillighet fungerar.</p><p>Men enligt Vänsterpartiet och Jens Holm är det så att Jens Holm och Vänsterpartiet vet bäst. Svenskt skogsbruk utformas bäst här i Sveriges riksdag. Jag är av en annan uppfattning, fru ålderspresident. Jag tror att det är Sveriges skogsägare som bäst vet hur svenskt skogsbruk ska utformas. Vår uppgift är att utforma en ramlagstiftning. Utifrån den ska skogsägarna utforma sitt brukande.</p><p>Fru ålderspresident! Jag vill ställa en fråga till Jens Holm. Tycker Jens Holm att vi också ska införa samrådsplikt för alla lantbrukare? Ska en lantbrukare vara tvungen att samråda med sina grannar innan han eller hon ska få tröska sin havreåker?</p>",
    "intressent_id": "069309987221",
    "rel_dok_id": "H401MJU13",
    "replik": "Y",
    "systemdatum": "2017-05-18 13:19:11"
  }
}