﻿{
  "anforande": {
    "dok_hangar_id": "4706363",
    "dok_id": "H409103",
    "dok_titel": "Protokoll 2016/17:103 Tisdagen den 2 maj",
    "dok_rm": "2016/17",
    "dok_nummer": "103",
    "dok_datum": "2017-05-02 00:00:00",
    "avsnittsrubrik": "Återrapportering från Europeiska rådets möte den 29 april",
    "underrubrik": null,
    "kammaraktivitet": null,
    "anforande_id": "741f8197-5344-e711-9450-00262d0d7125",
    "anforande_nummer": "14",
    "talare": "Marie Granlund (S)",
    "parti": "S",
    "anforandetext": "<p>Herr talman! Jag vill också tacka statsministern för återrapporteringen från Europeiska rådet om brexit. Det är bra att förhandlingarna nu verkligen kommer igång, även om det är väldigt sorgligt att det ska behöva bli på detta sätt. Det kommer nog att ta väldigt lång tid att förhandla fram det här, för det är verkligen inte några enkla saker.</p><p>Jag tycker att de prioriteringar som regeringen har lagt fram är väldigt bra. Det visar också på komplexiteten. Det handlar om våra medborgare som bor i Storbritannien. Det handlar om EU-budgeten. Det handlar om handelspolitiken och självklart om väldigt mycket mer.</p><p>Det bor 100 000 svenskar i Storbritannien. Dem måste vi verkligen värna. De har bosatt sig där under helt andra premisser. Nu kan man läsa och höra om helt absurda saker. De ska fylla i 85-sidiga formulär och annat. Vissa känner sig inte alls välkomna i Storbritannien längre. Jag antar att även andra nationer har problem med detta.</p><p>Jag skulle vilja fråga statsministern: Kom det fram någonting nytt på toppmötet om hur man ska behandla personer som kommer från ett annat land och som bor i Storbritannien? Hur ska man behandla dem efter brexit?</p><p>Sedan gäller det budgeten. Det är klart att det kommer att vara en väldigt viktig, svår och tuff förhandling. När det gäller Storbritannien räknar man med att de ligger ute med ungefär 60 miljarder euro i fråga om pensionsutbetalningar, åtaganden i EU-budgeten och så vidare. Var det någon mer ingående diskussion om hur man ska kunna lösa det?</p>",
    "intressent_id": "0136310791918",
    "rel_dok_id": null,
    "replik": "N",
    "systemdatum": "2017-05-29 11:46:20"
  }
}