﻿{
  "anforande": {
    "dok_hangar_id": "4703370",
    "dok_id": "H409101",
    "dok_titel": "Protokoll 2016/17:101 Torsdagen den 27 april",
    "dok_rm": "2016/17",
    "dok_nummer": "101",
    "dok_datum": "2017-04-27 00:00:00",
    "avsnittsrubrik": "Medborgarskap, Migration och asylpolitik, Anhöriginvandring och Arbetskraftsinvandring",
    "underrubrik": null,
    "kammaraktivitet": "ärendedebatt",
    "anforande_id": "c779ecae-bb3b-e711-9452-00262d0d0c40",
    "anforande_nummer": "15",
    "talare": "Johan Forssell (M)",
    "parti": "M",
    "anforandetext": "<p>Fru ålderspresident! Jag vet inte riktigt hur jag ska tolka det här påståendet att saker och ting inte blir bättre bara för att vi röstar igenom motioner i riksdagen. Jag föreställer mig ändå att de beslut vi fattar i den här kammaren har en reell inverkan och att det är därför vi alla är här och bidrar med vårt arbete. Jag lever i den tron.</p><p>Jag betvivlar inte att Miljöpartiet i grunden har goda intentioner. Vi har gjort överenskommelser tillsammans historiskt. Men det är lite beklämmande att nu höra Miljöpartiet tillsammans med Socialdemokraterna, som under lång tid har haft en väldigt skeptisk syn på all form av arbetskraftsinvandring, stå och försvara ett system som inte fungerar och i vaga ord tala om att det kanske blir en förbättring någon gång i framtiden. Den där utredningen tillsattes aldrig. Sedan kom det en ny utredning som tittar på frågorna, men dagarna blir till veckor och veckorna till månader.</p><p>Den här regeringens syn på arbetskraftsinvandring beskrivs väldigt tydligt i de utredningsdirektiv man gav sommaren 2015. Det står explicit att utredningen ska titta på graden av utnyttjande på den svenska arbetsmarknaden. Som man frågar får man svar. Varför, fru ålderspresident, funderar aldrig den här regeringen på följande fråga: Hur ska vårt land bli mer attraktivt för människor att komma hit och arbeta i? Varför hör jag aldrig någon ställa den frågan från regeringssidan? Varför lyfts aldrig den aspekten fram? Det talas bara om fusk, utnyttjande och människor som far illa.</p><p>Jag misstror inte Maria Ferms intentioner, men jag kan konstatera att det system som regeringen tillsammans med Vänsterpartiet och Sverigedemokraterna håller under armarna inte fungerar. I praktiken innebär det att människor som vill arbeta här, betala skatt och göra rätt för sig ändå måste lämna landet. Jag tycker inte att det är värdigt en kunskaps- och tillväxtnation som Sverige.</p>",
    "intressent_id": "0126797549328",
    "rel_dok_id": "H401SfU14, H401SfU15, H401SfU16, H401SfU17",
    "replik": "Y",
    "systemdatum": "2017-05-18 13:18:53"
  }
}