﻿{
  "anforande": {
    "dok_hangar_id": "4706363",
    "dok_id": "H409103",
    "dok_titel": "Protokoll 2016/17:103 Tisdagen den 2 maj",
    "dok_rm": "2016/17",
    "dok_nummer": "103",
    "dok_datum": "2017-05-02 00:00:00",
    "avsnittsrubrik": "Svar på interpellation 2016/17:456 om ålfiske som kulturarv",
    "underrubrik": null,
    "kammaraktivitet": "interpellationsdebatt",
    "anforande_id": "f41f8197-5344-e711-9450-00262d0d7125",
    "anforande_nummer": "137",
    "talare": "Maria Malmer Stenergard (M)",
    "parti": "M",
    "anforandetext": "<p>Herr talman! Tack, ministern, för svaret!</p><p>Nu är det dags för världens länder att nominera levande traditioner till Unescos listor över immateriella världsarv. Det baseras på en konvention som Sverige ratificerade 2011 och som på många sätt liknar världsarvskonventionen, som skyddar platser, byggnader och monument. Skillnaden är att den listar sådant som man inte kan ta på, såsom kulturer och traditioner.</p><p>Att få fler svenska världsarv är betydelsefullt för bevarande av traditioner men också för att bidra till viktig turism. Norge har nominerat folkmusik och dans och Belgien sin ölkultur. Det finns gott om svenska traditioner att bevara och belysa.</p><p>I Sverige har vi sedan en tid tillbaka låtit Institutet för språk och folkminnen lista svenska levande kulturarv. Där finns bland annat lucia, midsommardans, fäbodkultur, fika och den för Skånes del så viktiga ålakulturen längs ålakusten.</p><p>Så här står det om den: \"Förutom själva fisket, med dess specifika redskap, kunskap och organisation, rör det sig om traditioner och kunskap kring mat och måltider, muntlig tradition i form av berättelser och speciella benämningar, byggnadstraditioner samt kunskapen om den så kallade hommabåten.\"</p><p> STYLEREF Kantrubrik \\* MERGEFORMAT Svar på interpellationer</p><p>Ålafisket hotas nu bland annat av det internationella fisket och omoderna vattenkraftverk. Men ålafisket och hela kulturen kring det är värda att bevara för eftervärlden och behövs också för att bevara kunskapen och omsorgen om ålen. Där kan Unescos världsarvslista spela roll för bevarandet till eftervärlden men också för att locka turister, som jag nämnde.</p><p>Det finns egentligen tre olika listor: dels den som listar kulturarv med behov av omedelbart tryggande och som riktar sig mot hotade kulturarv, dels den representativa listan, som har en mer allmängiltig inriktning, och därutöver ett register över goda metodiska exempel.</p><p>Om jag vore kulturminister och tittade på dessa listor och tvingades att prioritera skulle jag definitivt prioritera den som handlar om de hotade kulturarven, för att skydda dem som håller på att gå förlorade innan det är för sent. Men så jobbar inte regeringen.</p><p>Den här regeringen skriver i sin kulturarvsproposition: \"Regeringen bedömer vidare att det bör vara en utgångspunkt för det fortsatta arbetet att värdehierarkier som graderar betydelsen av olika immateriella kulturarv bör undvikas.\" Däremot skriver regeringen att det internationella registret över bästa metodiska exempel kan spela en viktig roll i arbetet med konventionen. Alltså vill regeringen inte nominera något världsarv utan väljer att bara lyfta fram goda metodiska exempel.</p><p>Vi skulle alltså ha en chans att lyfta fram fler världsarv, att marknadsföra Sverige och att bidra till ökad turism. Vi har en möjlighet att trygga de hotade kulturarven för eftervärlden, men regeringen väljer att avstå från det därför att man inte vill skapa värdehierarkier. Detta visar bara en sak, tycker jag, nämligen att det för regeringen finns en enda kulturtradition som står över alla andra, och det är jantekulturen. Varför är regeringen så benägen att bevara den?</p>",
    "intressent_id": "0572788110724",
    "rel_dok_id": "H410456",
    "replik": "N",
    "systemdatum": "2017-05-29 11:46:48"
  }
}