﻿{
  "anforande": {
    "dok_hangar_id": "4546972",
    "dok_id": "H40910",
    "dok_titel": "Protokoll 2016/17:10 Onsdagen den 28 september",
    "dok_rm": "2016/17",
    "dok_nummer": "10",
    "dok_datum": "2016-09-28 00:00:00",
    "avsnittsrubrik": "Riksrevisionens rapport om ekonomiska risker för staten i fråga om gruvavfall",
    "underrubrik": null,
    "kammaraktivitet": null,
    "anforande_id": "3bd5f233-e195-e611-9441-00262d0d7125",
    "anforande_nummer": "48",
    "talare": "Jens Holm (V)",
    "parti": "V",
    "anforandetext": "<p>Fru talman! Jag har två frågor angående Anders Forsbergs anförande.</p><p>Anders! Du hörde säkert när jag berättade om Blaikengruvan i Västerbotten, som gick i konkurs bara ungefär fem år efter att den hade startat. Nu skickas fakturan till staten och till oss skattebetalare. Saneringen kommer troligen att bli dubbelt så dyr som man tidigare har trott, ungefär 300 miljoner kronor. Tycker inte, fru talman, Sverigedemokraterna att det vore en bra idé att ställa krav på att de här bolagen ska ha en långsiktig branschfinansiering, så att de har pengar för att ta miljöansvar i de fall då det är oklart vem som ska betala för saneringen? Vi har föreslagit detta i det här betänkandet, men Sverigedemokraterna går emot det. Det tycker jag rimmar helt falskt med det som Anders Forsberg just sa från talartribunen om att gruvindustrin måste ta ansvar.</p><p> STYLEREF Kantrubrik \\* MERGEFORMAT Riksrevisionens rapport om ekono-miska risker för staten i fråga om gruvavfall</p><p>Kopplat till det vill jag också fråga om inte Sverigedemokraterna tycker att det är rimligt att Bergsstaten, den myndighet som ger tillstånd för provborrning, ska kunna ställa krav på ekonomiska garantier hos de bolag som går in, så att vi vet att det finns pengar för att sanera och återställa efter de ingrepp som har gjorts i miljön. Jag frågade om detta tidigare också. På så sätt tror jag att vi skulle kunna sålla ut oseriösa aktörer och ha kvar de seriösa aktörerna. Tror inte Sverigedemokraterna det? Varför kommer ni att rösta mot de här förslagen nu i eftermiddag?</p>",
    "intressent_id": "0216534495014",
    "rel_dok_id": null,
    "replik": "Y",
    "systemdatum": "2016-10-19 11:49:08"
  }
}