﻿{
  "anforande": {
    "dok_hangar_id": "4703370",
    "dok_id": "H409101",
    "dok_titel": "Protokoll 2016/17:101 Torsdagen den 27 april",
    "dok_rm": "2016/17",
    "dok_nummer": "101",
    "dok_datum": "2017-04-27 00:00:00",
    "avsnittsrubrik": "Frågestund",
    "underrubrik": "Klimatsamarbete med Kalifornien",
    "kammaraktivitet": "frågestund",
    "anforande_id": "e779ecae-bb3b-e711-9452-00262d0d0c40",
    "anforande_nummer": "45",
    "talare": "Statsrådet Isabella Lövin (MP)",
    "parti": "MP",
    "anforandetext": "<p>Fru talman! Tack, Stefan Nilsson, för frågan! </p><p>Kalifornien är faktiskt världens sjätte största ekonomi, och man är den delstat i USA som har gått längst på klimatområdet, med eget utsläppshandelssystem och starkare och skarpare utsläppsregler. Samtidigt är man en ekonomi som går väldigt bra, precis som Sverige. </p><p>Sverige har ju kommit etta när det gäller klimatpolitik i den utvärdering som har gjorts av EU:s alla 28 medlemsländer. Vår ekonomi går bra. Vår innovationstakt och förmåga är mycket hög, och guvernören Jerry Brown välkomnade verkligen mitt besök och vår delegation. Vi har skrivit under ett samarbetsbrev som handlar om innovation, forskning och utbyte av näringsliv från både Kalifornien och Sverige. Vi hade faktiskt redan i går besök här från Kalifornien, som tittade på Scania och mötte aktörer i Sverige för att utbyta erfarenheter på klimatområdet.</p>",
    "intressent_id": "0911490574010",
    "rel_dok_id": "H4C120170427fs",
    "replik": "N",
    "systemdatum": "2017-05-18 13:18:57"
  }
}