﻿{
  "anforande": {
    "dok_hangar_id": "4703370",
    "dok_id": "H409101",
    "dok_titel": "Protokoll 2016/17:101 Torsdagen den 27 april",
    "dok_rm": "2016/17",
    "dok_nummer": "101",
    "dok_datum": "2017-04-27 00:00:00",
    "avsnittsrubrik": "Frågestund",
    "underrubrik": "Övertoner i samhällsdebatten",
    "kammaraktivitet": "frågestund",
    "anforande_id": "177aecae-bb3b-e711-9452-00262d0d0c40",
    "anforande_nummer": "93",
    "talare": "Statsrådet Ardalan Shekarabi (S)",
    "parti": "S",
    "anforandetext": "<p>Fru talman! Jag välkomnar att Lars Beckman engagerar sig i kampen mot övertoner i svensk politik. Det är bra. Vi behöver en mer saklig debatt, och vi behöver diskutera mer utifrån fakta och vetenskap.</p><p></p><p>Låt mig passa på att önska Lars Beckman och alla andra brynäsare god lycka inför kvällens final.</p>",
    "intressent_id": "0922497728524",
    "rel_dok_id": "H4C120170427fs",
    "replik": "N",
    "systemdatum": "2017-05-18 13:18:59"
  }
}