﻿{
  "anforande": {
    "dok_hangar_id": "4703370",
    "dok_id": "H409101",
    "dok_titel": "Protokoll 2016/17:101 Torsdagen den 27 april",
    "dok_rm": "2016/17",
    "dok_nummer": "101",
    "dok_datum": "2017-04-27 00:00:00",
    "avsnittsrubrik": "Frågestund",
    "underrubrik": "Regeringen och Saudiarabiens medlemskap i FN:s kvinnokommission",
    "kammaraktivitet": "frågestund",
    "anforande_id": "d679ecae-bb3b-e711-9452-00262d0d0c40",
    "anforande_nummer": "28",
    "talare": "Tina Ghasemi (M)",
    "parti": "M",
    "anforandetext": "<p>Fru talman! Jag vill ställa min fråga till biståndsminister Isabella Lövin.</p><p>Saudiarabien är ett av de värsta länderna i världen när det gäller systematisk diskriminering av kvinnor - ett land där kvinnor enligt lag är underordnade män och till exempel inte får köra bil. Detta land har nu valts in i FN:s kvinnokommission, som sätter målen för FN:s jämställdhetsarbete och ska se till att medlemsländerna lever upp till dessa mål.</p><p>Den så kallade feministiska regeringen vägrar berätta huruvida Sverige bidragit till Saudiarabiens inträde eller inte. Men det är faktiskt på sin plats att regeringen, som förespråkat transparens i FN, nu berättar för riksdagen och svenska folket: Röstade Sverige för eller emot Saudiarabiens inträde i FN:s kvinnokommission?</p>",
    "intressent_id": "0403769921921",
    "rel_dok_id": "H4C120170427fs",
    "replik": "N",
    "systemdatum": "2017-05-18 13:18:57"
  }
}