﻿{
  "anforande": {
    "dok_hangar_id": "4703963",
    "dok_id": "H409102",
    "dok_titel": "Protokoll 2016/17:102 Fredagen den 28 april",
    "dok_rm": "2016/17",
    "dok_nummer": "102",
    "dok_datum": "2017-04-28 00:00:00",
    "avsnittsrubrik": "Aktuell debatt om attentatet i Stockholm",
    "underrubrik": null,
    "kammaraktivitet": "aktuell debatt",
    "anforande_id": "ff989fe0-bc3b-e711-9452-00262d0d0c40",
    "anforande_nummer": "19",
    "talare": "Beatrice Ask (M)",
    "parti": "M",
    "anforandetext": "<p>Herr talman! Det är lite märkligt när vi ska diskutera något så allvarligt som terrorism och terroristdåd att diskussionen hela tiden återkommer till frågan vem som var först. Med den erfarenhet jag har kan jag konstatera att de här frågorna har varit på agendan under många år. Inte minst från Moderaterna har vi ofta drivit de här frågorna.</p><p>Det är viktigt att innehållet och det genomarbetade underlaget till förslagen finns på papper. Jag nämnde i mitt inledningsanförande vår partimotion om terroristbekämpning. Den innehåller 26 olika konkreta förslag som är genomarbetade. Det är frågor som vi har arbetat med i många år. Jag tror att till exempel Säkerhetspolisens möjligheter att få tillgång till information från signalspaning har varit med i mitt arbete i minst tio år. Det har inte varit någon enkel fråga. Det är inte någon enkel fråga och kommer inte att vara en enkel fråga, men det är nödvändigt.</p><p>Demokrati fungerar på det sättet att det inte räcker med att bara ha idéer. Man måste också övertyga fler och åstadkomma en majoritet.</p><p>Eftersom tryggheten och säkerheten i landet är en av statens viktigaste uppgifter tycker vi moderater att det är angeläget att samarbeta med så många som möjligt för att säkerställa att vi åstadkommer det medborgarna kan förvänta sig. Därför är det också viktigt att vara lyhörd och att lyssna. Då fungerar det inte när någon ställer sig i hörnet och säger \"jag var först!\" när det dessutom inte är sant.</p><p>Hade Sverigedemokraterna funnits på 1700-talet, när Jonas Alströmer införde potatisen, skulle ni först ta ifrån honom den äran i dag och sedan påstå att hade inte Sverigedemokraterna funnits på 1700-talet hade vi inte haft någon potatis i dag. Det är ju befängt! </p><p>Låt oss fokusera på det om är viktigt, nämligen de konkreta åtgärder som är nödvändiga för att förstärka Sveriges förmåga att förebygga, ingripa mot och lagföra dem som ägnar sig åt terrorism.</p><p>(Applåder)</p>",
    "intressent_id": "0262017901513",
    "rel_dok_id": "H4C120170428ad",
    "replik": "N",
    "systemdatum": "2017-05-18 13:27:08"
  }
}