﻿{
  "anforande": {
    "dok_hangar_id": "4703370",
    "dok_id": "H409101",
    "dok_titel": "Protokoll 2016/17:101 Torsdagen den 27 april",
    "dok_rm": "2016/17",
    "dok_nummer": "101",
    "dok_datum": "2017-04-27 00:00:00",
    "avsnittsrubrik": "Väg- och fordonsfrågor",
    "underrubrik": null,
    "kammaraktivitet": "ärendedebatt",
    "anforande_id": "4c7aecae-bb3b-e711-9452-00262d0d0c40",
    "anforande_nummer": "140",
    "talare": "Sten Bergheden (M)",
    "parti": "M",
    "anforandetext": "<p>Herr ålderspresident! Leif Pettersson står här och säger att ingenting har hänt. Alla utredningar var klara. Sedan tog ni över. Nu har ni suttit i tre år. Finns någon alkobom uppsatt i Sverige? Nej, de har lånats ut till Finland av regeringen. De testas i Finland. Ni fick inte upp en enda bom. Jag vet hur många möten ni var med på. Det är väl bara att sätta upp dem.</p><p>Vi besökte Volvo i Göteborg och diskuterade längre och tyngre lastbilar. Då var det för Leif Pettersson i opposition inte några problem att lova att frågan skulle lösas. Nu måste Leif Pettersson lyda Regeringskansliet, och då har det visat sig helt omöjligt med Miljöpartiet vid ratten att genomföra det Leif Pettersson pratade om före valet.</p><p></p><p>Leif Pettersson tog även upp frågan om klampningen. Hur många har inte hört när Leif Pettersson och Anders Ygeman stått i Almedalen och i övriga delar av landet och sagt att när de tar över ska de klampa på riktigt. Nu har den här regeringen haft tre år på sig. Man har inte lyckats lösa 24timmarsfrågan än, och man har inte lyckats klampa på riktigt. Före valet var denna fråga lätt, men det är inte lika lätt när man sitter i regeringsställning i Rosenbad. Då kommer inte någonting fram, och frågan har inte lösts efter tre år - den som var så oerhört lätt att lösa före valet.</p><p>Ta vara på det arbete vi har gjort och den hjälp vi i Alliansen ger för att få till 74-tonslösningen på våra vägar. Jag tror att Leif Pettersson i dag är bakbunden av Miljöpartiet, och jag tror att du, Leif Pettersson, är glad att Alliansen och en majoritet i trafikutskottet fullständigt kör över er i frågan.</p>",
    "intressent_id": "0828721176319",
    "rel_dok_id": "H401TU14",
    "replik": "Y",
    "systemdatum": "2017-05-18 13:19:08"
  }
}