﻿{
  "anforande": {
    "dok_hangar_id": "4706363",
    "dok_id": "H409103",
    "dok_titel": "Protokoll 2016/17:103 Tisdagen den 2 maj",
    "dok_rm": "2016/17",
    "dok_nummer": "103",
    "dok_datum": "2017-05-02 00:00:00",
    "avsnittsrubrik": "Svar på interpellation 2016/17:389 om evenemangslistan",
    "underrubrik": null,
    "kammaraktivitet": "interpellationsdebatt",
    "anforande_id": "e11f8197-5344-e711-9450-00262d0d7125",
    "anforande_nummer": "118",
    "talare": "Olof Lavesson (M)",
    "parti": "M",
    "anforandetext": "<p>Herr talman! Jag tycker att frågan om en evenemangslista ganska tydligt visar på de problem som kan uppstå när man i opposition är snabb att besluta om tillkännagivanden som man sedan själv måste hantera efter ett maktskifte.</p><p> STYLEREF Kantrubrik \\* MERGEFORMAT Svar på interpellationer</p><p>Tongångarna här i riksdagen var ganska höga när ministerns eget parti drev igenom förslaget med en evenemangslista. Nu är man lite mer ödmjuk inför den problematik som förslaget innebär, och det är jag tacksam för.</p><p>Kulturministern navigerar med viss försiktighet i debatten, och det har jag förståelse för. I andra sammanhang har hon varit mer tydlig kring problemen, och jag är också glad över det senaste inlägget där hon verkligen beskriver de problem som en lista skulle innebära. Ibland känns det som om kulturministern skulle vara en utmärkt debattör mot sitt eget förslag.</p><p>I ett skriftligt svar på en fråga från Rossana Dinamarca tidigare i vår konstaterar kulturministern att den tekniska utvecklingen har sprungit iväg och att allt fler tv-tjänster distribueras via bredband och tas emot på andra skärmar. Kravet på befolkningstäckning kan därmed redan anses vara uppfyllt.</p><p>Även här i dag talar ministern om näringsfriheten, rätten till immateriell egendom, vikten av fri konkurrens och även idrottens självständighet.</p><p>Till detta kan läggas de ekonomiska konsekvenserna för de programbolag som utestängs från att sända evenemangen och därmed går miste om stora annonsintäkter. Dessutom skulle det riskera att kraftigt öka kostnaderna för Sveriges Television, som skulle förväntas sända betydligt fler evenemang och därmed också få bära större rättighetskostnader. En faktura till Kulturdepartementet är väl att vänta.</p><p>Införandet av en evenemangslista skulle därmed inte bara innebära ett ingrepp i näringsfriheten och möjligheterna till effektiv konkurrens, utan dessutom riskera ytterligare ingrepp i public services oberoende, då det skulle resas krav och förväntningar kring vad och vilka program som behöver sändas i någon av de rikstäckande kanalerna.</p><p>Det är också uppseendeväckande, herr talman, att regeringen i och med förslaget om en evenemangslista väljer att frångå en lång tradition: att idrottsrörelsens självständighet respekteras och försvaras. Det handlar inte bara om rätten att få uppleva större evenemang, utan också om idrottsrörelsens möjlighet att få skälig ersättning för sina rättigheter. Om regeringen skulle besluta att kraftigt begränsa möjligheten för fler aktörer att konkurrera om evenemangen skulle också idrottsrörelsens intäkter riskeras.</p><p>Att sedan staten listar vilka evenemang och program som svenska folket bör se är en saga i sig. Det är bara att se på den lista som föreslås. Det är ett antal idrottsevenemang som föranleder staten att göra de här kraftiga ingreppen i näringsfriheten. Men något annat som skulle vara riksintresse verkar det inte finnas. Kulturministern nämner att det skulle kunna finnas kulturevenemang. Den enda icke-idrottsliga aktivitet som finns på listan är Nobelfesten - inte Nobelprisutdelningen, herr talman, utan Nobelfesten. Att se några av världens främsta hjärnor komma till Stockholm och få ta emot pris ur konungens hand är uppenbarligen mindre viktigt än att se statsministern äta glass.</p><p>Snälla kultur- och demokratiministern! Ministern efterlyser kloka beslut. Det absolut klokaste beslutet är väl att lägga ned det här. Släpp förslaget! Det finns faktiskt jättebra regleringar i dag som åstadkommer precis det som ministern vill uträtta. Det är bättre att ägna sig åt och fokusera på att skapa bra förutsättningar för public service och bra förutsättningar för teknik som gör att man kan uppleva detta i hela landet än att lägga ytterligare timmar och tid på en evenemangslista som ändå aldrig kommer att bli verklighet.</p>",
    "intressent_id": "0448155122323",
    "rel_dok_id": "H410389",
    "replik": "N",
    "systemdatum": "2017-05-29 11:46:44"
  }
}