﻿{
  "anforande": {
    "dok_hangar_id": "4703963",
    "dok_id": "H409102",
    "dok_titel": "Protokoll 2016/17:102 Fredagen den 28 april",
    "dok_rm": "2016/17",
    "dok_nummer": "102",
    "dok_datum": "2017-04-28 00:00:00",
    "avsnittsrubrik": "Svar på interpellation 2016/17:368 om arbetskraftsinvandring",
    "underrubrik": null,
    "kammaraktivitet": "interpellationsdebatt",
    "anforande_id": "17999fe0-bc3b-e711-9452-00262d0d0c40",
    "anforande_nummer": "37",
    "talare": "Johanna Jönsson (C)",
    "parti": "C",
    "anforandetext": "<p>Herr talman! Och så blev jag förvirrad igen. Precis som när Mikael Damberg var ute och viftade i dessa frågor som såväl näringsminister som privatperson och socialdemokrat och gjorde det väldigt otydligt vad som egentligen är regeringens linje väljer migrationsministern nu att ägna en stor del av sin tid åt att prata om vad Socialdemokraterna vill i stället för att redogöra för vad regeringen vill. Det var ju därför migrationsministern kallades hit - interpellationen är riktad till regeringen.</p><p>Regeringen består av både Miljöpartiet och Socialdemokraterna, och där är det er kompromiss som gäller. Att då välja att argumentera för en annan linje än regeringens är ju intressant och ett val, men det var inte riktigt det jag frågade efter och som jag vill veta. Det jag vill veta är vad regeringen kommer att göra i dessa frågor. Det finns oerhört mycket att göra.</p><p>För att svara om Socialdemokraternas linje, även om jag inte tycker att det är lika relevant som vad regeringen tycker, vill ändå de allra flesta företag hitta personal i Sverige. Det är billigare och enklare, och man behöver inte vänta på långa handläggningstider.</p><p>Jag har suttit med städföretag på Gotland som har beskrivit i detalj hur de har tagit emot personer från Arbetsförmedlingen om och om igen men att det inte har fungerat. I stället har man gått vidare med att försöka rekrytera på asylboenden och där hittat några personer som kan fungera, men man funderar ändå på om man behöver ta till arbetskraftsinvandring för att klara det.</p><p>Det handlar inte om att man behöver personer med kompetens, om man nu inte tycker att det är en kompetens att gå upp tidigt på morgonen, dyka upp på arbetet och faktiskt göra det som krävs. Detsamma gäller som sagt Kevin på Rosegarden. Han har försökt och försökt. </p><p>Då är frågan: Vad är hindren där? Då behöver regeringen i så fall rätta till det, så att man på ett bättre och vettigare sätt kan rekrytera den kompetens och de personer som redan finns i Sverige. Men det är en fråga som ligger lite grann vid sidan av det som vi diskuterar här nu. </p><p>När det gäller att det är arbetstagaren som får ta hela smällen håller jag med om att systemet var felriggat där. Vi från Centerpartiet har därför bland annat föreslagit att detta ska ändras. Vi vill att man ska kunna byta yrke och arbetsgivare redan från början om missförhållanden finns, i stället för att man ska bli utvisad. Vi vill också att den arbetsgivare som utnyttjar arbetstagare eller som begår ett misstag som leder till problem på detta område ska drabbas av en sanktionsavgift, ett straff helt enkelt. </p><p> STYLEREF Kantrubrik \\* MERGEFORMAT Svar på interpellationer</p><p>Men detta ska inte drabba arbetstagaren som i dag. Det är nämligen det som vi ser, alltså att dessa små saker leder till att människor utvisas. Det är så många som nu omfattas. Jag blir kontaktad nästan dagligen av personer som beskriver antingen att de redan har fått beslut eller att de vet att det finns vissa saker i deras ärenden som kommer att leda till ett avslagsbeslut förr eller senare. Detta är saker som måste rättas till. </p><p>Socialdemokraterna, och även Miljöpartiet, stod bakom utskottsinitiativet och det tillkännagivande som riksdagen riktade till regeringen redan i december, där det sas att detta måste rättas till. Personer ska inte utvisas på grund av små misstag, särskilt inte när man faktiskt har försökt göra allting rätt. Vi vet att det kan handla om så lite som 35 kronor för lite i lön en enskild månad. Det kan handla om pensionsinbetalningar som startade en månad för sent. Det kan också handla om fel från Migrationsverket eller Skatteverket. </p>",
    "intressent_id": "0495218011521",
    "rel_dok_id": "H410368",
    "replik": "N",
    "systemdatum": "2017-05-18 13:27:18"
  }
}