﻿{
  "anforande": {
    "dok_hangar_id": "4703370",
    "dok_id": "H409101",
    "dok_titel": "Protokoll 2016/17:101 Torsdagen den 27 april",
    "dok_rm": "2016/17",
    "dok_nummer": "101",
    "dok_datum": "2017-04-27 00:00:00",
    "avsnittsrubrik": "(forts. från § 11) Tillgång till betalkonto med grundläggande funktioner (forts. FiU33)",
    "underrubrik": null,
    "kammaraktivitet": null,
    "anforande_id": "417aecae-bb3b-e711-9452-00262d0d0c40",
    "anforande_nummer": "130",
    "talare": "Emil Källström (C)",
    "parti": "C",
    "anforandetext": "<p>Herr ålderspresident! Jag ska vara mycket öppen med att jag har ändrat mig angående behovet av lagstiftning och åtgärder från statens sida.</p><p>Jag hoppades länge att det här problemet var någonting som berörda aktörer skulle lösa eftersom politiken har blivit allt tydligare med att situationen inte duger - någonting måste hända; ett antal problem måste lösas. Jag hoppades att det skulle räcka med den signalen, för det allra bästa vore om man slapp lagstifta och slapp reglera detta. Det blir väldigt lätt alltför snåriga regleringar.</p><p></p><p>Jag försökte vara så tydlig jag kunde i mitt anförande. Jag tror att lösningen kommer att vara en kombination av hårdare krav på dem som i dag skeppar kontanter runt vårt land. Det handlar inte minst om det bolag som bankerna äger tillsammans som handhar bankomaterna. Jag tror att handeln kommer att vara en del av den lösningen.</p><p>Men i vissa fall när det gäller orter som i dag helt och hållet saknar såväl bankomat som bankkontor och liknande tror jag att det kan finnas anledning för staten - möjligen i form av Riksbanken, möjligen i form av någon annan lämplig gren av vår offentliga sektor - att, i likhet med fallen med trafik till Gotland och nattåg till övre Norrland, faktiskt upphandla och se till att den delen av den grundläggande servicen finns på plats.</p><p>Jag tror inte att det är så enkelt att man bara kan lägga hela denna fråga i en enda aktörs knä och säga: Lös problemet! Jag tror att det kan föra med sig nackdelar. Jag tror att lösningen kommer att vara lite mer nyanserad än så. Men faktum kvarstår: Det finns ett problem att lösa, och det finns ett antal aktörer som måste ta tag i det gemensamt. Långbänkar och ytterligare utredningar duger inte. Vi förväntar oss resultat.</p>",
    "intressent_id": "0313210809828",
    "rel_dok_id": null,
    "replik": "Y",
    "systemdatum": "2017-05-18 13:19:08"
  }
}