﻿{
  "anforande": {
    "dok_hangar_id": "4546972",
    "dok_id": "H40910",
    "dok_titel": "Protokoll 2016/17:10 Onsdagen den 28 september",
    "dok_rm": "2016/17",
    "dok_nummer": "10",
    "dok_datum": "2016-09-28 00:00:00",
    "avsnittsrubrik": "Riksrevisionens rapport om ekonomiska risker för staten i fråga om gruvavfall",
    "underrubrik": null,
    "kammaraktivitet": null,
    "anforande_id": "39d5f233-e195-e611-9441-00262d0d7125",
    "anforande_nummer": "46",
    "talare": "Maria Strömkvist (S)",
    "parti": "S",
    "anforandetext": "<p>Fru talman! Återigen: Sverige ska vara ett föregångsland för en hållbar utveckling inom gruvindustrin, och vi måste då också ge gruvindustrin möjligheten. Med en mineralavgift som är så hög som 10 procent tror vi inte att det skulle vara möjligt för de nya företagen att komma.</p><p> STYLEREF Kantrubrik \\* MERGEFORMAT Riksrevisionens rapport om ekono-miska risker för staten i fråga om gruvavfall</p><p>När det gäller prövningarna från Bergsstaten vet jag från min kommun att de prövningar som görs innan man ens får tillstånd att provborra är mycket mer seriösa i dag. Det är hårdare krav. Men att säga att man ska ha en plan för hur man ska betala när man inte ens vet om man kommer att ta upp någon malm är bekymmersamt. Det är väl också det som regeringen nu bereder: hur man ska synka ihop de här två processerna.</p>",
    "intressent_id": "0136801772915",
    "rel_dok_id": null,
    "replik": "Y",
    "systemdatum": "2016-10-19 11:49:08"
  }
}