﻿{
  "anforande": {
    "dok_hangar_id": "4703370",
    "dok_id": "H409101",
    "dok_titel": "Protokoll 2016/17:101 Torsdagen den 27 april",
    "dok_rm": "2016/17",
    "dok_nummer": "101",
    "dok_datum": "2017-04-27 00:00:00",
    "avsnittsrubrik": "Medborgarskap, Migration och asylpolitik, Anhöriginvandring och Arbetskraftsinvandring",
    "underrubrik": null,
    "kammaraktivitet": "ärendedebatt",
    "anforande_id": "bc79ecae-bb3b-e711-9452-00262d0d0c40",
    "anforande_nummer": "4",
    "talare": "Johan Forssell (M)",
    "parti": "M",
    "anforandetext": "<p>Fru ålderspresident! Det är intressant att höra dessa frågor. Det är en nyhet för mig om regeringen vill avskaffa EBO. Jag har inte noterat det än så länge. Regeringen har styrt i 31 månader, och det har funnits gott om tillfällen att i så fall göra det. Om man tänker lägga fram detta förslag har jag ett antal frågor, till exempel hur de människor som i dag inte bor i EBO under rådande bostadsbrist ska hitta någonstans att bo. Men Yilmaz Kerimo får gärna utveckla det lite mer i sin nästa replik. </p><p>Jag presenterade i mitt anförande flera förslag till lösningar. Jag tyckte att jag var mycket tydlig, inte minst om skuggsamhället. Jag hade fem förslag, och det är fem förslag fler än vad jag tror att regeringen har lyckats presentera. Jag presenterade förslag kopplade till arbetskraftsinvandring och om helhetsbedömningar. Om man fick betalt varje gång regeringen hanterar ett samhällsproblem i form av en utredning eller kanske en samordnare, då hade vi nog alla varit förmögna vid det här laget. </p><p>Jag kan konstatera att klockan går. Problemen finns inte bara kvar, utan de ökar i betydelse. Att då höra från en socialdemokrat att vi inte har presenterat förslag när det faktiskt är ni som styr detta land är mycket märkligt. </p><p>Låt mig även tala om kommunplaceringarna. Vi sa mycket tidigt att det kommer att bli nödvändigt att faktiskt bromsa utslussningen från Migrationsverket av den enkla orsaken att antalet bostäder inte räcker till, framför allt som en följd av att den nödvändiga politiken inte finns på plats för att möjliggöra detta bostadsbyggande. Det fick vi utstå mycket kritik för, inte minst i denna kammare. Och se vad som händer några månader senare. Nu vill alltså det socialdemokratiskt styrda Malmö i praktiken inte längre ta emot nyanlända. Låt oss gärna diskutera dessa frågor. Men börja med att sopa rent framför egen dörr. </p>",
    "intressent_id": "0126797549328",
    "rel_dok_id": "H401SfU14, H401SfU15, H401SfU16, H401SfU17",
    "replik": "Y",
    "systemdatum": "2017-05-18 13:18:52"
  }
}