﻿{
  "anforande": {
    "dok_hangar_id": "4546972",
    "dok_id": "H40910",
    "dok_titel": "Protokoll 2016/17:10 Onsdagen den 28 september",
    "dok_rm": "2016/17",
    "dok_nummer": "10",
    "dok_datum": "2016-09-28 00:00:00",
    "avsnittsrubrik": "Ett svenskt tonnagebeskattningssystem",
    "underrubrik": null,
    "kammaraktivitet": "ärendedebatt",
    "anforande_id": "2ad5f233-e195-e611-9441-00262d0d7125",
    "anforande_nummer": "33",
    "talare": "Rasmus Ling (MP)",
    "parti": "MP",
    "anforandetext": "<p>Fru talman! I dag ska vi fatta ett väldigt bra beslut, som vi debatterar nu.</p><p>Vi ska äntligen ge den svenska sjöfartsnäringen bättre villkor för att verka i Sverige. Det finns flera skäl till att det är bra att göra det. Det är bra för svenska jobb, näringslivet och konkurrenskraften. Det är viktigt för att effektivisera transporterna, och därmed är det också en viktig miljöfråga.</p><p>En stor fördel med att frakta gods på vatten är att infrastrukturen ligger fast. Vi sliter inte på havet - jag lovar - hur mycket vi än använder det. Det är också energieffektivt att frakta på vatten, och det går att transportera stora volymer på samma fraktfartyg.</p><p>Detta är bra för svenska jobb. När frågan bereddes i utskottet framkom att detta skapar goda förutsättningar för att återigen få en stor flotta under svensk flagg. Parterna har angett att det är viktigt att få systemet på plats så snart som möjligt och att man slipper ytterligare fördröjningar. Det är därför bra att vi har kunnat hantera denna fråga snabbt sedan vi fick klartecken från EU-kommissionen.</p><p>Lagstiftningen kommer att innebära att företag kan välja mellan den konventionella beskattningen och den nya tonnagebeskattningen. Denna flexibilitet är bra. Den som har gått in i systemet får vara i det i tio år, men det är frivilligt att gå in.</p><p>Frågan har utretts under lång tid. Redan på Göran Perssons tid tillsattes en utredning, Tonnageskatteutredningen, som blev klar alldeles före valet 2006. Men sedan hände ingenting under alla år som alliansregeringen styrde, trots att det redan 2007 kom ett tillkännagivande från riksdagen om att en lagstiftning skulle komma på plats.</p><p>Det är nio och ett halvt år sedan utredningen var klar; det har helt enkelt gått väldigt lång tid. Man fördröjde detta och gick inte vidare med förslagen. Men det är glädjande att vi i dag har en samstämmighet kring att vi ska klubba igenom och få systemet på plats.</p><p>Fru talman! Sverigedemokraterna hade i sitt anförande synpunkter och sa att Miljöpartiet pratar och inte levererar. Nu får vi systemet på plats. Jag har läst Sverigedemokraternas yttrande från förra året, när vi hanterade skattefrågorna i budgeten, och kan konstatera att det inte fanns med något om tonnageskatten. Det fanns en massa andra förslag om att höja restaurangmomsen och göra det ytterligare förmånligt med reseavdrag för bil och alltså missgynna kollektivtrafikresenärer ännu mer än i dag. Det fanns också förslag om att ta bort skattereduktionen för mikroproduktion av el och en massa annat, men ingenting om tonnageskatten, som vi beslutar om i dag.</p><p> STYLEREF Kantrubrik \\* MERGEFORMAT Ett svenskt tonnage-beskattningssystem</p><p>Fru talman! Jag yrkar bifall till förslaget i betänkandet.</p><p>(Applåder)</p>",
    "intressent_id": "0744139167426",
    "rel_dok_id": "H401SkU6",
    "replik": "N",
    "systemdatum": "2016-10-19 11:49:06"
  }
}