﻿{
  "anforande": {
    "dok_hangar_id": "4702552",
    "dok_id": "H409100",
    "dok_titel": "Protokoll 2016/17:100 Onsdagen den 26 april",
    "dok_rm": "2016/17",
    "dok_nummer": "100",
    "dok_datum": "2017-04-26 00:00:00",
    "avsnittsrubrik": "Policyramverk för svenskt utvecklingssamarbete och humanitärt bistånd",
    "underrubrik": null,
    "kammaraktivitet": "ärendedebatt",
    "anforande_id": "67a891a8-413a-e711-9452-00262d0d0c40",
    "anforande_nummer": "118",
    "talare": "Margareta Cederfelt (M)",
    "parti": "M",
    "anforandetext": "<p>Herr ålderspresident! Jag borde inte bli förvånad, men jag blir det likväl varje gång jag står här i talarstolen och tar repliker på något statsråd. Jag säger samma sak igen. Ni svarar från regeringens sida inte på frågorna, utan ni går i stället till anfall. Ni följer principen att anfall är bästa försvar. Så är det inte. Bästa sättet för er är att tala om vad det är ni vill.</p><p>Ni påstår någonting sådant som till exempel att det är hårda prioriteringar. Nej, det är det inte. Vad det handlar om är att regeringen ska kunna ge en liten fingervisning och kunna prioritera ur hela detta stora vida dokument. Jag kan inte se att jag har fått någonting i form av en prioritering. Men det är klart att i det perspektivet kanske alla former av prioriteringar framstår som hårda. Snälla, ge oss någonting som talar om prioriteringarna! Det har ni inte gjort, inte ett dugg!</p><p>Jag tycker att statsrådet borde ta till sig av kritiken. Det framförs kritik här när det gäller förankringen från Moderaterna, Centerpartiet, Liberalerna och KD i vår reservation. Jag har också hört Hans Linde från Vänsterpartiet här uttrycka kritik. Det finns en kritik i Sveriges riksdag. Det bör regeringen ta fasta på. Det är vi som ska granska regeringen. Jag hoppas att ni medvetna om att vi behöver något som är uppföljningsbart.</p><p>Vi kommer inte att låta bli att kritisera bara för att det saknas mål. Då blir den grundläggande frågan kritik på den punkten. Ni måste prestera. Det är viktigt inte bara för riksdagens skull utan för att biståndet ska användas där det gör mest nytta och kommer människor till godo för en positiv utveckling. Det är vad jag är ute efter och prioriterar.</p>",
    "intressent_id": "0970259744617",
    "rel_dok_id": "H401UU11",
    "replik": "Y",
    "systemdatum": "2017-05-16 16:13:00"
  }
}