﻿{
  "anforande": {
    "dok_hangar_id": "4703963",
    "dok_id": "H409102",
    "dok_titel": "Protokoll 2016/17:102 Fredagen den 28 april",
    "dok_rm": "2016/17",
    "dok_nummer": "102",
    "dok_datum": "2017-04-28 00:00:00",
    "avsnittsrubrik": "Aktuell debatt om attentatet i Stockholm",
    "underrubrik": null,
    "kammaraktivitet": "aktuell debatt",
    "anforande_id": "f8989fe0-bc3b-e711-9452-00262d0d0c40",
    "anforande_nummer": "12",
    "talare": "Adam Marttinen (SD)",
    "parti": "SD",
    "anforandetext": "<p>Herr talman! Medvetna missförstånd verkar vara mina motdebattörers melodi för den här debatten. Samtal är förutsättningen för att klargöra sådana missförstånd, men något intresse för samtal har vi som bekant inte sett.</p><p>Vi är nog många som har fått frågor från journalisterna de senaste veckorna om vilka nya åtgärder vi vill vidta för att motverka nya attentat, men jag är nog ganska ensam om att inte ha något riktigt bra svar på de här frågorna.</p><p>Våra förslag är nämligen inte speciellt nya på något sätt. De har hanterats här i riksdagen i olika sammanhang och röstats ned av de andra partierna, ibland i flera omgångar.</p><p>En omröstning i riksdagen där frågor med koppling till terrorism hanterades var i det processrättsliga motionsbetänkandet som vi debatterade här i kammaren den 6 april, det vill säga dagen före terrorattentatet på Drottninggatan. Då föreslog Sverigedemokraterna att återvändande IS-terrorister som lyckats ta sig in i vårt land automatiskt ska häktas för att utredas mot den lagstiftning som finns på plats.</p><p>Vi föreslog också utökad kameraövervakning även vid platser som inte är särskilt brottsutsatta, vilket vi fick ett tillkännagivande om, och att polisen ska ha tillgång till materialet efter behov. Det har ju visat sig att polisen i andra länder har haft stor nytta av kameraövervakning för att snabbt hitta terrorister och motverka nya attentat. Detta förslag röstades ned av samtliga andra partier, trots att ni i den här debatten säger att ni efterlyser det.</p><p>Om vi går tillbaka ett par år i tiden till hösten 2015, när regeringen tog fram den svenska strategin mot terrorism, <em>Förebygga, förhindra och försvåra</em>, hade vi en följdmotion med förslag som vi ansåg kompletterade regeringens strategidokument, bland annat att straffa varje form av deltagande i eller stöd till terrororganisationer.</p><p>Det är något som känns igen. Närmare bestämt är det just det förslaget som i dag är på allas läppar, men 2015 röstades det ned. Justitieministern har nu efter terrorattentatet den 7 april lyft fram just kriminalisering av deltagande i terrororganisation. Johansson har sagt att regeringens strategi <em>Förebygga, förhindra och försvåra</em> innehåller luckor som nu ska täppas till, bland annat med just det förslag som Sverigedemokraterna efterfrågade när regeringens strategidokument antogs 2015.</p><p>Ett annat förslag som vi presenterade då var att förbjuda propaganda för terrorism. I dag sprids det propaganda för terrorism i sociala medier, i religiösa församlingar och i många andra sammanhang.</p><p>Just att förbjuda propaganda för terrorism och att kriminalisera deltagande i terrororganisationer är nödvändiga förslag för att skapa en möjlighet att straffa terrorister som kanske rest till Mellanöstern och bevisligen på olika sätt deltagit i terrorkriget men där enskilda handlingar kan vara svåra att styrka i rättegång.</p><p>Genom dessa nya kriminaliseringar blir det enklare att lagföra dessa terrorister och samtidigt vidta åtgärder som motverkar spridning av terrorpropaganda.</p><p> STYLEREF Kantrubrik \\* MERGEFORMAT Aktuell debatt om attentatet i Stockholm</p><p>Jag vill också kommentera det som regeringen genom Anders Ygeman har sagt sig aldrig vilja överväga, ett förslag som är verklighet i många europeiska länder: att frånta medborgarskapet för personer som har valt att kriga för exempelvis Islamiska staten.</p><p>Vi har både föreslagit att personer med dubbla medborgarskap ska fråntas det svenska medborgarskapet och därefter utvisas på livstid och att utreda hur vi ska kunna frånta medborgarskap för dem som endast har ett svenskt.</p><p>På en rak fråga om Sverigedemokraterna genom vår politiska makt vill verka för att det blir fler eller färre islamistiska terrorister i vårt land är Sverigedemokraterna faktiskt det enda partiet som på riktigt kan hävda att vi arbetar för att det ska bli färre.</p><p>Genom samtliga andra partiers hållning till medborgarskapsfrågan har ni accepterat att 150 islamistiska terrorister har kunnat komma tillbaka till Sverige. Ni har garanterat dessa terrorister en ovillkorlig rätt att vistas i Sverige som svenska medborgare för resten av sina liv.</p><p>Detta, herr talman, är ett oförlåtligt svek som jag hoppas att väljarna värderar vid nästkommande val.</p>",
    "intressent_id": "0831039938224",
    "rel_dok_id": "H4C120170428ad",
    "replik": "N",
    "systemdatum": "2017-05-18 13:27:08"
  }
}