﻿{
  "anforande": {
    "dok_hangar_id": "4703370",
    "dok_id": "H409101",
    "dok_titel": "Protokoll 2016/17:101 Torsdagen den 27 april",
    "dok_rm": "2016/17",
    "dok_nummer": "101",
    "dok_datum": "2017-04-27 00:00:00",
    "avsnittsrubrik": "Frågestund",
    "underrubrik": "Klimatsamarbete med Kalifornien",
    "kammaraktivitet": "frågestund",
    "anforande_id": "e679ecae-bb3b-e711-9452-00262d0d0c40",
    "anforande_nummer": "44",
    "talare": "Stefan Nilsson (MP)",
    "parti": "MP",
    "anforandetext": "<p>Fru talman! Jag har en fråga till statsrådet Lövin, som gäller Kalifornien.</p><p>Klimat- och miljöministern besökte i förra veckan Kalifornien och skrev under ett avtal med dess guvernör. President Trump har ju nu börjat avveckla stora delar av den klimatpolitik som president Obama drev igenom, men i USA har de olika delstaterna goda möjligheter att gå före på det här området. Kalifornien ligger allra längst fram i det arbetet.</p><p>Min fråga är: Vad ingår i avtalet med Kalifornien?</p>",
    "intressent_id": "0791649913415",
    "rel_dok_id": "H4C120170427fs",
    "replik": "N",
    "systemdatum": "2017-05-18 13:18:57"
  }
}