﻿{
  "anforande": {
    "dok_hangar_id": "4702552",
    "dok_id": "H409100",
    "dok_titel": "Protokoll 2016/17:100 Onsdagen den 26 april",
    "dok_rm": "2016/17",
    "dok_nummer": "100",
    "dok_datum": "2017-04-26 00:00:00",
    "avsnittsrubrik": "Nya utstationeringsregler",
    "underrubrik": null,
    "kammaraktivitet": "ärendedebatt",
    "anforande_id": "f2a791a8-413a-e711-9452-00262d0d0c40",
    "anforande_nummer": "13",
    "talare": "Désirée Pethrus (KD)",
    "parti": "KD",
    "anforandetext": "<p>Herr ålderspresident! När vi gick igenom lagstiftningen efter Lavalärendet sa vi att alla företag som kommer hit ska veta vilka villkor som gäller i Sverige, den så kallade hårda kärnan. Följer man inte detta kan facket gå in och vidta stridsåtgärder.</p><p>Detta innebär att företagen i de andra länderna måste få veta vilka villkor som gäller. I princip skickar alla fackliga organisationer in till Arbetsmiljöverket vilka avtal som ska gälla. Men Byggnads gör inte det. Man vägrar att skicka in vilka villkor som ska följas. Det är en bransch man verkligen vill ska skicka in, eftersom de flesta som kommer hit ska jobba i den branschen.</p><p>Kan Raimo Pärssinen svara på varför Byggnads ständigt vägrar att skicka in kollektivavtalet, så att man vet vad som gäller? Facken kan ju vidta stridsåtgärder om företagen inte följer det, om de inte har löner som är likvärdiga med svenska och inte har semesterregler och olika arbetsmiljöregler.</p><p> STYLEREF Kantrubrik \\* MERGEFORMAT Nya utstationerings-regler</p><p>Det ni föreslår, att det ska vara särskilda kollektivavtal för utstationerade, är för långtgående enligt EU-rätten, menar vi. Det kan man inte införa.</p><p>I ert lagförslag skriver ni också att det ska finnas särskilda bestämmelser för de dokument som facket ska kunna begära ut. Vi menar att denna möjlighet redan finns i den lagstiftning vi har. Vi tycker att regeringen slår in öppna dörrar och gör det krångligare för företag som vill verka här. Säg i stället till facket att ange vad det är för kollektivavtal som ska följas och att vidta stridsåtgärder om företagen inte följer det. Då får vi ordning och reda på arbetsmarknaden.</p>",
    "intressent_id": "0860429409414",
    "rel_dok_id": "H401AU9",
    "replik": "Y",
    "systemdatum": "2017-05-16 16:12:45"
  }
}