﻿{
  "anforande": {
    "dok_hangar_id": "4703963",
    "dok_id": "H409102",
    "dok_titel": "Protokoll 2016/17:102 Fredagen den 28 april",
    "dok_rm": "2016/17",
    "dok_nummer": "102",
    "dok_datum": "2017-04-28 00:00:00",
    "avsnittsrubrik": "Aktuell debatt om attentatet i Stockholm",
    "underrubrik": null,
    "kammaraktivitet": "aktuell debatt",
    "anforande_id": "fa989fe0-bc3b-e711-9452-00262d0d0c40",
    "anforande_nummer": "14",
    "talare": "Johan Hedin (C)",
    "parti": "C",
    "anforandetext": "<p>Herr talman! I en allt osäkrare omvärld med en nyckfull stormakt i öst, en inte längre alldeles förutsebar bundsförvant i väst, ett Europa som riskerar att slitas isär och ett Frankrike där Sverigedemokraternas vänner i Front National faktiskt kan vinna presidentmakten måste vi ha råd att stärka vår krigsavhållande förmåga och vår yttre och inre säkerhet.</p><p>För att säkra rättsstatens funktion här hemma måste vi också investera. Allt detta kostar naturligtvis pengar.</p><p>Från Centerpartiets sida ser vi behovet, och för att alla människor i hela landet ska kunna känna en rimlig trygghet anslår vi i vårt förslag till vårbudget ett tillskott till polisen på 9 miljarder. Utöver detta har vi satsningar för att stärka polisen när det gäller just terrorbekämpning.</p><p>Vi behöver poliser som stannar kvar i yrket. För vissa poliser är det också önskvärt att man stannar kvar på samma tjänst över en längre tid för att man ska kunna bygga upp det förtroende som krävs för att människor ska våga lita på polisen.</p><p>Att styra med budget är lite som att styra med ett rep. Drar man bort medel försvinner verksamhet direkt, men det är inte automatiskt så att ny verksamhet får fart bara för att man skjuter till medel.</p><p>Det behövs andra drivkrafter och ett gott ledarskap. Ett sådant gott ledarskap måste finnas i alla led - från denna lagstiftande nivå, via regeringens styrning av myndigheterna till myndigheternas egna ledningssystem. Annars kommer det inte att gå.</p><p>Herr talman! Det behövs förstås även resurser. Polisen måste få bättre arbetsvillkor. Den viktigaste arbetsmiljöfaktorn är nog att man känner att man kan göra ett bra jobb om man anstränger sig.</p><p>Så är verkligen inte fallet för alla poliser i dag. Frustrationen är stor, och många känner sig otillräckliga. De behöver bli fler, och i vårt budgetalternativ säger vi till att börja med att polisen tillförs resurser för att utbilda och anställa 2 000 nya poliser för de kommande åren.</p><p>För att behålla poliser i yrket och för att alla poliser ska känna sig om inte satsade på, så åtminstone sedda, anslår vi medel för höjda polislöner med 2 000 kronor i månaden. Det kanske inte är så mycket, men det visar att vi tar deras situation på allvar. För att få loss fler arbetade polistimmar till trygghetsskapande och brottsbekämpande arbete avsätter vi också medel för 1 300 fler civilanställda.</p><p>I polisens äskande framgår att de behöver 200 miljoner kronor årligen för att kunna intensifiera arbetet med att bekämpa terrorism. De ska användas till att stärka det nationella insatskonceptet och den nationella insatsstyrkan. Även dessa 200 miljoner finns med i vårt budgetförslag.</p><p> STYLEREF Kantrubrik \\* MERGEFORMAT Aktuell debatt om attentatet i Stockholm</p><p>Men satsar man bara på polisen byggs andra flaskhalsar upp. Vi måste se hela rättskedjan och stärka den i alla dess led. Om vi satsar på polisen ska det också kunna växlas ut i ökad trygghet på gator och torg.</p><p>Både Åklagarmyndigheten och Nationellt forensiskt centrum har signalerat behov av förstärkning, och redan nu är det långa väntetider hos det senare. Detta har potentiellt allvarliga konsekvenser. Ju längre en brottsutredning drar ut på tiden, desto kallare blir spåren. Vittnen hinner glömma, människor flyttar och brottsoffret får vänta på sin upprättelse.</p><p>För att rättsprocesserna ska kunna fungera krävs ett gott vittnesskydd. Poliser som vi har talat med berättar att vittnesskyddet, trots att problemet med att människor inte vågar eller vill vittna är vida känt, är underfinansierat och att det går för långsamt när det måste samordnas med kommunerna och socialförvaltningen.</p><p>Vi satsar därför ytterligare 1 miljard för att stärka rättskedjan i alla dess delar. På så vis kommer fler brottslingar att kunna dömas, fler vardagsbrott att klaras upp och polisen stå bättre rustad att möta, hindra och lagföra terrorister.</p><p>Just nu pågår samtal mellan regeringen och allianspartierna för att utveckla den gemensamma strategin. Jag ska inte ta upp alla de förslag som Centerpartiet har spelat in i detta, men jag vill lyfta det viktigaste: kriminalisering av samröre med terrorstämplade organisationer. Det är i sig rimligt, och det skulle lösa många praktiska problem.</p><p>(Applåder)</p>",
    "intressent_id": "0204443909416",
    "rel_dok_id": "H4C120170428ad",
    "replik": "N",
    "systemdatum": "2017-05-18 13:27:08"
  }
}