﻿{
  "anforande": {
    "dok_hangar_id": "4703370",
    "dok_id": "H409101",
    "dok_titel": "Protokoll 2016/17:101 Torsdagen den 27 april",
    "dok_rm": "2016/17",
    "dok_nummer": "101",
    "dok_datum": "2017-04-27 00:00:00",
    "avsnittsrubrik": "Väg- och fordonsfrågor",
    "underrubrik": null,
    "kammaraktivitet": "ärendedebatt",
    "anforande_id": "5a7aecae-bb3b-e711-9452-00262d0d0c40",
    "anforande_nummer": "154",
    "talare": "Anders Åkesson (C)",
    "parti": "C",
    "anforandetext": "<p>Fru talman! Leif Pettersson nämner tre principer: klimat, trafiksäkerhet och bärighet. Det är självklart. Men låt då Trafikverket, Transportstyrelsen, forskning vid universitetet i Lund och så vidare - de som vi har till grund för detta och som är de experter vi har - tillsammans med näringen få driva på detta, Leif Pettersson! Ge dem inte märkliga direktiv från Regeringskansliet som leder till märkliga bubblor och böjar i vägen varje gång landsvägen möter en järnvägsterminal. Det är helt orimligt. Det leder till en ytterst kontraproduktiv utveckling.</p><p>Jag vet att förutsättningarna för till exempel skogsbruk skiljer sig åt över landet. Man bedriver det på olika sätt, det är olika hyggesstorlek och så vidare. Men jag har mött motsvarande diskussioner i södra Sverige där man kör på distans med tyngre fordon. Där har skogsindustrin med Trafikverket i stort samförstånd kunnat hitta vettiga stråk att använda. Det finns begränsningar därför att man har osäkerhet i broarnas bärighet, men man arbetar sig hela tiden framåt och får ett bra underlag för var bärighetspengarna ska användas.</p><p></p><p>Fru talman! Jag tycker att Leif Pettersson som företrädare för Socialdemokraterna ska ansluta sig till en positiv utvecklingspolitik för landets basindustri, jobb, utveckling och omställning till klimatsmart i stället för att låna sig till någon hittepåpolitik med märkliga begränsningar. Den går bara bakåt. Det är möjligt att i voteringen nästa vecka rösta med huvudmajoriteten. Det vore väldigt roligt.</p>",
    "intressent_id": "0677738818613",
    "rel_dok_id": "H401TU14",
    "replik": "Y",
    "systemdatum": "2017-05-18 13:19:09"
  }
}