﻿{
  "anforande": {
    "dok_hangar_id": "4703370",
    "dok_id": "H409101",
    "dok_titel": "Protokoll 2016/17:101 Torsdagen den 27 april",
    "dok_rm": "2016/17",
    "dok_nummer": "101",
    "dok_datum": "2017-04-27 00:00:00",
    "avsnittsrubrik": "Skogspolitik",
    "underrubrik": null,
    "kammaraktivitet": "ärendedebatt",
    "anforande_id": "907aecae-bb3b-e711-9452-00262d0d0c40",
    "anforande_nummer": "207",
    "talare": "Birger Lahti (V)",
    "parti": "V",
    "anforandetext": "<p>Fru ålderspresident! Absolut! Jag menade inte att alla skogsägare gör fel, men det får inte bli så att en skogsägare lägger fröträd på en plats där det inte lämpar sig. Det blir bara fel. Det är en helt annan sak om marken lämpar sig för kalhyggesfritt skogsbruk. Då ska det ske. Skogsstyrelsen borde uppmana och uppmuntra dem som har sådana marker att göra så.</p><p>Känner Stina Bergström till följande? I Tyskland kallas det för kalhyggesfritt skogsbruk om du använder fröträd. Då är det inte fråga om ett kalhyggesbruk eftersom du använder fröträd. Men så är det inte Sverige.</p><p>Benämningarna är olika. Helt klart tycker jag att vi kan använda oss mer av andra metoder i skogsbruket, men det ska göras på de ställen där det lämpar sig.</p><p>Om vi ska bygga i trä och få fram de material som ni också vurmar för behövs timmer. Du får inte ut timmer ur skogarna om det inte görs på rätt sätt. Du kan plockhugga, men avverkningarna blir dyrare och det går inte att få ut samma andel av det mest värdefulla som kan användas för att bygga. Men det är möjligt på de rätta markerna. Avverkningarna kan öka betydligt mer än i dag, men inte på alla marker.</p><p>Överläggningen var härmed avslutad. </p><p>(Beslut skulle fattas den 3 maj.)</p>",
    "intressent_id": "0825441263617",
    "rel_dok_id": "H401MJU13",
    "replik": "Y",
    "systemdatum": "2017-05-18 13:19:12"
  }
}