﻿{
  "anforande": {
    "dok_hangar_id": "4546972",
    "dok_id": "H40910",
    "dok_titel": "Protokoll 2016/17:10 Onsdagen den 28 september",
    "dok_rm": "2016/17",
    "dok_nummer": "10",
    "dok_datum": "2016-09-28 00:00:00",
    "avsnittsrubrik": "Regional anpassning av arbetsmarknadsutbildning",
    "underrubrik": null,
    "kammaraktivitet": "ärendedebatt",
    "anforande_id": "09d5f233-e195-e611-9441-00262d0d7125",
    "anforande_nummer": "2",
    "talare": "Désirée Pethrus (KD)",
    "parti": "KD",
    "anforandetext": "<p>Herr talman! Jag vill också yrka bifall, men till den kristdemokratiska reservationen i betänkandet.</p><p>I dag debatterar vi en skrivelse från regeringen som utgår från Riksrevisionens rapport om Arbetsförmedlingens upphandlingar av och anvisningar till arbetsmarknadsutbildningar. Den granskning som har gjorts visar att regeringen inte preciserar hur upphandlingen av arbetsmarknadsutbildningar ska gå till eller hur verksamheten ska organiseras för att uppfylla de mål som Arbetsförmedlingen har att förhålla sig till.</p><p>Arbetsförmedlingens egna analyser visar också att man anordnar arbetsmarknadsutbildningar som inte alltid motsvarar en brist på arbetsmarknaden. Det är lite anmärkningsvärt att de gör en sådan egen analys. I vissa fall anvisas platser till personer som inte har förutsättningar att tillgodogöra sig utbildningen.</p><p>När det handlar om att anpassa utbildningarna efter regional och lokal efterfrågan visar rapporten från Riksrevisionen att analysen sker på Arbetsförmedlingens huvudkontor. Det gör att man inte fullt ut tar till vara de lokala arbetsgivarnas rekryteringsbehov. Det är något jag ofta hör när jag är ute och reser i landet - utbildningarna är inte anpassade. Riksrevisionen tycker att man ska genomföra mindre omfattande, regionalt initierade upphandlingar av arbetsmarknadsutbildningar.</p><p>Arbetsmarknadsutbildningarna kunde under det tidiga 2000-talet uppvisa relativt goda resultat; ca 70 procent fick arbete efter utbildningen. I dag konstaterar Arbetsförmedlingen att effekterna av programmen är små. Under senare år har de ibland varit obefintliga eller till och med negativa. Det har alltså visat sig att en person hade kunnat få ett arbete tidigare om man inte genomgått arbetsmarknadsutbildning.</p><p> STYLEREF Kantrubrik \\* MERGEFORMAT Regional anpassning av arbetsmarknads-utbildning</p><p>Regeringen anger inte några särskilda åtgärder mot den bristfälliga behovsanalysen utan hänvisar till regleringsbrevet för 2015, som enligt regeringen ger myndigheten större möjlighet att anpassa upphandlingarna och anvisningarna till arbetsmarknadsutbildningarna efter arbetsgivarnas behov. I regleringsbrevet för 2016 uttrycks det som att en förbättrad matchning ska uppnås genom att rekryteringsproblemen på arbetsmarknaden ska motverkas.</p><p>Under rådande förhållanden skulle regeringen tydligare ha behövt anamma Riksrevisionens rekommendationer för att säkra att man får till stånd mindre omfattande och regionalt initierade upphandlingar. Mot bakgrund av de allt sämre resultaten räcker det enligt min mening inte med generella målformuleringar i regleringsbrev för att vända utvecklingen.</p><p>Herr talman! Av Riksrevisionens granskning framgår vidare att det i vissa län anordnas utbildningar som inte nödvändigtvis avser att åtgärda en brist på arbetsmarknaden och där man kan förmoda att deltagarna inte ens kommer att kunna tillgodogöra sig utbildningen. Frågan är då vilken verkan många av dessa utbildningar har.</p><p>Från Arbetsförmedlingens sida måste man se till att först och främst arbeta med att förmedla jobb och se till att människor får sin arbetslöshetsersättning enligt regelverket. Andra aktörer än Arbetsförmedlingen lämpar sig förmodligen bättre för att utbilda arbetslösa till att bli mer gångbara på arbetsmarknaden. Endast 15,9 procent av deltagarna i Arbetsförmedlingens arbetsmarknadsutbildningar hade ett jobb 90 dagar efter utbildningen. För en kostnad på 1,3 miljarder kronor är detta naturligtvis helt otillräckligt.</p><p>Kristdemokraterna gör bedömningen att personer som går yrkesvuxenutbildningar har långt större möjlighet att få ett arbete efter utbildningen än efter en arbetsmarknadsutbildning som Arbetsförmedlingen har tillhandahållit. Med detta sagt, herr talman, anser jag att regeringen bör vidta åtgärder för att avveckla Arbetsförmedlingens arbetsmarknadsutbildningar till förmån för fler platser inom yrkesvuxenutbildningen.</p>",
    "intressent_id": "0860429409414",
    "rel_dok_id": "H401AU3",
    "replik": "N",
    "systemdatum": "2016-10-19 11:49:04"
  }
}