﻿{
  "anforande": {
    "dok_hangar_id": "4703963",
    "dok_id": "H409102",
    "dok_titel": "Protokoll 2016/17:102 Fredagen den 28 april",
    "dok_rm": "2016/17",
    "dok_nummer": "102",
    "dok_datum": "2017-04-28 00:00:00",
    "avsnittsrubrik": "Svar på interpellation 2016/17:367 om medicinsk åldersbedömning",
    "underrubrik": null,
    "kammaraktivitet": "interpellationsdebatt",
    "anforande_id": "10999fe0-bc3b-e711-9452-00262d0d0c40",
    "anforande_nummer": "30",
    "talare": "Johanna Jönsson (C)",
    "parti": "C",
    "anforandetext": "<p>Herr talman! Jag tappar nästan förmågan att säga någonting.</p><p>Ministern väljer alltså att använda största delen av talartiden för att prata om den viktiga akuta frågan, som berör tusentals ungdomar, eventuellt barn, till att skylla på den förra regeringen. Så mycket tar man frågan på allvar. Jag vet knappt vad jag ska säga!</p><p>Jag tänker inte lägga majoriteten av min tid på att diskutera vad som hände för några år sedan. Det är <em>nu</em> situationen råder. Ministern vet likaväl som jag att metoderna har utvecklats sedan dess. Det finns mer rättssäkra metoder nu. Han känner också till inställningen i landet och hos i princip samtliga politiker. Det är inte så att Socialdemokraterna var så oerhört drivande i att få till stånd de medicinska åldersbedömningarna tidigare heller.</p><p>Att ägna talartiden åt att älta vems fel det är att det har blivit så här, när det nu finns möjlighet att göra någonting åt det, oavsett vem som har ansvar för området just nu, är att inte ta ansvar i en akut situation. Det finns saker som kan göras.</p><p>Ministern tog återigen upp att domstolarna kan göra en begäran. Jag pratar inte om den gruppen. En minister som har ansvar för justitiefrågor borde förstå skillnaden. Det är inte domstolarna som avgör verkställighetshindren, utan det är i första hand till Migrationsverket som de lämnas in. Migrationsverket har sagt att man inte kommer att begära in den typen av medicinska bedömningar från Rättsmedicinalverket. I så fall får den sökande själv försöka få till stånd en medicinsk åldersbedömning. Jag försökte i mitt förra inlägg förklara att det är oerhört svårt att få denna bedömning gjord med de nya, mer rättssäkra metoderna.</p><p>Det behöver göras mycket annat för denna grupp. Även där gör nuvarande regering för lite. Det behöver snabbt komma till stånd en ordning där ungdomar på sin 18-årsdag, eller om deras ålder räknas upp till 18 år, inte flyttas från kommunen. Vi har föreslagit att om en person bedöms vara eller är under 21 år ska man få stanna kvar i kommunen, och utgifterna ska därmed bekostas av staten. Många kommuner efterfrågar den möjligheten eftersom de ser att ungdomarna ofta stannar kvar, blir hemlösa, hamnar i ett skuggsamhälle och far oerhört illa. Vi har också sagt att den ålder som den unge hade när ansökan lämnades in ska gälla. Handläggningstiderna just nu leder till att barn hinner fylla 18 år under processen, oavsett om de räknas upp i ålder eller inte. Det finns mycket mer som kan göras.</p><p>Just nu handlar allt detta om att Migrationsverket självt har sagt att besluten inte är rättssäkra. Verket har gjort en utredning som visar att i 60 procent av fallen har beslutsunderlaget inte varit tillräckligt eller åldern inte tillräckligt utredd. Det gäller 60 procent av fallen! Flera av dem har redan fått beslut i sista instans. De är uppe för just verkställighetshinder. Det är dem jag pratar om.</p><p> STYLEREF Kantrubrik \\* MERGEFORMAT Svar på interpellationer</p><p>Varför vill ministern inte ge dem möjlighet till att få fram ytterligare bevismedel så att de kan visa om de är minderåriga? Är det för att den förra regeringen inte gjorde tillräckligt? Är det för att Centerpartiet inte drev på tillräckligt för sex år sedan? Det är helt orimligt.</p>",
    "intressent_id": "0495218011521",
    "rel_dok_id": "H410367",
    "replik": "N",
    "systemdatum": "2017-05-18 13:27:15"
  }
}