﻿{
  "anforande": {
    "dok_hangar_id": "4702552",
    "dok_id": "H409100",
    "dok_titel": "Protokoll 2016/17:100 Onsdagen den 26 april",
    "dok_rm": "2016/17",
    "dok_nummer": "100",
    "dok_datum": "2017-04-26 00:00:00",
    "avsnittsrubrik": "Nya utstationeringsregler",
    "underrubrik": null,
    "kammaraktivitet": "ärendedebatt",
    "anforande_id": "f3a791a8-413a-e711-9452-00262d0d0c40",
    "anforande_nummer": "14",
    "talare": "Raimo Pärssinen (S)",
    "parti": "S",
    "anforandetext": "<p>Herr ålderspresident! Ja, Byggnads behövde uppdateras. Låt mig nu uppdatera kammaren. Nu finns till och med en sida där Byggnads i hela Europa visar vilka villkor som gäller.</p><p>Det är klart att det ligger i fackens intresse att deras avtal blir tydliga, registrerade, transparenta och lätta för andra att ta del av. Det gäller även Byggnads.</p><p>Tidigare var det ett problem, vilket Désirée Pethrus sa. Men det är det inte längre, eftersom det finns ett starkt intresse för att få denna lagstiftning på plats, och då följer man regelsystemet. Det ligger i fackföreningens egenintresse att göra det. Jag tror alltså inte att detta är något problem.</p><p>Vi vet inte hur framtiden ser ut. Någon sa att det finns branscher som aldrig kommer att bli utsatta för utstationering. Men vi vet ju inte hur arbetsmarknaden förändras. Därför är det en bra väg att gå in på att vi får denna ordning, att transparensen finns och att fackföreningarna har redovisat detta. De utstationerande firmorna kan ta del av det, vet vilka villkor som gäller och kan lägga fram sina anbud efter det. Samtidigt undanröjer vi den osunda konkurrensen.</p><p>Vad gäller Byggnads lovar jag Désirée Pethrus att det inte är något problem.</p>",
    "intressent_id": "0113077554312",
    "rel_dok_id": "H401AU9",
    "replik": "Y",
    "systemdatum": "2017-05-16 16:12:45"
  }
}