﻿{
  "anforande": {
    "dok_hangar_id": "4703370",
    "dok_id": "H409101",
    "dok_titel": "Protokoll 2016/17:101 Torsdagen den 27 april",
    "dok_rm": "2016/17",
    "dok_nummer": "101",
    "dok_datum": "2017-04-27 00:00:00",
    "avsnittsrubrik": "(forts. från § 11) Tillgång till betalkonto med grundläggande funktioner (forts. FiU33)",
    "underrubrik": null,
    "kammaraktivitet": null,
    "anforande_id": "367aecae-bb3b-e711-9452-00262d0d0c40",
    "anforande_nummer": "119",
    "talare": "Håkan Svenneling (V)",
    "parti": "V",
    "anforandetext": "<p>Tillgång till betalkonto med grundläggande funktioner</p><p>Herr ålderspresident! Stunsen i replikskiftet ska inte gå förlorad av den lilla paus som vi har haft sedan Börje Vestlunds tal.</p><p>Jag har många gånger lyssnat på Börje Vestlunds oro kring kontanter men funderar på vad Börje Vestlund och Socialdemokraterna egentligen gör för att stoppa denna oro. Är kaffekokaren det enda verktyg ni har för att övertyga bankdirektörer om att inte lägga ned bankkontor och bankomater?</p>",
    "intressent_id": "0682989845822",
    "rel_dok_id": null,
    "replik": "Y",
    "systemdatum": "2017-05-18 13:19:07"
  }
}