﻿{
  "anforande": {
    "dok_hangar_id": "4546972",
    "dok_id": "H40910",
    "dok_titel": "Protokoll 2016/17:10 Onsdagen den 28 september",
    "dok_rm": "2016/17",
    "dok_nummer": "10",
    "dok_datum": "2016-09-28 00:00:00",
    "avsnittsrubrik": "Riksrevisionens rapport om ekonomiska risker för staten i fråga om gruvavfall",
    "underrubrik": null,
    "kammaraktivitet": null,
    "anforande_id": "42d5f233-e195-e611-9441-00262d0d7125",
    "anforande_nummer": "55",
    "talare": "Jens Holm (V)",
    "parti": "V",
    "anforandetext": "<p>Fru talman! Vad gäller branschfinansieringen tycker jag att det är det svaret i betänkandet som känns mest hoppingivande. Det låter som om regeringen arbetar med målsättningen att det ska bli en branschfinansiering. Låt oss alltså hoppas att det ska bli så.</p><p>Men man kan inte hålla på och utreda hur länge som helst, måste jag få tillägga. Både ni och vi och hela regeringen visste om detta innan Riksrevisionen gjorde sin granskning.</p><p>När det gäller kraven vid provborrning håller jag med om att det är svårt att säga en fix summa. Detta är väl en av de saker vi har expertmyndigheter till. De ska göra en sådan avvägning. Men min fråga till dig, Stina Bergström, gällde principen. Tycker inte du och Miljöpartiet att principen är rätt - att bolag som provborrar efter mineraler i Sverige ska kunna visa upp ekonomiska garantier redan i det skedet? Vi ska också komma ihåg att provborrning kan innebära allt ifrån ett litet hål till storskaliga ingrepp. Redan i det tidiga skedet ska man kunna visa upp ekonomiska garantier. Exakt vilken nivå de ska ligga på behöver kanske inte du och jag ta upp här - det var principen jag var ute efter.</p><p> STYLEREF Kantrubrik \\* MERGEFORMAT Riksrevisionens rapport om ekono-miska risker för staten i fråga om gruvavfall</p><p>Jag ställde också frågan om ökade krav på ekonomiska garantier i miljöbalken och minerallagen. Vår förhoppning är att minerallagen helt ska ingå i miljöbalken och att det alltså är miljöbalken som ska styra. Men ni avstyrker vårt förslag. Ni säger i ert svar att nuvarande lagstiftning är tillräcklig. Jag kan inte alls se att ni jobbar på att skärpa miljöbalken i det avseendet. Korrigera mig gärna om jag har fel, Stina Bergström!</p>",
    "intressent_id": "0216534495014",
    "rel_dok_id": null,
    "replik": "Y",
    "systemdatum": "2016-10-19 11:49:09"
  }
}