﻿{
  "anforande": {
    "dok_hangar_id": "4703370",
    "dok_id": "H409101",
    "dok_titel": "Protokoll 2016/17:101 Torsdagen den 27 april",
    "dok_rm": "2016/17",
    "dok_nummer": "101",
    "dok_datum": "2017-04-27 00:00:00",
    "avsnittsrubrik": "(forts. från § 11) Tillgång till betalkonto med grundläggande funktioner (forts. FiU33)",
    "underrubrik": null,
    "kammaraktivitet": null,
    "anforande_id": "447aecae-bb3b-e711-9452-00262d0d0c40",
    "anforande_nummer": "133",
    "talare": "Jan Ericson (M)",
    "parti": "M",
    "anforandetext": "<p>Herr ålderspresident! Jag vill börja med att instämma i allt som Anette Åkesson framförde tidigare. Jag ska bara uppehålla mig vid själva kontanthanteringsfrågan.</p><p>Jag tycker att diskussionen i den här frågan har varit lite orättvis mot bankerna. Det finns ett antal banker som faktiskt erbjuder den här servicen i dag och tänker fortsätta göra det. Jag kan som exempel nämna Swedbank Sjuhärad hemma i min valkrets, som inte har några planer på att stoppa kontanthanteringen så länge kunderna efterfrågar den. Men visst är det här ett problem, väl beskrivet av såväl Håkan Svenneling som Anette Åkesson och Emil Källström tidigare i debatten.</p><p>Själv motionerade jag om ett behov av någon form av lagreglering redan 2014. Även om det låter lite dystert i debatten, framför allt från Håkan Svennelings sida, måste jag säga att jag ser ganska positivt på detta. Håkan Svenneling sa också lite om det på slutet. Jag tycker att det känns bra att alla partier nu verkar vara på banan och faktiskt ser problemet. Det är ett samhällsproblem som är snabbt växande, vilket vi påmindes om av Riksbanken senast man besökte finansutskottet.</p><p>Vi gjorde ett försök för något år sedan att göra ett tillkännagivande i finansutskottet, Alliansen tillsammans med Vänsterpartiet. Det stoppades av Sverigedemokraterna, som stödde regeringens linje. Därför kom vi ingenstans med det tillkännagivandet. Vi övervägde om vi skulle göra det även i år, men vi kände inte att det var någon framkomlig väg i det här läget.</p><p>Problemet med Vänsterpartiets förslag till lagstiftning är att ni gör det lite för enkelt för er. Det kan slå helt fel. Vi vet att risken finns om man skulle lagstifta om en skyldighet för alla banker att ha kontanthantering att det skulle bli ganska orättvist mellan bankerna. Vi vet också att det finns ett antal nischbanker som redan när de startade inte hade några som helst planer på att bedriva någon kassaservice och inte har den möjligheten i dag. De har helt enkelt inte en sådan struktur att de kan ha några kassor över huvud taget.</p><p>Det som kom fram i replikskiftet mellan Håkan Svenneling och Emil Källström, det här om samverkan mellan olika aktörer, tror jag är enda vägen framåt.</p><p>Tillgång till betalkonto med grundläggande funktioner</p><p>Jag ser en möjlighet eftersom bankerna samarbetar om ett bankomatsystem. De skulle också kunna samarbeta om ett kassahanteringssystem. På orter där det finns ett antal olika bankkontor borde man kunna enas om att något av de kontoren erbjuder kassaservice och att bankerna delar på kostnaden för detta, kanske tillsammans med andra aktörer. Jag tror att det finns alla möjligheter att komma framåt.</p><p>Jag tar Emil Källströms löfte på allvar, när han säger att han tänker föreslå ett delbetänkande. Annars delar jag faktiskt Håkan Svennelings och även Riksbankens oro för att det tar alldeles för lång tid innan denna stora utredning, som inte ska vara klar förrän om några år, är i mål. Så ett delbetänkande är nog ett absolut krav.</p><p>Sedan tycker jag att vi ska se fram emot att i närtid bjuda in finansmarknadsminister Per Bolund till utskottet och fråga honom hur regeringen avser att agera i denna fråga, vilket vi faktiskt enades om i finansutskottet. Låt oss nu ta chansen att lyssna på vad han säger! Och om vi inte är nöjda med det han säger får vi väl återkomma i finansutskottet.</p><p>Överläggningen var härmed avslutad.</p><p>(Beslut skulle fattas den 3 maj.)</p>",
    "intressent_id": "0940980416614",
    "rel_dok_id": null,
    "replik": "N",
    "systemdatum": "2017-05-18 13:19:08"
  }
}