﻿{
  "anforande": {
    "dok_hangar_id": "4702552",
    "dok_id": "H409100",
    "dok_titel": "Protokoll 2016/17:100 Onsdagen den 26 april",
    "dok_rm": "2016/17",
    "dok_nummer": "100",
    "dok_datum": "2017-04-26 00:00:00",
    "avsnittsrubrik": "Nya utstationeringsregler",
    "underrubrik": null,
    "kammaraktivitet": "ärendedebatt",
    "anforande_id": "f8a791a8-413a-e711-9452-00262d0d0c40",
    "anforande_nummer": "19",
    "talare": "Arbetsmarknads- och etableringsministern Ylva Johansson (S)",
    "parti": "S",
    "anforandetext": "<p> STYLEREF Kantrubrik \\* MERGEFORMAT Nya utstationerings-regler</p><p>Herr ålderspresident! Sverige kommer att behöva mer utstationerad arbetskraft. Det är min bedömning, och det är också min önskan. Det gäller inte minst inom byggsektorn, och det är därför jag är för den fria rörligheten. </p><p>Det är det som är hela poängen med den fria rörligheten - att vi när vi har stora behov i ett visst land kan använda arbetskraft från andra medlemsländer i EU. Att vi faktiskt har den möjligheten är en stor poäng med att vara med i EU. I andra tider kan svenska företag också ta uppdrag i andra länder. Det är en av poängerna. Förra året ökade den utstationerade arbetskraften med 12 procent i Sverige - enligt vad som anmäldes. Jag misstänker att en del inte anmäldes, men det ökade med 12 procent bland det som anmäldes. Vi behöver alltså mer av detta. </p><p>Det är inte sant att vi stänger några gränser. Det är inte sant att detta är någon form av protektionism. Jessika Roswall säger att företagen inte kan freda sig mot stridsåtgärder. Jo, det kan de. Alla arbetsgivare kan freda sig på precis samma sätt som alla svenska företag kan freda sig mot stridsåtgärder, nämligen genom att teckna avtal. Det är så vår modell fungerar. Man kan tycka att det är en dålig modell och att företagen ska kunna säga \"Vi bara inte vill teckna avtal, och ni ska ändå inte få vidta stridsåtgärder\". Det kan man absolut tycka, men då bör samma sak gälla för de svenska företagen som för de företag som vill utstationera arbetskraft i Sverige. </p><p>Tycker man att en modell ska gälla för de svenska företagen, som bara kan freda sig genom att teckna kollektivavtal, måste den ju gälla för alla. Man kan ha en diskussion om till exempel hamnen i Göteborg, där man har tecknat kollektivavtal och ändå inte kan freda sig. Det tycker jag är ett särskilt problem som kräver att diskuteras. Men om man tycker att det är en vettig modell måste den också gälla för alla. </p><p>Jag för många diskussioner med mina kollegor i EU-kretsen om dessa frågor. Vi kommer från olika partier och olika länder, men jag måste säga att det inte finns någon som förstår att det finns företrädare i Sveriges riksdag som inte tycker att man ska ha en modell där det går att upprätthålla nivån - alltså ha verktyg för att kunna ha den minimilön vi är skyldiga att upprätthålla. </p>",
    "intressent_id": "011731125914",
    "rel_dok_id": "H401AU9",
    "replik": "Y",
    "systemdatum": "2017-05-16 16:12:45"
  }
}