﻿{
  "anforande": {
    "dok_hangar_id": "4703370",
    "dok_id": "H409101",
    "dok_titel": "Protokoll 2016/17:101 Torsdagen den 27 april",
    "dok_rm": "2016/17",
    "dok_nummer": "101",
    "dok_datum": "2017-04-27 00:00:00",
    "avsnittsrubrik": "Frågestund",
    "underrubrik": "Venezuela och Sveriges agerande i FN:s säkerhetsråd",
    "kammaraktivitet": "frågestund",
    "anforande_id": "1f7aecae-bb3b-e711-9452-00262d0d0c40",
    "anforande_nummer": "101",
    "talare": "Statsrådet Isabella Lövin (MP)",
    "parti": "MP",
    "anforandetext": "<p></p><p>Fru talman! Jag kan bara välkomna engagemanget. Jag hoppas att mötet i Miami kommer att resultera i framsteg i den frågan.</p><p>Sverige står upp för mänskliga rättigheter och rättsstatens principer i alla våra samtal med alla länder runt om i världen.</p>",
    "intressent_id": "0911490574010",
    "rel_dok_id": "H4C120170427fs",
    "replik": "N",
    "systemdatum": "2017-05-18 13:18:59"
  }
}