﻿{
  "anforande": {
    "dok_hangar_id": "4703370",
    "dok_id": "H409101",
    "dok_titel": "Protokoll 2016/17:101 Torsdagen den 27 april",
    "dok_rm": "2016/17",
    "dok_nummer": "101",
    "dok_datum": "2017-04-27 00:00:00",
    "avsnittsrubrik": "Skogspolitik",
    "underrubrik": null,
    "kammaraktivitet": "ärendedebatt",
    "anforande_id": "8a7aecae-bb3b-e711-9452-00262d0d0c40",
    "anforande_nummer": "201",
    "talare": "Stina Bergström (MP)",
    "parti": "MP",
    "anforandetext": "<p>Fru ålderspresident! Tack för i alla fall en del av ett svar!</p><p>Jag funderar ändå: Om man nu, som alliansregeringen gjorde, antar ett mål - vilket jag tycker är bra, även om Miljöpartiet i och för sig tycker att man borde ha antagit ett ännu högre etappmål för att i sin tur uppnå det mål som vi internationellt har sagt att vi ska göra i Nagoyaprotokollet - på 150 000 hektar skogsmark och någonstans tänker att man ska skydda det fram till 2020 så måste man ju ha haft en plan för hur man ska göra det och huruvida skogsägarna skulle få betalt för att skydda den här marken.</p><p>Lars-Axel Nordell pratar om att vi har olika budgetar. Ja, men det måste ju ha funnits en plan, och jag är fortfarande lite nyfiken. Vad var planen 2014 när ni antog det här målet för hur mycket skydd vi skulle ha av skogen i Sverige?</p>",
    "intressent_id": "0401968752713",
    "rel_dok_id": "H401MJU13",
    "replik": "Y",
    "systemdatum": "2017-05-18 13:19:12"
  }
}