﻿{
  "anforande": {
    "dok_hangar_id": "4706363",
    "dok_id": "H409103",
    "dok_titel": "Protokoll 2016/17:103 Tisdagen den 2 maj",
    "dok_rm": "2016/17",
    "dok_nummer": "103",
    "dok_datum": "2017-05-02 00:00:00",
    "avsnittsrubrik": "Svar på interpellation 2016/17:441 om Centralbron i Stockholm",
    "underrubrik": null,
    "kammaraktivitet": "interpellationsdebatt",
    "anforande_id": "d71f8197-5344-e711-9450-00262d0d7125",
    "anforande_nummer": "108",
    "talare": "Statsrådet Anna Johansson (S)",
    "parti": "S",
    "anforandetext": "<p>Herr talman! Erik Ottoson har frågat mig vad jag avser att vidta för åtgärder för att möjliggöra en förläggning av Centralbron till en tunnellösning.</p><p>En nedgrävning av Centralbron i Stockholm är en fråga som varit föremål för förslag och diskussioner under många år, något som också konstateras av Moderaterna i Stockholms stad då de nyligen lade fram den vision för en hållbar stad som Erik Ottoson hänvisar till.</p><p>De fördelar en sådan lösning skulle medföra i termer av en attraktivare stadsmiljö i de centrala delarna av Stockholm är naturligtvis tydliga. Det är dock viktigt att klargöra att åtgärder kopplade till Centralbron i Stockholm i syfte att få en bättre stadsmiljö i grunden är ett kommunalt ansvar.</p><p>Regeringens arbete med planering av infrastruktur vägleds bland annat av målet att Sverige ska uppnå EU:s lägsta arbetslöshet till 2020. Samtidigt ska Sverige vara en global förebild i klimatomställningen, och de nationella miljömålen ska nås.</p><p> STYLEREF Kantrubrik \\* MERGEFORMAT Svar på interpellationer</p><p>Viktiga frågor som regeringen prioriterar är därför bättre fungerande, hållbara och samhällsekonomiskt effektiva gods- och persontransporter i hela landet och minskad miljö- och klimatpåverkan.</p><p>Regeringen överlämnade under hösten 2016 en infrastrukturproposition till riksdagen med förslag om en historiskt stor satsning på Sveriges infrastruktur. I propositionen föreslog regeringen att de ekonomiska ramarna för nästa tolvåriga planperiod, 2018-2029, ökar med drygt 100 miljarder kronor till totalt 622,5 miljarder kronor. Riksdagen har också beslutat i enlighet med regeringens inriktning.</p><p>Den 23 mars 2017 beslutade regeringen om direktiv till åtgärdsplanering. Det innebär att Trafikverket och länsplaneupprättarna fått i uppdrag att ta fram ett förslag till en nationell trafikslagsövergripande plan för utveckling av transportsystemet respektive länsplaner för perioden 2018-2029.</p><p>Trafikverket ska presentera ett förslag till ny nationell plan till regeringen senast den 31 augusti 2017 och länsplaneupprättarna sina förslag till länsplaner senast den 15 december 2017.</p><p>I åtgärdsplaneringen identifieras de åtgärder som bör prioriteras. I detta arbete kommer nya projekt och åtgärder att utredas och analyseras på både nationell och regional nivå. Regionala och lokala överväganden behöver därmed göras för att se hur frågan om åtgärder rörande Centralbron kan beaktas inom ramen för detta arbete. Jag vill därför inte föregripa denna process och uttala mig om enskilda åtgärder.</p>",
    "intressent_id": "0691264514114",
    "rel_dok_id": "H410441",
    "replik": "N",
    "systemdatum": "2017-05-29 11:46:43"
  }
}