﻿{
  "anforande": {
    "dok_hangar_id": "4703370",
    "dok_id": "H409101",
    "dok_titel": "Protokoll 2016/17:101 Torsdagen den 27 april",
    "dok_rm": "2016/17",
    "dok_nummer": "101",
    "dok_datum": "2017-04-27 00:00:00",
    "avsnittsrubrik": "Frågestund",
    "underrubrik": "Övertoner i samhällsdebatten",
    "kammaraktivitet": "frågestund",
    "anforande_id": "167aecae-bb3b-e711-9452-00262d0d0c40",
    "anforande_nummer": "92",
    "talare": "Lars Beckman (M)",
    "parti": "M",
    "anforandetext": "<p>Fru talman! Kammaren, tv-tittarna och alla som har barn i skolan kan notera att statsrådet Shekarabi inte tog avstånd från det anmärkningsvärda uttalandet av socialdemokraten i Söderhamn om att välfärdsföretagen ägnar sig åt vit slavhandel. Det är djupt olyckligt, och jag tycker inte att vi ska använda övertoner i samhällsdebatten.</p>",
    "intressent_id": "0588282566419",
    "rel_dok_id": "H4C120170427fs",
    "replik": "N",
    "systemdatum": "2017-05-18 13:18:59"
  }
}