﻿{
  "anforande": {
    "dok_hangar_id": "4703370",
    "dok_id": "H409101",
    "dok_titel": "Protokoll 2016/17:101 Torsdagen den 27 april",
    "dok_rm": "2016/17",
    "dok_nummer": "101",
    "dok_datum": "2017-04-27 00:00:00",
    "avsnittsrubrik": "Väg- och fordonsfrågor",
    "underrubrik": null,
    "kammaraktivitet": "ärendedebatt",
    "anforande_id": "577aecae-bb3b-e711-9452-00262d0d0c40",
    "anforande_nummer": "151",
    "talare": "Leif Pettersson (S)",
    "parti": "S",
    "anforandetext": "<p>Fru talman! Som jag sa i en tidigare replik tror jag nog att till den motvillighet från den här regeringen, som Anders Åkesson pratade om i sitt inlägg, ska han nog lägga motvilligheten från sin egen regering åren 2006-2014. Det kom inte fram speciellt mycket på det här området under hela den regeringstiden. Det kom lite grann i slutet, när man insåg att man nog skulle förlora valet. Efter att riksdagen hade stängt för året 2014 kom det en massa förslag, men då var det så dags. Då kunde vi ju inte fatta några beslut.</p><p>Jag skulle vilja fråga Anders Åkesson vem han anser ska fatta besluten om på vilka vägsträckor 74-tonnare ska tillåtas och också i vilken takt. Åkesson sa själv i sitt inlägg, och citerade då Trafikverkets skrift, att det ska ske stegvis. Vilket är det första steget i Anders Åkessons föreställningsvärld? Hur ser det första steget ut? Och hur ser det andra, tredje, fjärde och femte ut? Eller det kanske bara är ett steg. I så fall tror jag att det är något som vi inte klarar av i det här landet.</p><p>Det finns en förkärlek att hänvisa till Finland. Man säger att Finland har klarat det här. Nej, det har de inte gjort. Finland tillät det överallt, men det går inte att köra med 76-tonare i Finland, för det är inte ekonomi i det. De flesta finska åkare investerar i 68 ton för att de ska kunna komma fram på broar, vägar och vägtunnlar överallt där de måste komma fram. Det är inte alls så att man i Finland använder den gräns som sägs.</p>",
    "intressent_id": "0365797008114",
    "rel_dok_id": "H401TU14",
    "replik": "Y",
    "systemdatum": "2017-05-18 13:19:09"
  }
}