﻿{
  "anforande": {
    "dok_hangar_id": "4703370",
    "dok_id": "H409101",
    "dok_titel": "Protokoll 2016/17:101 Torsdagen den 27 april",
    "dok_rm": "2016/17",
    "dok_nummer": "101",
    "dok_datum": "2017-04-27 00:00:00",
    "avsnittsrubrik": "Väg- och fordonsfrågor",
    "underrubrik": null,
    "kammaraktivitet": "ärendedebatt",
    "anforande_id": "567aecae-bb3b-e711-9452-00262d0d0c40",
    "anforande_nummer": "150",
    "talare": "Anders Åkesson (C)",
    "parti": "C",
    "anforandetext": "<p>Fru talman! Det är väl känt att Miljöpartiet för fram uppfattningen att svenska lastbilar ska ha Europastandard. Det innebär kortare lastbilar, lastfordon som lastar mindre, fler fordon på våra vägar och större axeltryck på våra vägar eftersom det är färre axlar på ett sådant fordon. De potthål som Karin Svensson oroade sig för i ett tidigare inlägg skulle alltså snarare bli fler med den Europastandard som Miljöpartiet egentligen vill ha.</p><p>I Sverige har vi, klokt nog, gått en annan väg, eftersom vi är en exportberoende ytstor nation i Europas utkant. Vi tillåter ju längre och tyngre fordon med en högre lastprofil, 4,5 meter till skillnad från 4 meter i Europa. Det har varit en i grunden mycket klok politik som har skaffat Sverige konkurrensfördelar och gett svensk fordonsindustri förutsättningar att fortsatt utveckla och fila på fordonen i syfte att göra dem klimatsmartare och mer transporteffektiva. Den vägen ska vi gå vidare på. Det är Centerns linje.</p><p>Jag förstår inte varför Miljöpartiet har fastnat i en hittepåpolitik som innebär att man inte bejakar teknikutveckling och miljövinster.</p><p></p><p>Karin Svensson Smith nämner Piteåexemplet. Lindbäcks Bygg expanderar mycket kraftigt i Piteå hamn och avser, vad jag har noterat, att frakta bostadsmodulerna på båt till Mälardalen, vilket är det mest rationella.</p><p>Jag mötte Moelven i Värmlandsnäs för ett par veckor sedan. De använder E45:an för att transportera sina husmoduler till Mälardalen.</p><p>Exemplet Jula, som användes tidigare i debatten, är ett lysande exempel på kombinationen av transportslag - sjöfart, järnväg, lastbil - för att uppnå klimatvinster.</p><p>Det är den vägen vi ska gå, Karin Svensson Smith.</p>",
    "intressent_id": "0677738818613",
    "rel_dok_id": "H401TU14",
    "replik": "Y",
    "systemdatum": "2017-05-18 13:19:09"
  }
}