﻿{
  "anforande": {
    "dok_hangar_id": "4546972",
    "dok_id": "H40910",
    "dok_titel": "Protokoll 2016/17:10 Onsdagen den 28 september",
    "dok_rm": "2016/17",
    "dok_nummer": "10",
    "dok_datum": "2016-09-28 00:00:00",
    "avsnittsrubrik": "Riksrevisionens rapport om ekonomiska risker för staten i fråga om gruvavfall",
    "underrubrik": null,
    "kammaraktivitet": null,
    "anforande_id": "41d5f233-e195-e611-9441-00262d0d7125",
    "anforande_nummer": "54",
    "talare": "Stina Bergström (MP)",
    "parti": "MP",
    "anforandetext": "<p>Fru talman! Tack, Jens Holm, för frågorna! Ja, varför gör inte regeringen mer? Jag tycker nog ändå att detta är steg i rätt riktning. Det är klart att om Miljöpartiet fick vara med och bestämma skulle vi ta längre och större steg snabbare. Vi har till exempel också förslag om en branschfinansiering.</p><p>Riksrevisionen föreslog en branschfinansiering, men Riksrevisionen har inte utrett detta, så för mig är det självklart att det måste utredas och analyseras. Det är precis vad regeringen nu gör. Man ser också på andra lösningar. I den delen känner jag mig trygg.</p><p>Översyn av miljöbalken och minerallagen - jag tror att man måste synka de lagstiftningarna - är också något som vi har föreslagit. Delar av det kanske kan komma in i den översyn som man nu gör. Men jag vet också att i en regering är det två partier som kommer överens om vad som ska göras, och i de här fallen är det inte så att Miljöpartiet får igenom alla sina förslag.</p><p>När det gäller provborrningar kan jag se att det är problematiskt att avgöra hur mycket det ska kosta. Men även detta anser jag ingår i den översyn och det arbete som regeringen nu gör. Jag tror nog också att man behöver komma vidare där och göra även prospekteringen säkrare när det gäller finansieringen, som regeringen säger.</p>",
    "intressent_id": "0401968752713",
    "rel_dok_id": null,
    "replik": "Y",
    "systemdatum": "2016-10-19 11:49:09"
  }
}