﻿{
  "anforande": {
    "dok_hangar_id": "4546972",
    "dok_id": "H40910",
    "dok_titel": "Protokoll 2016/17:10 Onsdagen den 28 september",
    "dok_rm": "2016/17",
    "dok_nummer": "10",
    "dok_datum": "2016-09-28 00:00:00",
    "avsnittsrubrik": "Regional anpassning av arbetsmarknadsutbildning",
    "underrubrik": null,
    "kammaraktivitet": "ärendedebatt",
    "anforande_id": "1bd5f233-e195-e611-9441-00262d0d7125",
    "anforande_nummer": "20",
    "talare": "Fredrik Malm (L)",
    "parti": "L",
    "anforandetext": "<p>Herr talman! Jag har ungefär samma definition av enkla jobb som statsministern hade i sitt tal i somras, och han tillhör dessutom Raimo Pärssinens parti. Han gav då näringsminister Mikael Damberg i uppdrag att sammanföra fackförbund och arbetsgivare för att hitta en lösning för fler enkla jobb. Jag hade tyckt att det hade varit bra om det fungerade - då hade vi inte behövt ta upp det i riksdagens talarstol. Men det var bara det att facket sa nej. LO vägrade.</p><p>Vilket samhällsansvar är det? Vad säger man till de människor som i dag befinner sig i etableringen hos Arbetsförmedlingen men som har låg utbildning och som snabbt vill komma in på arbetsmarknaden? Vad säger man till den stora gruppen arbetslösa, många av dem nyanlända och långtidsarbetslösa? Bland dem som i dag är inskrivna på Arbetsförmedlingen är 40 procent födda utanför Europa. </p><p>Vad säger man till de 150 000 personer som just nu befinner sig i Migrationsverkets mottagningssystem? Många av dem kommer sedan att få uppehållstillstånd. Många av dem kommer från krigsområden - från Syrien, från Afghanistan, från Eritrea. Det är människor som sannolikt inte har haft möjlighet att skaffa sig en ingenjörsexamen, en sjuksköterskeexamen eller en juristexamen till följd av diktatur, krig och sönderfall, till följd av institutioner som inte levererar.</p><p>Vad säger Socialdemokraterna till dem? Jo, man säger: Vi ska inte förändra någonting. </p><p>Herr talman! Om jag ska vara uppriktig tror jag inte att vi kommer att klara detta i Sverige om vi inte klarar av att sänka trösklarna in på arbetsmarknaden. Vi kommer att permanenta ett utanförskap. Vi kommer att pressa nya generationer nyanlända och ungdomar utan gymnasieexamen ut i periferin, längre och längre bort, i en större och större nyfattigdom. Och så kommer vi att få den här debatten, och siffrorna och kurvorna kommer att fortsätta att bara peka nedåt.</p><p>Då kommer Raimo Pärssinen att stå här fortsättningsvis och säga: Vi ska inte göra någonting. Men jag tror inte att det är lösningen för Sverige. Vi står inför betydande problem som vi måste kunna hantera.</p><p>(Applåder)</p><p>Överläggningen var härmed avslutad.</p><p>(Beslut fattades under § 11.)</p>",
    "intressent_id": "0766496753128",
    "rel_dok_id": "H401AU3",
    "replik": "Y",
    "systemdatum": "2016-10-19 11:49:04"
  }
}