﻿{
  "anforande": {
    "dok_hangar_id": "4703370",
    "dok_id": "H409101",
    "dok_titel": "Protokoll 2016/17:101 Torsdagen den 27 april",
    "dok_rm": "2016/17",
    "dok_nummer": "101",
    "dok_datum": "2017-04-27 00:00:00",
    "avsnittsrubrik": "(forts. från § 11) Tillgång till betalkonto med grundläggande funktioner (forts. FiU33)",
    "underrubrik": null,
    "kammaraktivitet": null,
    "anforande_id": "397aecae-bb3b-e711-9452-00262d0d0c40",
    "anforande_nummer": "122",
    "talare": "Börje Vestlund (S)",
    "parti": "S",
    "anforandetext": "<p>Herr ålderspresident! Jag och vi delar den uppfattning som står i Landsbygdskommitténs betänkande, nämligen att man ska utreda frågan. Det står inte att man ska göra något annat, utan det står explicit att man ska utreda frågan. Där är vi helt överens.</p><p>Jag tycker att man ska just utreda frågan. Det är därför man måste göra rätt saker. Man kan inte slarva i detta, för då kan det bli väldigt dyrt för staten och väldigt komplicerat för den enskilde. Förmodligen kommer man inte att lösa det.</p><p></p><p>Vi vill göra detta på ett positivt sätt. Man kan som Håkan Svenneling tro på fornstora dagar när man kunde gå till sitt bankkontor och ta ut pengar. Men det tror inte jag på, och det trodde väl inte heller Landsbygdskommittén riktigt på. De ville titta på hur man kunde ordna ett alternativ till detta.</p><p>Jag tycker att det finns saker i det här som man kan ifrågasätta. En sak som jag personligen ifrågasätter är varför det ska vara så många myndigheter inblandade. En del av detta ligger till exempel på Post- och telestyrelsen. Det kan jag tycka är en underlig ordning. Men det får man väl i så fall titta på när man ser på hela frågan om kontanthanteringen. Det tycker jag är en vettigare ordning.</p>",
    "intressent_id": "0720249554818",
    "rel_dok_id": null,
    "replik": "Y",
    "systemdatum": "2017-05-18 13:19:08"
  }
}