﻿{
  "anforande": {
    "dok_hangar_id": "4703370",
    "dok_id": "H409101",
    "dok_titel": "Protokoll 2016/17:101 Torsdagen den 27 april",
    "dok_rm": "2016/17",
    "dok_nummer": "101",
    "dok_datum": "2017-04-27 00:00:00",
    "avsnittsrubrik": "(forts. från § 11) Tillgång till betalkonto med grundläggande funktioner (forts. FiU33)",
    "underrubrik": null,
    "kammaraktivitet": null,
    "anforande_id": "3d7aecae-bb3b-e711-9452-00262d0d0c40",
    "anforande_nummer": "126",
    "talare": "Håkan Svenneling (V)",
    "parti": "V",
    "anforandetext": "<p></p><p>Herr ålderspresident! Problemet med Moderaternas linje att man utreder saker är att det leder till att vi utreder och utreder utan att komma till konkret politisk handling. Det har lett till att vi är i en situation där Riksbanken säger att infrastrukturen för kontanthantering riskerar att fallera i många delar av landet. Vi får en situation där kostnaderna blir otroligt stora för enskilda handlare till exempel. Det är därför vi politiker måste agera på något sätt.</p><p>Jag tycker att det på ett sätt är bra att Moderaterna nu har gått från ett läge där man har funderat mycket till att man nu säger sig vilja handla. Men det är jobbigt att vi hela tiden behöver bocka av en himla massa utredningar innan vi kommer fram till något politiskt ställningstagande.</p><p>Jag funderar på om Moderaterna är beredda att lägga ansvaret på handeln eller bankerna eller om man bara ser det som att det offentliga ska göra någonting. Jag tror att det vore bra om man tydliggör från lagstiftarens sida vem som ska ha ansvar. Det är därför jag tror att det är bra att bankerna tar ett större ansvar. Historiskt har bankerna haft ansvaret, men de har utan något slags politiskt beslut bestämt sig för att kontanter vill de inte ha, för de kan inte tjäna så mycket pengar som de vill på dem. Därför har de valt den här vägen att försvåra för människor att använda kontanter och göra det lättare att använda andra medel.</p><p>Vi ser också ett problem med att man säger att det är ökad rånrisk med kontanter och att man pekar på olika problem och brister med kontanter, men man redovisar inte ens vilka kostnader man har för kort. Senast i går kunde vi se på nyheterna om de nya smarta korten, och en kollega visade för mig här utanför att han har ett sådant. Genom att gå bredvid någon i en rulltrappa kan man som tjuv sno kortuppgifter. Det finns alltså egentligen inget säkert betalsystem oavsett om vi talar om kortbetalning, kontantbetalning eller andra typer av betalning.</p><p>Därför tror jag att det är mycket viktigt att vi från politiken tydliggör vad vi vill. Jag undrar vad Moderaterna är beredda att göra. Vill man också lägga ansvaret på privata aktörer, eller ser man bara statliga aktörer framför sig?</p>",
    "intressent_id": "0682989845822",
    "rel_dok_id": null,
    "replik": "Y",
    "systemdatum": "2017-05-18 13:19:08"
  }
}