﻿{
  "anforande": {
    "dok_hangar_id": "4706363",
    "dok_id": "H409103",
    "dok_titel": "Protokoll 2016/17:103 Tisdagen den 2 maj",
    "dok_rm": "2016/17",
    "dok_nummer": "103",
    "dok_datum": "2017-05-02 00:00:00",
    "avsnittsrubrik": "Återrapportering från Europeiska rådets möte den 29 april",
    "underrubrik": null,
    "kammaraktivitet": null,
    "anforande_id": "701f8197-5344-e711-9450-00262d0d7125",
    "anforande_nummer": "10",
    "talare": "Pavel Gamov (SD)",
    "parti": "SD",
    "anforandetext": "<p>Herr talman! Jag vill tacka statsministern för återrapporteringen från EU:s toppmöte om brexit.</p><p>Från Sverigedemokraternas sida tycker vi att det nu är viktigt att medlemsavgiften för Sveriges del inte ökar på grund av Storbritanniens utträde ur unionen. Som bekant är Sverige redan i dag en av de största nettogivarna till EU per capita. I och med brexit finns det all anledning att befara att vår redan skyhöga avgift kan komma att öka ännu mer, inte minst med tanke på att Storbritannien också varit en stor nettogivare och att man från EU:s håll sedan tidigare planerar för att ta in fler medlemsländer med en mycket undermålig ekonomi.</p><p>Snarare är detta ett ypperligt tillfälle att minska EU:s totala budget och exempelvis antalet ledamöter i Europaparlamentet - eller varför inte EU:s jordbruksstöd och andra områden där det finns stor besparingspotential?</p><p>Sverige som medlemsland har vetorätt i denna fråga. Om den politiska viljan bara finns kan statsministern se till att Sverige inte drar nitlotten ännu en gång. Min fråga till statsministern är därför: Hur kommer Stefan Löfven att garantera att Sveriges redan i dag väl tilltagna EU-medlemsavgift inte ökar ännu mer i och med brexit?</p><p>Herr talman! Jag vill också nämna några ord om de två faser som diskuterades på Europeiska rådets möte. Från Sverigedemokraternas sida förstår vi inte varför man ska avvakta med att förhandla med Storbritannien om framtida handelsavtal. Vi ser inte någon anledning att skjuta det framför sig. Tvärtom är det viktigt för samtliga inblandande, framför allt för EU om unionen ska bli tagen på allvar, att inleda förhandlingar om frihandelsavtal med Storbritannien.</p><p>I slutändan behöver EU Storbritannien mer än vad Storbritannien behöver EU. Att då gå i öppen konflikt med Storbritannien ser vi som direkt kontraproduktivt. I ett sådant läge kommer Storbritannien endast att vända sig till andra marknader.</p>",
    "intressent_id": "0504711999229",
    "rel_dok_id": null,
    "replik": "N",
    "systemdatum": "2017-05-29 11:46:20"
  }
}