﻿{
  "anforande": {
    "dok_hangar_id": "4703370",
    "dok_id": "H409101",
    "dok_titel": "Protokoll 2016/17:101 Torsdagen den 27 april",
    "dok_rm": "2016/17",
    "dok_nummer": "101",
    "dok_datum": "2017-04-27 00:00:00",
    "avsnittsrubrik": "Frågestund",
    "underrubrik": "Stöd till demokratiska rörelser i världen",
    "kammaraktivitet": "frågestund",
    "anforande_id": "207aecae-bb3b-e711-9452-00262d0d0c40",
    "anforande_nummer": "102",
    "talare": "Christian Holm Barenfeld (M)",
    "parti": "M",
    "anforandetext": "<p>Fru talman! Sverige bör vara en föregångare och en stark företrädare för mänskliga rättigheter och demokrati i världen. Jag vill också ställa en fråga till minister Lövin.</p><p>Vi har gett och ger fortfarande ett omfattande stöd till demokratirörelser runt om i världen. Nu har biståndet förändrats något. Det har skurits ned med ett antal miljarder. Men vi ser att biståndet till demokratiorganisationer och demokratibiståndet minskar mer än annat bistånd.</p><p>Som min kollega Cecilie tog upp pågår det mycket förtyck och protester i Venezuela. Diktaturen förtrycker alltmer. Till och med delar av Vänsterpartiet, här i Sverige, har nu slutat stödja regimen i Venezuela.</p><p>Vi har också Vitryssland och Kuba.</p><p>Vad gör regeringen? Hur ser ministern på stöd till demokratiska organisationer runt om i världen?</p>",
    "intressent_id": "0485476395125",
    "rel_dok_id": "H4C120170427fs",
    "replik": "N",
    "systemdatum": "2017-05-18 13:18:59"
  }
}