﻿{
  "anforande": {
    "dok_hangar_id": "4703370",
    "dok_id": "H409101",
    "dok_titel": "Protokoll 2016/17:101 Torsdagen den 27 april",
    "dok_rm": "2016/17",
    "dok_nummer": "101",
    "dok_datum": "2017-04-27 00:00:00",
    "avsnittsrubrik": "Väg- och fordonsfrågor",
    "underrubrik": null,
    "kammaraktivitet": "ärendedebatt",
    "anforande_id": "547aecae-bb3b-e711-9452-00262d0d0c40",
    "anforande_nummer": "148",
    "talare": "Anders Åkesson (C)",
    "parti": "C",
    "anforandetext": "<p>Fru talman! Jag tackar Karin Svensson Smith för omdömet om Centerpartiet som Alliansens gröna röst. Det gläder mig.</p><p>Ja, fru talman, jag har både läst och följt arbetet med FFF-utredningen. En väldigt viktig princip i den och i det arbete som det dåvarande statsrådet Anna-Karin Hatt bedrev var att aldrig någonsin ställa transportslag mot varandra utan driva en politik för ökad transporteffektivitet, förbättrad transportekonomi och ökad miljövinst i alla transportslag. På något vis, fru talman, får Miljöpartiet i regeringen gehör för synsättet att man genom att bromsa ett transportslag gynnar de andra.</p><p>Alliansens och Centerpartiets politik är att tillföra resurser för utveckling, teknikvinster och kapacitetshöjning till samtliga transportslag för att till exempel kunna ställa om Sverige till en bioekonomi. För att vi ska klara de i klimatkonventionen uppsatta målen fordras att hela ytan av Sverige nyttjas. Då fordras en kombination av klimatsmarta, transporteffektiva och ekonomiskt uthålliga transportslag över hela ytan, då fordras samtliga transportslag.</p><p></p><p>Det vimlar inte av hamnar i Norrlands eller Smålands inland. Där fordras en kombination av väg- och järnvägstransport för att kunna förädla råvara till biodiesel och göra den finaste flisen till papper eller trävaror att skeppa ut över världen.</p><p>Skogsindustrin är Sveriges största nettogivare till våra exportinkomster. Skogsindustrin ställer om för fullt till en bioekonomi. Skogsindustrin är beroende av en kombination av transporter.</p>",
    "intressent_id": "0677738818613",
    "rel_dok_id": "H401TU14",
    "replik": "Y",
    "systemdatum": "2017-05-18 13:19:09"
  }
}