﻿{
  "anforande": {
    "dok_hangar_id": "4706363",
    "dok_id": "H409103",
    "dok_titel": "Protokoll 2016/17:103 Tisdagen den 2 maj",
    "dok_rm": "2016/17",
    "dok_nummer": "103",
    "dok_datum": "2017-05-02 00:00:00",
    "avsnittsrubrik": "Svar på interpellation 2016/17:401 om terrorhotet och återvändande terroriststridande",
    "underrubrik": null,
    "kammaraktivitet": "interpellationsdebatt",
    "anforande_id": "e61f8197-5344-e711-9450-00262d0d7125",
    "anforande_nummer": "123",
    "talare": "Anti Avsan (M)",
    "parti": "M",
    "anforandetext": "<p>Herr talman! Tack, statsrådet, för svaret!</p><p>Inledningsvis vill jag säga att ofta när man talar om hur saker och ting förhåller sig berättar man hur det borde vara och inte hur det verkligen är. Jag har inte någon annan uppfattning i stora delar av det som kultur- och demokratiministern säger i sitt svar. Men jag tycker nog inte att jag har fått svar på min första fråga.</p><p>Min första fråga gällde att det nog är ett känt faktum att många kommuner saknar handlingsplaner för att arbeta med återvändande terroriststridande. Det har kultur- och demokratiministern inte heller invänt mot. Men det finns inte någon uttalad uppfattning om det förhållandet. Själv tycker jag att det är sorgligt, ledsamt och tråkigt med tanke på att det här är brister i den offentliga hanteringen av det problem som är väldigt mångfasetterat.</p><p>I min interpellation nämner jag en del om utgångspunkterna för detta. Skälet till att jag talar om lagföring är att jag nog tycker att en rimlig återanpassning i samhället av personer som har varit iväg och kanske begått brott måste börja med lagföring. Det är inte meningen att man ska kunna komma undan med allvarlig brottslighet och sedan fortsätta precis som om ingenting har hänt när man har kommit tillbaka till Sverige.</p><p> STYLEREF Kantrubrik \\* MERGEFORMAT Svar på interpellationer</p><p>Nu är också det förebyggande arbetet mer mångfasetterat än att det bara handlar om återvändande terroriststridande. Återvändande terroriststridande är personer som förmodligen har radikaliserats, eftersom det är skälet till att de har åkt iväg och kommit tillbaka.</p><p>Vi vet från internationell forskning att ungefär 15 procent av dem som har åkt iväg från ungefär 120 av världens alla länder i dag är beredda att utföra terroristattentat på hemmaplan i sina egna länder eller i andra länder som de har åkt till efter att ha deltagit i olika aktiviteter med terroristorganisationer.</p><p>Även om de själva inte är beredda att göra attentat eller medverka i dem medverkar de kanske i radikalisering av andra. De sprider då den våldsideologi som får så fatala effekter för andra människor inte bara i Sverige utan i väldigt många av världens länder.</p><p>Den här interpellationen är inte en interpellation med anledning av det fruktansvärda som hände på Drottninggatan i Stockholm. Den ställde jag därför att jag har varit bekymrad över de här frågorna sedan tidigare. Vi vet att många kommuner saknar handlingsplaner. Också den nationella samordnaren efterlyser egentligen det jag frågar om, nämligen kommunala handlingsplaner och riktlinjer för arbetet med återvändande terroriststridande.</p><p>Vi har också haft en kritik mot regeringen för att den har en strategi mot terrorism men inte några konkreta handlingsplaner. Det som jag lite glädjande kan konstatera här är att det som finns i svaret från kultur- och demokratiministern är i praktiken en nationell handlingsplan. Det hjälper inte att bara arbeta med enskilda kommuner eller försöka samordna kommuner. Man måste samordna all verksamhet som har bäring på det problem som vi försöker lösa. Det handlar om polisen, Säkerhetspolisen, andra statliga myndigheter och kommuner. Återkom gärna med svar på fråga ett!</p>",
    "intressent_id": "0338458649710",
    "rel_dok_id": "H410401",
    "replik": "N",
    "systemdatum": "2017-05-29 11:46:45"
  }
}