﻿{
  "anforande": {
    "dok_hangar_id": "4546972",
    "dok_id": "H40910",
    "dok_titel": "Protokoll 2016/17:10 Onsdagen den 28 september",
    "dok_rm": "2016/17",
    "dok_nummer": "10",
    "dok_datum": "2016-09-28 00:00:00",
    "avsnittsrubrik": "Ett svenskt tonnagebeskattningssystem",
    "underrubrik": null,
    "kammaraktivitet": "ärendedebatt",
    "anforande_id": "2dd5f233-e195-e611-9441-00262d0d7125",
    "anforande_nummer": "36",
    "talare": "Olle Felten (SD)",
    "parti": "SD",
    "anforandetext": "<p>Fru talman! Rasmus Ling börjar tala om en massa andra saker än just tonnagebeskattning och svensk kustsjöfart. Men det är ju det vi diskuterar nu och inte en massa andra konstiga förslag som inte har med detta att göra.</p><p> STYLEREF Kantrubrik \\* MERGEFORMAT Ett svenskt tonnage-beskattningssystem</p><p>Min fråga till Rasmus Ling och Miljöpartiet är återigen: Varför vill ni inte stötta ett svenskt tonnagebeskattningssystem som också omfattar den nationella kustsjöfarten och skärgårdstrafiken med de begränsningar som finns i många remissyttranden och som vi också har tagit upp i vår reservation? Varför vill ni inte gynna den svenska kustsjöfarten på det här sättet?</p>",
    "intressent_id": "046426524512",
    "rel_dok_id": "H401SkU6",
    "replik": "Y",
    "systemdatum": "2016-10-19 11:49:06"
  }
}