﻿{
  "anforande": {
    "dok_hangar_id": "4703370",
    "dok_id": "H409101",
    "dok_titel": "Protokoll 2016/17:101 Torsdagen den 27 april",
    "dok_rm": "2016/17",
    "dok_nummer": "101",
    "dok_datum": "2017-04-27 00:00:00",
    "avsnittsrubrik": "Skogspolitik",
    "underrubrik": null,
    "kammaraktivitet": "ärendedebatt",
    "anforande_id": "6e7aecae-bb3b-e711-9452-00262d0d0c40",
    "anforande_nummer": "173",
    "talare": "Eskil Erlandsson (C)",
    "parti": "C",
    "anforandetext": "<p>Fru ålderspresident! I denna debatt vill jag i linje med Johan Hultberg yrka bifall till reservation 3.</p><p>Därefter vill jag konstatera att den svenska skogen ger oss jobb. Den ger oss en levande landsbygd, och den ger oss exportinkomster en masse. Därtill ger den oss en unik möjlighet att gå mot det bioekonomiska samhället, det cirkulära samhället med den cirkulära ekonomi där vi använder oss av förnybara ämnen och resurser i stället för ändliga resurser.</p><p></p><p>Till detta ska läggas något som jag tror att vi alla tycker är viktigt, nämligen att alla som bor i vårt land på något sätt har en relation till skogen. Vi beundrar den, vi vandrar i den och vi utnyttjar den på allehanda sätt därför att vi känner glädje i den.</p><p>Fru ålderspresident! Som jag ser finns ett antal hot mot jobben och exportinkomsterna. Vad kan detta vara? Jo, det finns ett antal hot i form av skatter och avgifter som gör att vi inte kan behålla alla de jobb som ger utveckling i skilda delar av landet. Det finns hot kring att vi inte själva kan bestämma över hur vi ska förvalta myckenheten av skog i vårt land, det vill säga att Brysselsystemet tar över det som jag hoppas att vi alla tycker att vi ska besluta om i denna kammare, bland annat.</p><p>Det finns också hot kring något jag tycker är väldigt viktigt, nämligen äganderätten. Den inskränks i form av att förfogandet över det som någon äger begränsas i takt med att tiden går. Jag vill här, fru ålderspresident, kungöra att för Centerpartiets del är det ingen tvekan om att vi står upp för det privata ägandet, som innebär att det finns ett förfogande över det man äger och att man får nyttja det man äger. Detta har lett till att vi genom århundradena har förvaltat vår skog på ett klokt sätt.</p><p>Som flera talare har sagt här tidigare har vi en myckenhet av skog i vårt land i dag som vi förmodligen aldrig har haft tidigare. Detta påstår jag, rätt upp och ned, beror på det privata ägandet, som också har inneburit att man har kunnat förfoga över det man äger. Vi har i dag mycket välbevarade skogar i en myckenhet som säkert aldrig funnits tidigare. Dessa skogar innehåller dessutom, bland annat beroende på att det är många ägare, en diversitet när det gäller den biologiska mångfalden.</p><p>Under alliansregeringen lanserade vi något som döptes till Komet. Det var ett sätt att engagera dem som äger något i att delta i arbetet med att skydda det som vi kanske alla anser måste bevaras inför framtiden, till exempel orörda skogar. Den nuvarande regeringen har förnyat programmet, och det tycker jag är jättebra. Problemet är emellertid att man inte har tillfört några nya resurser i sammanhanget.</p><p>Jag tror att vi alla är överens om sättet att skydda det som vi måste skydda för framtiden, till exempel något som är orört eller som innehåller något specifikt som vi vill bevara. Detta är nödvändigt, men då fordras att vi tillför resurser på området, speciellt det som bygger på frivillighet.</p><p>Jag säger detta mot bakgrund av att jag värnar den äganderätt som sedan ett antal år tillbaka är skyddad i vår egen grundlag men också i de konventioner som vi lyder under, alltifrån FN-stadgan till EU-konventioner som vi har skrivit under - för övrigt är vi, som alla känner till, medlemmar i EU.</p><p>I denna sena timme ska jag inte förlänga debatten, fru ålderspresident. Jag yrkar återigen bifall till reservation 3. Jag står självfallet bakom alla ytterligare reservationer, men för tids vinnande nöjer jag mig med det.</p><p>(Applåder) </p><p>I detta anförande instämde Jesper Skalberg Karlsson (M), Lars Tysklind (L) och Lars-Axel Nordell (KD).</p>",
    "intressent_id": "0465398691116",
    "rel_dok_id": "H401MJU13",
    "replik": "N",
    "systemdatum": "2017-05-18 13:19:11"
  }
}