﻿{
  "anforande": {
    "dok_hangar_id": "4702552",
    "dok_id": "H409100",
    "dok_titel": "Protokoll 2016/17:100 Onsdagen den 26 april",
    "dok_rm": "2016/17",
    "dok_nummer": "100",
    "dok_datum": "2017-04-26 00:00:00",
    "avsnittsrubrik": "Policyramverk för svenskt utvecklingssamarbete och humanitärt bistånd",
    "underrubrik": null,
    "kammaraktivitet": "ärendedebatt",
    "anforande_id": "5da891a8-413a-e711-9452-00262d0d0c40",
    "anforande_nummer": "108",
    "talare": "Maria Andersson Willner (S)",
    "parti": "S",
    "anforandetext": "<p>Herr ålderspresident! Nej, några särskilt nya prioriteringar är det inte. Vi tuggar på och tror att det vi har gjort hittills har varit framgångsrikt, att vi är bra på det vi gör, att vi är effektiva och att vi är efterfrågade internationellt. Jag tycker inte att vi behöver några nya prioriteringar.</p><p>Utmaningarna är breda och många, och vi måste vara beredda att ha en bred ansats. Sedan är såklart inte policyramverket direkt styrande ned på detaljnivå. Det kommer att omsättas i instruktioner, i regleringsbrev, i ägaranvisningar och i riktlinjer för strategier. Det är grunden, som sedan leder till verkstad ned på landsstrateginivå. Där tror jag inte att vi ska vara inne och peta i detaljer, och det tror jag inte heller att Margareta Cederfelt menar.</p><p>Jag tror att vi ändå är överens om att vi måste ha en bred agenda och en bred ansats för att kunna leva upp till de åtaganden som Sverige och det globala samfundet har ställt sig bakom och för att vi ska kunna möta de utmaningar som vi i dag ser.</p>",
    "intressent_id": "0173946230722",
    "rel_dok_id": "H401UU11",
    "replik": "Y",
    "systemdatum": "2017-05-16 16:13:00"
  }
}