﻿{
  "anforande": {
    "dok_hangar_id": "4702552",
    "dok_id": "H409100",
    "dok_titel": "Protokoll 2016/17:100 Onsdagen den 26 april",
    "dok_rm": "2016/17",
    "dok_nummer": "100",
    "dok_datum": "2017-04-26 00:00:00",
    "avsnittsrubrik": "Policyramverk för svenskt utvecklingssamarbete och humanitärt bistånd",
    "underrubrik": null,
    "kammaraktivitet": "ärendedebatt",
    "anforande_id": "58a891a8-413a-e711-9452-00262d0d0c40",
    "anforande_nummer": "103",
    "talare": "Sofia Damm (KD)",
    "parti": "KD",
    "anforandetext": "<p>Herr ålderspresident! Redan i regeringsförklaringen den 3 oktober 2014 aviserades det att en ny biståndspolitisk plattform skulle tas fram i samverkan med alla aktörer på biståndsområdet.</p><p>Denna plattform fanns med i propositionsförteckningen för våren 2016 och kom till slut den 14 december 2016, i och med regeringens skrivelse om ett nytt policyramverk för svenskt utvecklingssamarbete och humanitärt bistånd.</p><p>Detta kan väl sägas vara en uppdatering av den biståndspolitiska plattform som alliansregeringen presenterade våren 2014. Men arbetet med att samverka med alla, utom möjligen med riksdagens biståndspolitiker, tog tid. Enligt riksdagens utredningstjänst antog regeringen 22 strategier mellan september 2014 och december 2016. Dessa 22 strategier är baserade på den tidigare antagna biståndspolitiska plattformen.</p><p>På senare år har - vilket slås fast i policyramverket - en rad centrala globala processer ägt rum, till exempel Agenda 2030, Addis Ababa Action Agenda om utvecklingsfinansiering, Sendairamverket om katastrofriskreducering och klimatavtalet i Paris</p><p>Det kan absolut vara rimligt att en regerings grunddokument uppdateras i takt med att nya internationella överenskommelser sluts och omvärlden förändras, men från Alliansens sida ställer vi oss frågande till det nya policyramverket.</p><p>Herr ålderspresident! Vi anser att det finns en brist på tydliga prioriteringar i den nya biståndsplattformen och att det finns oklarheter vad gäller styrning och möjligheterna till uppföljning, vilket riskerar att påverka biståndets kvalitet. Det riskerar också att försämra möjligheterna för oss som är satta att granska regeringens politik att utifrån målet för utvecklingssamarbetet kunna följa upp att biståndet används så effektivt som möjligt.</p><p>Detta är något som riskerar biståndets långsiktiga legitimitet hos dem som finansierar svenskt bistånd: svenska skattebetalare.</p><p>Visst finns det generellt i Sverige ett engagemang för att vara med och bidra till att göra världen lite bättre. Det är inte så att debattens vågor när det gäller biståndet går höga utanför intresseorganisationernas sfär, men jag tror inte att detta beror på att människor inte är intresserade av att bidra och att hjälpa till. Jag tror att man vill kunna förlita sig på att ens skattemedel, som går till att hjälpa människor som lider under fattigdom och förtryck, faktiskt gör skillnad och att prioriteringarna som vi politiker har gjort är de klokaste. Framför allt tror jag att man vill kunna förlita sig på att det sker en noggrann granskning och uppföljning av att våra insatser ger resultat.</p><p> STYLEREF Kantrubrik \\* MERGEFORMAT Policyramverk för svenskt utvecklings-samarbete och humanitärt bistånd</p><p>Hur den möjligheten ska kunna förbättras med regeringens policyramverk ser jag fram emot att få reda på mer om under den här debatten. Jag uppskattar att statsrådet Isabella Lövin deltar i dagens debatt, för den debattartikel som Lövin skrev i samband med lanseringen av policyramverket väcker några frågor.</p><p>Det gjordes tydligt att det nu tas ett helhetsgrepp om svenskt bistånd och att det stuprörstänk med resultatfokus som Alliansen stått för nu ska bli ett minne blott. Alliansens stuprörstänk och resultatinriktning har dock fungerat hittills, när regeringen har utformat de 22 strategierna.</p><p>Herr ålderspresident! Det är korrekt som regeringen skriver i policyramverket: Sverige kan inte göra allt överallt. Men det går inte riktigt att se hur regeringen prioriterar. Vad fokuserar man på före annat? Allt kan inte vara lika viktigt när budgeten har begränsningar.</p><p>Under ett flertal punkter slås det fast att nya grepp måste tas, men man beskriver inte vad dessa nya grepp innebär. Man talar om nytänkande, men vad innebär detta konkret, och hur leder det till att människor som lider under fattigdom och förtryck får det bättre?</p><p>I tidigare debatter med Isabella Lövin, såväl här i kammaren som på debattsidor, har jag framfört vad vi kristdemokrater ser som viktiga prioriteringar i en värld som brinner. Jag har framfört vår syn på hur vi måste öka och effektivisera det humanitära biståndet men också hur vi långsiktigt måste arbeta för att bekämpa det som får världen att brinna.</p><p>Men vad vi än tar upp - må det vara vikten av stöd till demokratikämpar och politiska partier, värnandet av religionsfrihet eller stöd till att skapa arbetstillfällen för människor som befinner sig på flykt - blir svaret att dessa frågor självklart är viktiga för regeringen. Hur regeringens icke-stuprörstänk, nytänkande, omtag och helhetsgrepp ska kunna uppnå bättre resultat är däremot fortsatt oklart.</p><p>Avslutningsvis, herr ålderspresident, yrkar jag bifall till Alliansens gemensamma reservation 1 under punkt 1.</p>",
    "intressent_id": "0306286538528",
    "rel_dok_id": "H401UU11",
    "replik": "N",
    "systemdatum": "2017-05-16 16:13:00"
  }
}