﻿{
  "anforande": {
    "dok_hangar_id": "4702552",
    "dok_id": "H409100",
    "dok_titel": "Protokoll 2016/17:100 Onsdagen den 26 april",
    "dok_rm": "2016/17",
    "dok_nummer": "100",
    "dok_datum": "2017-04-26 00:00:00",
    "avsnittsrubrik": "Nya utstationeringsregler",
    "underrubrik": null,
    "kammaraktivitet": "ärendedebatt",
    "anforande_id": "07a891a8-413a-e711-9452-00262d0d0c40",
    "anforande_nummer": "34",
    "talare": "Magnus Manhammar (S)",
    "parti": "S",
    "anforandetext": "<p>Fru talman! Flera gånger under debatten har det nämnts att lex Laval på något sätt är en kompromiss. Bara det är ju en lögn. Det gjordes i alla fall ingen kompromiss här i riksdagen eftersom Socialdemokraterna röstade emot den lagen. Det finns alltså ingen kompromiss mellan höger och vänster när det gäller lex Laval. Man kan ha kompromissat inom de borgerliga partierna. Det är kanske den typen av kompromiss som man pratar om. Men det finns ingen kompromiss här i riksdagen. Allt annat är en lögn. Jag tycker att det är lite olyckligt att man pratar om en sådan kompromiss. Man har kanske kompromissat om till exempel hur mycket man ska dumpa lönerna.</p><p>Lex Laval har, precis som vi har pratat om här i dag, ryckt undan möjligheten för arbetsmarknadens parter att se till att det finns sjysta villkor. Det är det som är problemet. Peab hade ju inte sagt detta om man hade tyckt att det skulle rycka undan mattan för Peabs möjlighet att bedriva verksamhet i Sverige. Peab är positiv till det här förslaget för att det bidrar till sund konkurrens, och det är så man vill verka på arbetsmarknaden.</p><p>Innan jag kom in i riksdagen jobbade jag just för Byggnads. Jag var ute på otaliga arbetsplatser, inte minst under valåret, för att lyssna på människors berättelser som hur det var på arbetsplatserna. Många gånger träffade jag människor från andra länder som inte ens hade fått något anställningsvillkor och som tjänade 20-30 kronor i timmen. Dessa människor hade blivit utnyttjade och kanske sov på sina arbetsplatser. Så ser det ut runt om i Sverige i dag. </p><p>Bara i de fem kommunerna i min valkrets, Blekinge, fanns det under valåret exempel i varje kommun på att människor utnyttjades på grund av just lex Laval och den möjlighet som lex Laval innebär för att utnyttja människor. Det vill vi stoppa här i dag. </p><p>I dag finns ett förslag som jag och alla andra som tänker rösta på är stolta över. Det är ett väldigt bra förslag som kommer att se till att det blir sund konkurrens på svensk byggarbetsmarknad och på arbetsmarknaden generellt och som kommer att se till att lika villkor gäller för alla. Det är jag stolt över.</p><p>(Applåder)</p><p>Överläggningen var härmed avslutad.</p><p>(Beslut fattades under § 15.)</p>",
    "intressent_id": "025967059622",
    "rel_dok_id": "H401AU9",
    "replik": "Y",
    "systemdatum": "2017-05-16 16:12:46"
  }
}