﻿{
  "anforande": {
    "dok_hangar_id": "4703370",
    "dok_id": "H409101",
    "dok_titel": "Protokoll 2016/17:101 Torsdagen den 27 april",
    "dok_rm": "2016/17",
    "dok_nummer": "101",
    "dok_datum": "2017-04-27 00:00:00",
    "avsnittsrubrik": "Fiskeripolitik",
    "underrubrik": null,
    "kammaraktivitet": "ärendedebatt",
    "anforande_id": "937aecae-bb3b-e711-9452-00262d0d0c40",
    "anforande_nummer": "209",
    "talare": "Martin Kinnunen (SD)",
    "parti": "SD",
    "anforandetext": "<p>Fru ålderspresident! Jag vill inleda med att yrka bifall till reservationerna 4 och 17.</p><p>Fisket är en betydelsefull svensk näring med gamla anor. Därför vill vi från Sverigedemokraternas sida också framhålla såväl den kulturella som den ekonomiska aspekten.</p><p>Antalet fiskeföretag i Sverige ligger omkring 1 000, och det är inom livsmedelsindustrin som de flesta arbetstillfällena generas. Här kan nämnas att den svenska fiskberedningsindustrin omsätter närmare 7 miljarder kronor.</p><p>Det ligger i sakens natur att fisket måste regleras, vilket sker på EU-nivå, men vi måste samtidigt arbeta för rimliga förutsättningar för enskilda näringsidkare när vi implementerar EU-lagstiftningen. Regelverket måste utformas så att svenska fiskare inte drabbas av konkurrensnackdelar gentemot konkurrenter i andra EU-länder.</p><p>Det är Sverigedemokraternas strävan att fiske ska kunna bedrivas från olika hamnar i Sverige. Kustnära, mer småskaligt fiske skulle gynnas av en betydligt mer aktiv förvaltning av såväl säl som skarv, som orsakar stor ekonomisk skada.</p><p>När det kommer till ålfisket ser vi att dagens innehavare av ålfisketillstånd riskerar att bli de sista svenska ålfiskarna. Vi vill underlätta för ålfiskare att överlåta sina företag och därtill nödvändiga licenser till andra personer eller företag, och vi vill mildra restriktionerna kring ålfiske.</p><p>Fru ålderspresident! Det ska vara möjligt att bedriva såväl storskaligt som småskaligt yrkesfiske i Sverige, även om det slutligen är den enskilde entreprenören som väljer typ av båt, redskap och hamn att landa sin fångst i. Det bör utredas om antalet hamnar där fisk kan landas kan utökas, till förmån för lokal livsmedelsindustri utmed Östersjökusten. Ett aktivt fiske med livskraftiga fiskeentreprenörer skapar levande kustsamhällen längs våra kuster, vilket skapar jobb och liv i skärgården.</p><p>När det gäller bottentrålning anser vi att det kan skada de marina ekosystemen. Vi strävar inte efter något totalförbud, men trålning bör regleras hårdare än i dag i flera områden, detta för att gynna bestånden. Det kan gälla val av redskap och vissa geografiska områden som bör skyddas under känsliga perioder.</p><p>Forskning kring vilka fiskeredskap som tillfredsställer entreprenörens behov av effektivitet och samtidigt tar marinekologisk hänsyn pågår och bör även fortsättningsvis bedrivas. Vi ser att dialogen mellan yrkesfiskare och forskare inom detta område fortsätter att vara oerhört viktig.</p><p>Fru ålderspresident! Jag tänker prata lite om fiskodling. Uttaget av vildfångad fisk är av naturliga skäl begränsat, men här i Sverige har vi fantastiskt bra möjligheter för fiskodling, i synnerhet i de norra delarna av landet, där näringsfattiga regleringsmagasin finns.</p><p>Fiskodling i dessa vatten kan vara ett sätt att återskapa livskraftiga ekosystem, eftersom fiskodlingen kan tillföra näring till utarmade vatten. Odlad fisk är en resurseffektiv proteinkälla och hälsosam mat. Matfiskproduktion kan ge positiva regionalpoliska effekter och varaktiga arbetstillfällen på landsbygden. Vidareförädling ger ytterligare både direkta och indirekta arbetstillfällen. Den tidigare regeringens utredning från 2009 har belyst potentialen hos just ett växande vattenbruk.</p><p></p><p>Sverigedemokraterna vill utreda hur kostnaderna för näringsidkare i branschen kan sänkas. Lägre kostnader för näringsidkare skulle öka lönsamheten och bidra till förutsättningar för en varaktig och ekonomiskt bärkraftig industri. Till exempel är tillsynsavgifterna väsentligt högre än för annan verksamhet som i dag kräver miljötillstånd.</p><p>Vi vill även underlätta för etablering av nya fiskodlingar samt förbättra förutsättningarna för befintliga odlingar att expandera. De stöd som kommer från Havs- och fiskerifonden bör på ett tydligt och effektivt sätt förbättra möjligheterna både för nyetablering och för tillväxt i befintliga företag.</p><p>Nyligen meddelade Mark- och miljööverdomstolen domar i fyra mål om tillstånd för odling av fisk i öppna kassar. Dessa domar berörde tillstånd för fiskodling i Omnefjärden respektive Mjältösundet, båda i Kramfors kommun, samt tillstånd för fiskodling och vinterförvaring av fisk i Nätrafjärden i Örnsköldsviks kommun. Mark- och miljööverdomstolen har kommit fram till att odlingarna ska avvecklas under en avvecklingstid på tre år. </p><p>När det gäller den fjärde domen, som handlar om tillstånd för fiskodling i Storsjön i Bergs kommun, har domstolen funnit att verksamheten inte kan tillåtas i den omfattning som sker i dag.</p><p>Enligt företaget Nordic Trout innebär domarna att företaget måste avveckla minst 25 procent av koncernens produktion. Det är en avveckling som innebär att företagets verksamhet på fyra platser längs med Norrlands kust hotas, vilket handlar om fler än 30 jobb.</p><p>Frågan man kan ställa sig är hur Mark- och miljööverdomstolens beslut ligger i linje med regeringens proposition <em>En livsmedelsstrategi för Sverige - fler jobb och hållbar tillväxt i hela landet</em> avseende 7.11 <em>Fiske och vattenbruk</em>.</p><p>Och frågan är också vilka åtgärder regeringen avser att vidta för att säkerställa fortlevnaden för fiskodlingar samt att säkerställa att de kan utveckla och expandera sina verksamheter.</p>",
    "intressent_id": "0294138886823",
    "rel_dok_id": "H401MJU14",
    "replik": "N",
    "systemdatum": "2017-05-18 13:19:12"
  }
}