﻿{
  "anforande": {
    "dok_hangar_id": "4706363",
    "dok_id": "H409103",
    "dok_titel": "Protokoll 2016/17:103 Tisdagen den 2 maj",
    "dok_rm": "2016/17",
    "dok_nummer": "103",
    "dok_datum": "2017-05-02 00:00:00",
    "avsnittsrubrik": "Svar på interpellation 2016/17:441 om Centralbron i Stockholm",
    "underrubrik": null,
    "kammaraktivitet": "interpellationsdebatt",
    "anforande_id": "db1f8197-5344-e711-9450-00262d0d7125",
    "anforande_nummer": "112",
    "talare": "Statsrådet Anna Johansson (S)",
    "parti": "S",
    "anforandetext": "<p>Herr talman! Jag vidhåller min uppfattning sedan många interpellationsdebatter och i många andra sammanhang att vi inte föregriper det arbete som Trafikverket nu ska göra med att ta fram den nationella planen.</p><p>Däremot konstaterar jag att stadsmiljöavtalen, Stockholmsförhandlingen och storstadsförhandlingen har haft fokus på att förbättra förutsättningarna för kollektivtrafik och cykelåtgärder. Det gäller framför allt för Sverigeförhandlingen.</p><p>I det här fallet handlar det mer renodlat om ett stadsutvecklingsprojekt. Där finns det inga egentliga kopplingar till vare sig förbättrad kollektivtrafik eller förbättrade cykelmöjligheter, åtminstone inte som jag kunde uppfatta av interpellationen.</p><p> STYLEREF Kantrubrik \\* MERGEFORMAT Svar på interpellationer</p><p>Det är självklart möjligt för Stockholms stad att ansöka om stadsmiljöavtalspengar eller att se om det finns andra lösningar inom ramen för länsplanearbetet.</p><p>Däremot avslutades Sverigeförhandlingen och storstadsförhandlingen när det gäller Stockholm nyligen. Där har den här frågan inte aktualiserats. Att det inom ramen för den förhandlingen skulle gå att i efterhand fylla på med ytterligare skulle jag bedöma som tämligen utsiktslöst.</p><p>I ett tidigare skede av processen som har varit ganska långdragen - den har pågått inte bara i flera år utan i flera decennier, om man ska vara lite noga - hade man ett val mellan nedgrävning av Centralbron och Citybanan. Efter moget övervägande valde man Citybanealternativet för att skapa bättre förutsättningar för framkomligheten för kollektivtrafiken. I det vägvalet valde man lite grann bort nedgrävning av Centralbron.</p><p>Men, som sagt var, om man inom regionen är överens om den här prioriteringen och tycker att det är angeläget att använda länsplanemedel för detta antar jag att det är fritt fram för länsplaneupprättaren att gå fram med ett sådant förslag. Jag är dock tveksam till att det kommer att ha den digniteten när det ställs mot andra angelägna åtgärder i regionen som syftar till att exempelvis förbättra framkomligheten och öka kollektivtrafikandelen.</p>",
    "intressent_id": "0691264514114",
    "rel_dok_id": "H410441",
    "replik": "N",
    "systemdatum": "2017-05-29 11:46:43"
  }
}