﻿{
  "anforande": {
    "dok_hangar_id": "4703370",
    "dok_id": "H409101",
    "dok_titel": "Protokoll 2016/17:101 Torsdagen den 27 april",
    "dok_rm": "2016/17",
    "dok_nummer": "101",
    "dok_datum": "2017-04-27 00:00:00",
    "avsnittsrubrik": "Frågestund",
    "underrubrik": "En gemensam statlig molntjänst för myndigheternas it-drift",
    "kammaraktivitet": "frågestund",
    "anforande_id": "267aecae-bb3b-e711-9452-00262d0d0c40",
    "anforande_nummer": "108",
    "talare": "Carl Schlyter (MP)",
    "parti": "MP",
    "anforandetext": "<p>Fru talman! I rapporten finns det förslag på hur de helheterna kan nås. Det här är ett första steg. Det som behövs är att regeringen sätter igång arbetet med att genomföra rekommendationerna.</p><p>Det är sällan man får tillfälle att kunna såväl förbättra miljön som öka möjligheterna till arbete på landsbygden, spara mycket pengar och öka datasäkerheten och servicen. Det är alltså en vinn-vinn-vinn-vinnlösning.</p><p>Jag ser fram emot kommande förslag från regeringen och tackar för svaret.</p>",
    "intressent_id": "0954072997110",
    "rel_dok_id": "H4C120170427fs",
    "replik": "N",
    "systemdatum": "2017-05-18 13:18:59"
  }
}