﻿{
  "anforande": {
    "dok_hangar_id": "4546972",
    "dok_id": "H40910",
    "dok_titel": "Protokoll 2016/17:10 Onsdagen den 28 september",
    "dok_rm": "2016/17",
    "dok_nummer": "10",
    "dok_datum": "2016-09-28 00:00:00",
    "avsnittsrubrik": "Regional anpassning av arbetsmarknadsutbildning",
    "underrubrik": null,
    "kammaraktivitet": "ärendedebatt",
    "anforande_id": "16d5f233-e195-e611-9441-00262d0d7125",
    "anforande_nummer": "15",
    "talare": "Ali Esbati (V)",
    "parti": "V",
    "anforandetext": "<p>Herr talman! Jag vill yrka bifall till förslaget i betänkandet och avslag på reservationerna.</p><p>Det här är egentligen ett okontroversiellt betänkande - eller borde i alla fall vara det. Riksrevisionen har ur en aspekt av många möjliga granskat arbetsmarknadsutbildningarna. Riksrevisionen har gjort påpekanden som i huvudsak har beaktats av regeringen, och ett förändringsarbete har redan pågått på området. Det viktiga är att det finns en kontinuerlig uppföljning av den typen av omfattande åtgärder så att arbetsmarknadspolitiken kan bli effektivare och bidra positivt till att fler arbetslösa kan rustas för en föränderlig arbetsmarknad.</p><p>Det är ändå generöst av högerpartierna, särskilt Moderaterna, att passa på att lyfta upp en del saker till debatt på det sätt de gör i dag. Det erbjuder ytterligare en möjlighet att belysa det flagranta misslyckandet under åtta långa år som med högerns ideologiska enögdhet och ansvarslösa experimentlusta drabbade arbetsmarknadspolitiken och Arbetsförmedlingen.</p><p>Herr talman! Det var med stor entusiasm som regeringen Reinfeldt efter valsegern 2006 gav sig i kast med att hårdhänt göra Arbetsförmedlingen till en myndighet för upphandling, kontroll och bestraffning snarare än en myndighet inriktad på samspel med den lokala arbetsmarknaden och besjälad av att hjälpa arbetslösa att komma på benen. Sådant sätter sina spår.</p><p> STYLEREF Kantrubrik \\* MERGEFORMAT Regional anpassning av arbetsmarknads-utbildning</p><p>Den nuvarande regeringen lade, som bekant, om inriktningen på arbetsmarknadspolitiken direkt efter valet. Trots det kaos som Sverigedemokraterna och de tidigare regeringspartierna tillsammans skapade i samband med det första budgetbeslutet har politiken kunnat verka i många avseenden. Det är klart att sådant tar tid att förändra.</p><p>I det aktuella ärendet påpekar Riksrevisionen att det togs steg i en annan riktning, det vill säga mot större utrymme för att ta hänsyn till faktiska behov på arbetsmarknaden, redan i regleringsbrevet för 2015, det vill säga det första som sittande regering har satt ihop.</p><p>En stor del av problemet med allmänna utbildningar som har gett dåligt resultat är att Arbetsförmedlingen tidigare så ensidigt skulle arbeta med personer som ligger mycket långt från arbetsmarknaden. Det ledde till, som också Raimo Pärssinen var inne på, räkna-pinnar-tänkandet. Också där har en viss justering gjorts, men det är inte ett område där man kan tänka sig en quickfix. Våra liberala kamraters desperata utspel i dagarna om att lägga ned Arbetsförmedlingen helt och hållet och starta en ny myndighet som ska göra samma sak fast utan helhetsansvar kan tjäna som en god illustration om hur man inte ska förhålla sig till arbetsmarknadspolitiken.</p><p>Inget av det som jag säger nu betyder att arbetsmarknadspolitiken är felfri - långt därifrån. Min bedömning är att det går att göra betydligt mer när det gäller upphandlingar och utbildningar, särskilt om man tar fler steg bort från den tvångsmässiga ivern att lägga ut saker på externa och privata aktörer - som var den tidigare regeringens stående order till myndigheten. Det ska helt enkelt bli lättare att genomföra bra upphandlingar om man kan koncentrera sig mer på det som verkligen behöver upphandlas, alltså göra en del mer i egen regi. Men det är nog ämne för en diskussion vid ett annat tillfälle. Jag tror också att det går att förbättra uppföljningen av det som har upphandlats. Det arbetet är ju, såvitt jag kan förstå, igång på Arbetsförmedlingen redan nu.</p><p>Herr talman! Det råder en situation i dag där arbetslösheten har sjunkit substantiellt inom i princip alla undergrupper på arbetsmarknaden. Arbetslösheten är fortfarande alltför hög, och utmaningarna är stora. Men det har varit en tydlig och glädjande tendens. Sysselsättningsgraden har ökat. Den är den högsta inom EU. Den samlade utvecklingen kallar Moderaterna i sin motion att \"Sverige är på väg åt fel håll\". Det är bra att känna till. Det sätter väl de svepande förslagen från Moderaterna om att ta bort resurser från arbetsmarknadsutbildningar i ett perspektiv.</p><p>Jag noterar också att det från borgerligt håll förs fram att det ska satsas på det reguljära utbildningssystemet. Det är intressant. I nuvarande budgetförslag görs omfattande satsningar på just det reguljära utbildningssystemet samtidigt som till exempel garantierna läggs om ekonomiskt för att ytterligare peka ut utbildning som en väg för personer som står utanför arbetsmarknaden.</p><p>Ja, det finns stora utmaningar för svensk arbetsmarknad nu och i tiden som kommer. Det behövs snabbare vägar till rätt jobb för många nyanlända. Det behövs utbildningar och åtgärder som stärker snarare än trycker ned de personer som länge har varit utanför arbetsmarknaden. Det behövs ordentliga satsningar för att fler unga ska slutföra sin gymnasieutbildning, för att inte tala om det långsiktiga behovet av en modern industripolitik och av att ordna upp ett segregerat och fragmentiserat skolsystem.</p><p> STYLEREF Kantrubrik \\* MERGEFORMAT Regional anpassning av arbetsmarknads-utbildning</p><p>Det som möjligen har framgått av den här diskussionen är att högeroppositionen dessvärre inte är så väl lämpad för att på ett seriöst sätt delta i en debatt om de utmaningarna. Det är i alla fall vad jag tar med mig efter dagens övningar.</p><p>(Applåder)</p>",
    "intressent_id": "014386615025",
    "rel_dok_id": "H401AU3",
    "replik": "N",
    "systemdatum": "2016-10-19 11:49:04"
  }
}