﻿{
  "anforande": {
    "dok_hangar_id": "4703963",
    "dok_id": "H409102",
    "dok_titel": "Protokoll 2016/17:102 Fredagen den 28 april",
    "dok_rm": "2016/17",
    "dok_nummer": "102",
    "dok_datum": "2017-04-28 00:00:00",
    "avsnittsrubrik": "Svar på interpellation 2016/17:368 om arbetskraftsinvandring",
    "underrubrik": null,
    "kammaraktivitet": "interpellationsdebatt",
    "anforande_id": "1a999fe0-bc3b-e711-9452-00262d0d0c40",
    "anforande_nummer": "40",
    "talare": "Justitie- och migrationsministern Morgan Johansson (S)",
    "parti": "S",
    "anforandetext": "<p>Herr talman! När det gäller den senare delen, hur vi ska reformera arbetskraftsinvandringssystemet i denna del, är vi förmodligen överens. Vi hamnar nästan i en diskussion om huruvida vi skulle ha gett tilläggsdirektiv till den utredning som i praktiken var färdig. Jag tog emot den den 15 december, och jag tror att tillkännagivandet kom bara ett par veckor tidigare. Att träta om huruvida vi skulle ge tilläggsdirektiv till en sittande utredning som egentligen var färdig eller om vi skulle göra en ny översyn tycker jag kanske inte är världens största konflikt. Frågan handlar i grunden om i vilken riktning vi ska gå. Där tror jag, som sagt, att vi är överens. </p><p>Vid denna översyn tittar man också på sådana fall där människor har bytt arbetsgivare, vilket också är ett problem. </p><p>När det gäller den andra vågskålen ska vi hela tiden komma ihåg att vi inte får skapa ett system som bjuder in till ögontjäneri, som jag sa, det vill säga att man missbrukar systemet i hopp om att ingen ska komma på den som gör det. Det måste ändå finnas sådana säkerhetsgarantier som gör att detta handlar om icke uppsåtliga fel som är av mindre karaktär. </p><p>Min grundinställning är ändå att om man tar hit en person från andra sidan jorden, då måste man som arbetsgivare tänka till lite grann och se till att man har ordning och reda. Man måste se till att man till exempel har kollektivavtal och att man betalar rätt försäkring och ger rätt lön. Man tar på sig ett stort ansvar som arbetsgivare när man hämtar hit en människa från andra sidan jorden. Det måste man faktiskt kunna leva upp till. Där måste det också kunna ställas krav på arbetsgivarna att de faktiskt vet vad de gör. </p><p>Återigen: Om det handlar om icke uppsåtliga fel av mindre karaktär, då kan man i vissa lägen låta udda vara jämnt. Det är detta utrymme som vi i så fall ska skapa. I den grundfrågan tror jag att vi är överens. </p><p>Överläggningen var härmed avslutad. </p>",
    "intressent_id": "0473783431010",
    "rel_dok_id": "H410368",
    "replik": "N",
    "systemdatum": "2017-05-18 13:27:18"
  }
}