﻿{
  "anforande": {
    "dok_hangar_id": "4706363",
    "dok_id": "H409103",
    "dok_titel": "Protokoll 2016/17:103 Tisdagen den 2 maj",
    "dok_rm": "2016/17",
    "dok_nummer": "103",
    "dok_datum": "2017-05-02 00:00:00",
    "avsnittsrubrik": "Svar på interpellationerna 2016/17:402, 403, 404, 405 och 406 om fjärrstyrd flygledning",
    "underrubrik": null,
    "kammaraktivitet": "interpellationsdebatt",
    "anforande_id": "d41f8197-5344-e711-9450-00262d0d7125",
    "anforande_nummer": "105",
    "talare": "Statsrådet Anna Johansson (S)",
    "parti": "S",
    "anforandetext": "<p>Herr talman! Jag har inte sagt någonting om vattentäta skott. Jag har sagt att Luftfartsverket muntligen har redovisat att samma personer som finns i inköpandefunktion på Luftfartsverket inte ska sitta i styrelsen för bolaget. Det vill säga att om man ansvarar för inköp på Luftfartsverket ska man inte samtidigt ha intresse i bolaget. Det tycker jag är en helt rimlig ordning. Men vattentäta skott är ju svårt att ha eftersom Luftfartsverket är delägare i bolaget. Det vore en fullständigt orimlig hållning att ha, och den har inte den här ministern heller.</p><p> STYLEREF Kantrubrik \\* MERGEFORMAT Svar på interpellationer</p><p>Det är jättebra att Edward Riedl är positiv till tekniken. Men interpellationerna och den anda som de ställs i och de insinuationer som kommer från både talarstolen och interpellationerna antyder att Edward Riedl vill att den nya tekniken ska finnas men inte användas, vilket är en ganska konstig inställning.</p><p>Det insinueras också i dessa frågeställningar att Transportstyrelsen har underlåtit att ställa rätt säkerhetskrav och att arbetet inte har utförts på rätt sätt eftersom denna verksamhet i dag bedrivs med tillstånd från Transportstyrelsen och eftersom Transportstyrelsen under hela tiden har varit involverad i att säkerställa att alla de regelverk som finns på detta område följs - och de är många och omfattande, och det har varit ett enormt stort arbete.</p><p>Hävdar Edward Riedl att Transportstyrelsen inte har gjort sitt jobb med att säkerställa säkerheten innan man tillåtit detta tycker jag att Edward Riedl ska säga det. Det är i så fall en allvarlig kritik av myndigheten, som i så fall behöver hanteras i särskild ordning.</p><p>Min uppfattning är att Transportstyrelsen har arbetat med detta seriöst, att Luftfartsverket har hanterat det seriöst och att Swedavia nu ser om möjligheter finns att använda den nya tekniken för att effektivisera sin verksamhet, till nytta och gagn för flygpassagerare och flygbolag i hela Sverige. Jag tycker att det är bra.</p><p>Det är självklart att vi ska ställa höga krav på att säkerheten efterlevs och på att de kalkyler man gör håller måttet. Jag förutsätter att styrelserna i Swedavia respektive Luftfartsverket gör så. De har knappast ett intresse av att göra dåliga affärer. </p><p>Det finns dock inget som styrker det som Edward Riedl antyder: att detta skulle kunna bli väldigt mycket dyrare. Det är en inlaga från en organisation som tycker så, men här finns olika uppfattningar. Jag har svårt att se på vilket sätt Edward Riedls utsaga skulle vara mer rätt än någon annans.</p>",
    "intressent_id": "0691264514114",
    "rel_dok_id": "H4C120170502ip",
    "replik": "N",
    "systemdatum": "2017-05-29 11:46:41"
  }
}