﻿{
  "anforande": {
    "dok_hangar_id": "4703370",
    "dok_id": "H409101",
    "dok_titel": "Protokoll 2016/17:101 Torsdagen den 27 april",
    "dok_rm": "2016/17",
    "dok_nummer": "101",
    "dok_datum": "2017-04-27 00:00:00",
    "avsnittsrubrik": "Frågestund",
    "underrubrik": "Den växande vildsvinsstammen",
    "kammaraktivitet": "frågestund",
    "anforande_id": "f279ecae-bb3b-e711-9452-00262d0d0c40",
    "anforande_nummer": "56",
    "talare": "Magnus Oscarsson (KD)",
    "parti": "KD",
    "anforandetext": "<p>Fru talman! Min fråga är till landsbygdsministern. </p><p>Den växande vildsvinsstammen i Sverige orsakar enorma skador varje år, vilket är förödande för jordbrukarna och andra näringsidkare på landsbygden.</p><p>Bönderna får betala det högsta priset, med uppbökade åkrar och vallodlingar och stora skador som blir följden av det. Kostnaderna överskrider 660 miljoner varje år. Vildsvinen står också för ett stort antal viltolyckor i trafiken. Det är ungefär 3 000 varje år. Därutöver har många villaägare väldiga bekymmer med uppbökade gräsmattor.</p><p>Sommaren 2016 lämnade regeringen ett förslag om reglering av viltutfodring. Förslaget hade en hel del brister och avvisades av riksdagen.</p><p>Min fråga är om landsbygdsministern kommer att arbeta fram en ny proposition inom en snar framtid.</p>",
    "intressent_id": "0792733370419",
    "rel_dok_id": "H4C120170427fs",
    "replik": "N",
    "systemdatum": "2017-05-18 13:18:58"
  }
}