﻿{
  "anforande": {
    "dok_hangar_id": "4703370",
    "dok_id": "H409101",
    "dok_titel": "Protokoll 2016/17:101 Torsdagen den 27 april",
    "dok_rm": "2016/17",
    "dok_nummer": "101",
    "dok_datum": "2017-04-27 00:00:00",
    "avsnittsrubrik": "Fiskeripolitik",
    "underrubrik": null,
    "kammaraktivitet": "ärendedebatt",
    "anforande_id": "987aecae-bb3b-e711-9452-00262d0d0c40",
    "anforande_nummer": "214",
    "talare": "Jesper Skalberg Karlsson (M)",
    "parti": "M",
    "anforandetext": "<p>Fru ålderspresident! Före valet 2014 var Miljöpartiet kanske det parti som drev trålförbud allra starkast. Och det vore konstigt om det inte hade varit så, eftersom partiet innan Socialdemokraterna regerade sönder det hade sitt enda existensberättigande i att driva miljöfrågor.</p><p>Vänsterpartiet, ett annat parti på vänsterkanten, har som idé just nu att ta allting som Miljöpartiet en gång tyckte och tycka det lite hårdare. Om Miljöpartiet säger 2,2 säger Vänsterpartiet 2,4. Det är klart att Vänsterpartiet också driver en hård linje mot trålfiske. Båda har kanske lite grann nyanserats de senaste åren, som vi hörde av Jens Holm tidigare.</p><p>Men man blir lite förvånad när Socialdemokraterna väljer att drämma till med storsläggan på sin kongress och medverka till avvecklingsplanen för räkfiske. Ledamoten Marianne Pettersson sa tidigare att det är Socialdemokraterna själva som ska tolka sina egna kongressbeslut. Så är det absolut. Men frågan från mig och från Sveriges räkfiskare blir: Kommer man att göra verklighet av partiets kongressbeslut och kroka arm med V och MP i denna avvecklingsplan för räkfisket?</p>",
    "intressent_id": "0250583732424",
    "rel_dok_id": "H401MJU14",
    "replik": "Y",
    "systemdatum": "2017-05-18 13:19:12"
  }
}