﻿{
  "anforande": {
    "dok_hangar_id": "4703370",
    "dok_id": "H409101",
    "dok_titel": "Protokoll 2016/17:101 Torsdagen den 27 april",
    "dok_rm": "2016/17",
    "dok_nummer": "101",
    "dok_datum": "2017-04-27 00:00:00",
    "avsnittsrubrik": "Frågestund",
    "underrubrik": "Postgång på landsbygden",
    "kammaraktivitet": "frågestund",
    "anforande_id": "1b7aecae-bb3b-e711-9452-00262d0d0c40",
    "anforande_nummer": "97",
    "talare": "Statsrådet Sven-Erik Bucht (S)",
    "parti": "S",
    "anforandetext": "<p>Fru talman! Samhällsservicen på svensk landsbygd är viktig, och regeringen har faktiskt stärkt samhällsservicen på svensk landsbygd mycket. Inte minst gäller det livsmedelshandlarna, där vi har gått in med ett nytt stöd så att vi har stoppat butiksdöden på svensk landsbygd.</p><p></p><p>Som landsbygdsminister är det två frågor jag inte kan uttala mig i, och det är biståndsfrågor och utrikespolitiska frågor. Allt annat finns faktiskt ute på svensk landsbygd, liksom i staden.</p>",
    "intressent_id": "0781357446917",
    "rel_dok_id": "H4C120170427fs",
    "replik": "N",
    "systemdatum": "2017-05-18 13:18:59"
  }
}