﻿{
  "anforande": {
    "dok_hangar_id": "4703370",
    "dok_id": "H409101",
    "dok_titel": "Protokoll 2016/17:101 Torsdagen den 27 april",
    "dok_rm": "2016/17",
    "dok_nummer": "101",
    "dok_datum": "2017-04-27 00:00:00",
    "avsnittsrubrik": "Frågestund",
    "underrubrik": "Åtgärdsprogram för landsbygden",
    "kammaraktivitet": "frågestund",
    "anforande_id": "fc79ecae-bb3b-e711-9452-00262d0d0c40",
    "anforande_nummer": "66",
    "talare": "Marianne Pettersson (S)",
    "parti": "S",
    "anforandetext": "<p>Fru talman! Tack, statsrådet, för svaret!</p><p>Min nästa fråga är: Vad händer med Landsbygdskommitténs arbete, och hur kommer regeringen att föra detta arbete vidare?</p>",
    "intressent_id": "0341628241813",
    "rel_dok_id": "H4C120170427fs",
    "replik": "N",
    "systemdatum": "2017-05-18 13:18:58"
  }
}