﻿{
  "anforande": {
    "dok_hangar_id": "4706363",
    "dok_id": "H409103",
    "dok_titel": "Protokoll 2016/17:103 Tisdagen den 2 maj",
    "dok_rm": "2016/17",
    "dok_nummer": "103",
    "dok_datum": "2017-05-02 00:00:00",
    "avsnittsrubrik": "Svar på interpellationerna 2016/17:402, 403, 404, 405 och 406 om fjärrstyrd flygledning",
    "underrubrik": null,
    "kammaraktivitet": "interpellationsdebatt",
    "anforande_id": "d21f8197-5344-e711-9450-00262d0d7125",
    "anforande_nummer": "103",
    "talare": "Statsrådet Anna Johansson (S)",
    "parti": "S",
    "anforandetext": "<p>Herr talman! Jag börjar med den sista frågan. Den är jag ganska säker på att jag har besvarat tidigare här i kammaren.</p><p>Var Swedavia vill bedriva sin verksamhet och på vilket sätt man väljer att organisera den är något som Swedavia måste svara på, och det är ingenting som är föremål för regeringsbeslut. Det som Swedavia själva uppger i den här frågan är att de kan dra fler fördelar när det gäller att digitalisera i det här fallet Arlanda flygplats, där fjärrstyrda flygledningstorn bara är en del i ett större digitaliseringsprojekt som man avser att gå vidare med. Jag kan inte bedöma huruvida det är ett bra sätt att göra det eller inte, men jag litar på att Swedavia vet vad de gör med sin verksamhet.</p><p>Det är lite grann på samma sätt när det gäller de övriga frågorna. Jag måste säga att jag är oerhört stolt över att vi har ett klimat i Sverige där offentliga myndigheter, offentligägda bolag och privata bolag gemensamt utvecklar ny teknik. Det kan skapa bättre förutsättningar för tillgänglighet, effektivisering, ökad säkerhet och redundans och dessutom vara en väldigt bra affär, som kan innebära fler nya jobb i Sverige och bidra till en positiv utveckling.</p><p> STYLEREF Kantrubrik \\* MERGEFORMAT Svar på interpellationer</p><p>Jag är mycket positiv till ny teknik och de möjligheter som den nya tekniken skapar för oss människor, till exempel att bedriva flygtrafiktjänster under en större del av dagens timmar och veckans dagar på de flygplatser där trafikunderlaget kanske inte riktigt medger det i dag. Det ger exempelvis förutsättningar för sjuktransporter och räddningsinsatser under en större del av veckans timmar än vad som i dag är fallet. Det är möjligt att Edward Riedl har en annan syn på teknikutveckling, och den får han i så fall gärna redogöra för.</p><p>När ny teknik kommer fram ska det självklart säkerställas att den fungerar på ett säkert sätt. Därför är det positivt att Transportstyrelsen har haft en så aktiv del i att i varje steg i processen säkerställa att den nya tekniken följer de krav som finns på flygtrafikledningssäkerhet och att man har fått de tillstånd som krävs för att få bedriva verksamheten. Jag litar på att expertmyndigheten ställer precis alla de krav som man ska ställa på att det här är en verksamhet som bedrivs på ett säkert sätt.</p><p>Huruvida detta kommer att spara pengar eller inte finns det lite olika uppfattningar om. Det som Luftfartsverket beskriver är att man genom denna utveckling kan få en mer effektiv flygledning som kan samordna sin verksamhet, inte behöver hålla flygplatser öppna på samma sätt som tidigare och som därmed kan erbjuda bättre service till en lägre kostnad. Jag har inte något skäl att göra en annan bedömning än vare sig Swedavia eller Luftfartsverket i den delen.</p><p>Sammantaget kan jag säga att det naturligtvis alltid finns risker med ny teknik, och dessa ska vi beakta, motverka och hantera på ett sådant sätt att säkerhet och ordning och reda kan säkerställas. Men att, som Edward Riedl, i interpellation efter interpellation ifrågasätta om den nya tekniken är bra är en lite defensiv hållning, skulle jag vilja påstå. </p><p>Jag skulle vilja ställa några motfrågor till Edward Riedl. Vad tycker Edward Riedl att regeringen ska göra med den nya tekniken? Ska vi slänga den i papperskorgen och låta andra länder springa före? Ska vi säga till våra statliga bolag att de inte ska utnyttja teknikens möjligheter? Eller vad är Edward Riedls förslag?</p>",
    "intressent_id": "0691264514114",
    "rel_dok_id": "H4C120170502ip",
    "replik": "N",
    "systemdatum": "2017-05-29 11:46:41"
  }
}