﻿{
  "anforande": {
    "dok_hangar_id": "4703370",
    "dok_id": "H409101",
    "dok_titel": "Protokoll 2016/17:101 Torsdagen den 27 april",
    "dok_rm": "2016/17",
    "dok_nummer": "101",
    "dok_datum": "2017-04-27 00:00:00",
    "avsnittsrubrik": "Medborgarskap, Migration och asylpolitik, Anhöriginvandring och Arbetskraftsinvandring",
    "underrubrik": null,
    "kammaraktivitet": "ärendedebatt",
    "anforande_id": "ca79ecae-bb3b-e711-9452-00262d0d0c40",
    "anforande_nummer": "18",
    "talare": "Maria Ferm (MP)",
    "parti": "MP",
    "anforandetext": "<p>Fru ålderspresident! De slutsatser som vi drar efter det stora flyktingåret 2015 är dels att Sverige behöver öka kapaciteten i mottagandet, göra det mer flexibelt och förbättra etableringen, dels att vi behöver arbeta hårt för ett gemensamt ansvarstagande inom EU. Och det är precis det som vi arbetar med. </p><p></p><p>Jag nämnde i mitt anförande många initiativ och stora reformer som regeringen genomfört just för att förbättra etableringen, som att människor snabbare ska kunna validera eller komplettera sin utbildning, vidareutbilda sig, lära sig svenska, komma ut på arbetsmarknaden och bidra till samhället. Det tror jag är centralt, och det är viktigt att kunna bli bättre på det området. Men vi har genomfört mycket, som snabbspår och nya system för validering - på många olika områden helt enkelt.</p><p>Det är viktigt att hela Sverige är med och bidrar, att vi gemensamt tar ansvar för flyktingmottagandet. Det tror jag också är viktigt i EU. Där arbetar ju Sverige för att vi ska ha en situation framöver där alla EU:s medlemsstater är med och hjälper till att ta emot människor som är på flykt, för människor kommer att fortsätta fly.</p><p>Alternativet är inte att frångå mänskliga rättigheter eller att säga att människor inte är välkomna, utan vi ska ta ett gemensamt ansvar och kan på sätt hjälpa fler. Det tror jag gör att systemet blir mer hållbart och att vi kan få en förståelse i alla medlemsstater för att vi behöver göra detta när världen ser ut som den gör.</p><p>Precis som du säger är det en mycket föränderlig verklighet. Det enda vi kan vara säkra på är att det alltid kommer att finnas risk för krig och konflikter och att människor kommer att vara tvungna att fly för sina liv. Då behöver vi ha system för att hantera det.</p>",
    "intressent_id": "0462699892622",
    "rel_dok_id": "H401SfU14, H401SfU15, H401SfU16, H401SfU17",
    "replik": "Y",
    "systemdatum": "2017-05-18 13:18:53"
  }
}