﻿{
  "anforande": {
    "dok_hangar_id": "4703370",
    "dok_id": "H409101",
    "dok_titel": "Protokoll 2016/17:101 Torsdagen den 27 april",
    "dok_rm": "2016/17",
    "dok_nummer": "101",
    "dok_datum": "2017-04-27 00:00:00",
    "avsnittsrubrik": "Frågestund",
    "underrubrik": "Regeringen och Saudiarabiens medlemskap i FN:s kvinnokommission",
    "kammaraktivitet": "frågestund",
    "anforande_id": "d979ecae-bb3b-e711-9452-00262d0d0c40",
    "anforande_nummer": "31",
    "talare": "Statsrådet Isabella Lövin (MP)",
    "parti": "MP",
    "anforandetext": "<p>Fru talman! Vi lever verkligen i svåra tider just nu, och vi behöver FN mer än någonsin. Vi behöver också ett effektivt FN-arbete, och Sverige är en aktiv medlem.</p><p>Inget medlemsland avslöjar hur man röstar, för då kommer man inte att kunna komma framåt på ett konstruktivt sätt i dessa sammanhang. Jag vill också notera att länder som exempelvis Iran även under alliansregeringen valdes in i dessa församlingar.</p>",
    "intressent_id": "0911490574010",
    "rel_dok_id": "H4C120170427fs",
    "replik": "N",
    "systemdatum": "2017-05-18 13:18:57"
  }
}