﻿{
  "anforande": {
    "dok_hangar_id": "4703370",
    "dok_id": "H409101",
    "dok_titel": "Protokoll 2016/17:101 Torsdagen den 27 april",
    "dok_rm": "2016/17",
    "dok_nummer": "101",
    "dok_datum": "2017-04-27 00:00:00",
    "avsnittsrubrik": "Frågestund",
    "underrubrik": "Beskattningen av arbete",
    "kammaraktivitet": "frågestund",
    "anforande_id": "ee79ecae-bb3b-e711-9452-00262d0d0c40",
    "anforande_nummer": "52",
    "talare": "Maria Malmer Stenergard (M)",
    "parti": "M",
    "anforandetext": "<p>Fru talman! Min fråga går till statsrådet Per Bolund. </p><p>Regeringen har nu gjort Sverige till det land i världen där det lönar sig allra minst att jobba en timme extra. Men man är ändå inte nöjd. Det ska löna sig ännu sämre. Trots vallöften från regeringen om att inte höja skatten för vanligt folk gör man helt vanligt folk till höginkomsttagare, och man beskattar dem därefter.</p><p>Det gäller tre av tio sjuksköterskor, fyra av tio barnmorskor, fyra av tio poliser och fem av tio lokförare. Det är människor som verkligen behövs för att Sverige ska fungera. Varför vill regeringen göra det mindre lönsamt för dem att gå till jobbet? Och hur tror ministern att vi ska locka fler till de här yrkena när det lönar sig mindre att utbilda sig?</p>",
    "intressent_id": "0572788110724",
    "rel_dok_id": "H4C120170427fs",
    "replik": "N",
    "systemdatum": "2017-05-18 13:18:57"
  }
}