﻿{
  "anforande": {
    "dok_hangar_id": "4702552",
    "dok_id": "H409100",
    "dok_titel": "Protokoll 2016/17:100 Onsdagen den 26 april",
    "dok_rm": "2016/17",
    "dok_nummer": "100",
    "dok_datum": "2017-04-26 00:00:00",
    "avsnittsrubrik": "Bostadspolitik och Planering och byggande",
    "underrubrik": null,
    "kammaraktivitet": "ärendedebatt",
    "anforande_id": "4aa891a8-413a-e711-9452-00262d0d0c40",
    "anforande_nummer": "94",
    "talare": "Emma Hult (MP)",
    "parti": "MP",
    "anforandetext": "<p>Fru ålderspresident! Tack, Ola Johansson, för svaren! Okej, det var alltså inte inom det här betänkandet ni skulle reformera bostadspolitiken i grunden. Jag blev ändå lite nyfiken över ett så tydligt ställningstagande i ditt anförande. Det var nog fler än bara bostadsministern som behövde släppa sargkanten. Ska man göra sådana här saker behöver de också finansieras, och det var inte heller ni riktigt intresserade av att diskutera. Men de frågorna kanske vi ska ta när vi diskuterar budgetbetänkandet, för det kanske mer hör hemma där. </p><p>Jag har också en annan fundering. Ola Johansson säger att byggbonusen bara gick till storstäder och tillväxtregioner. Krokom, Aneby, Gnosjö, Jokkmokk och många fler har tagit ett mycket stort ansvar för att ta hand om nyanlända och asylsökande under den utmaning Sverige har stått inför. De väljer också att bygga bostäder och hade uppenbarligen en uppdaterad översiktsplan och ett bostadsförsörjningsprogram, och de har fått ta del av pengarna. Jag gissar att du inte menar att detta är storstäder eller tillväxtregioner, även om säkert vissa av invånarna gärna skulle vilja se sin kommun på det sättet. </p><p> STYLEREF Kantrubrik \\* MERGEFORMAT Bostadspolitik och Planering och byggande</p><p>Hur vill Ola Johansson att vi ska motivera kommuner att följa lagen? Enligt lagen ska man ha en uppdaterad översiktsplan och ett uppdaterat bostadsförsörjningsprogram. Jag tycker att det är ett jättebra verktyg att man ger en morot, så att kommunerna gör det de ska och dessutom ser till att det byggs fler bostäder. Tycker inte Ola Johansson det också, eller hur vill Ola Johansson att vi ska motivera kommuner att ha en uppdaterad översiktsplan, ett bostadsförsörjningsprogram, bygga bostäder och ta emot nyanlända?</p>",
    "intressent_id": "0628870165823",
    "rel_dok_id": "H401CU14, H401CU15",
    "replik": "Y",
    "systemdatum": "2017-05-16 16:12:54"
  }
}