﻿{
  "anforande": {
    "dok_hangar_id": "4546972",
    "dok_id": "H40910",
    "dok_titel": "Protokoll 2016/17:10 Onsdagen den 28 september",
    "dok_rm": "2016/17",
    "dok_nummer": "10",
    "dok_datum": "2016-09-28 00:00:00",
    "avsnittsrubrik": "Regional anpassning av arbetsmarknadsutbildning",
    "underrubrik": null,
    "kammaraktivitet": "ärendedebatt",
    "anforande_id": "15d5f233-e195-e611-9441-00262d0d7125",
    "anforande_nummer": "14",
    "talare": "Annika Qarlsson (C)",
    "parti": "C",
    "anforandetext": "<p>Herr talman! I betänkandet behandlas regeringens skrivelse om Riksrevisionens kritik om hur Arbetsförmedlingen anpassat sina arbetsmarknadsutbildningar efter regional och lokal efterfrågan på arbetskraft. Riksrevisionen konstaterar att nuvarande arbetssätt innebär en risk för att arbetsgivarnas rekryteringsbehov inte möts på ett tillfredsställande sätt.</p><p>Det här är en granskning av flera som ligger till grund för nya ställningstaganden för Centerpartiet.</p><p>Effekten av arbetsmarknadsutbildningar har varierat över tid. Från att ha haft mätbara positiva effekter under 80-talet sjönk effektiviteten under 90-talet. I början av 2000-talet uppmättes återigen positiva effekter, särskilt för vissa yrkesinriktade utbildningar, utbildningar riktade till något äldre personer och personer med lägre utbildning.</p><p>På senare år har effektiviteten återigen sjunkit och är nu generellt sett låg. Potentiella förklaringar är ökade volymer, sämre arbetsmarknadsläge och en förändrad sammansättning bland deltagarna.</p><p>De grupper som förefaller ha störst utbyte av programmet är äldre, personer med kortare utbildningsbakgrund samt utomnordiskt födda. Även personer med funktionsnedsättning har i perioder visat sig ha större nytta av arbetsmarknadsutbildningar än andra. </p><p>Centerpartiet vill minska omfattningen av de två stora arbetsmarknadspolitiska programmen som ger rätt till aktivitetsstöd på två sätt. För det första måste möjligheten för arbetssökande att lära på jobbet förbättras. Det görs bland annat genom att lärlingsjobben utvidgas till fler personer och fler typer av företag. För det andra bör utbildningsplatserna inom det reguljära utbildningssystemet öka. Särskilt yrkeshögskolan och yrkesvux är utbildningsprogram som delvis bör ersätta arbetsmarknadsutbildningarna.</p><p>Värdet av att snabbt kunna ställa om och omskola sig, jämfört med att genomgå längre och mer omfattande utbildningsinsatser, kan antas vara större för äldre personer. Detta gäller eftersom utbildningar leder till inlåsning och produktionsbortfall på kort sikt men höjer produktiviteten och inkomsterna på längre sikt. Yngre personer bör därför i högre grad ges möjlighet till utbildningsinsatser inom det reguljära utbildningssystemet.</p><p>Personer som står nära arbetsmarknaden är också ofta i mindre behov av utbildningsinsatser. För dessa personer är ett aktivt jobbsökande generellt mer prioriterat. För äldre personer som bedöms stå längre ifrån arbetsmarknaden, där positiva effekter bevisligen finns, ska arbetsmarknadsutbildningar användas. </p><p> STYLEREF Kantrubrik \\* MERGEFORMAT Regional anpassning av arbetsmarknads-utbildning</p><p>En väl fungerande arbetsmarknadspolitik bidrar till att underlätta för arbetssökande att komma i arbete och minskar eventuella flaskhalsar på arbetsmarknaden. Det kan göras på ett antal olika sätt, bland annat genom att hjälpa arbetslösa att söka jobb, öka arbetssökandes anställbarhet genom utbildning och stötta företag som anställer personer som står långt från arbetsmarknaden.</p><p>Förutom denna förändring vad gäller arbetsmarknadsutbildningar vill Centerpartiet också förändra Arbetsförmedlingens struktur och funktion i likhet med många andra länder. Det mest kända exemplet är Australien. Där placeras arbetssökande i olika kategorier, beroende på hur långt från arbetsmarknaden de bedöms stå. Fristående förmedlare ges sedan en ersättning, som bygger på denna kategorisering och som till stor del är prestationsbaserad. De arbetssökande kan välja mellan olika regionala förmedlare. Förmedlingsaktörerna utvärderas kontinuerligt och ges betyg som underlättar vid framtida upphandlingar och bidrar till ökad information om olika aktörers effektivitet. Australiens system har varit en viktig bidragande orsak till att arbetslösheten mer än halverats och kostnaderna för arbetsförmedling minskat. </p><p>Liknande möjligheter att välja arbetsförmedlare har införts i Nacka kommun och inom ramen för trygghetsorganisationerna TSL och TRR.</p><p>Centerpartiet vill, med inspiration från bland annat Australien, införa en jobbfixarpeng. Det är en peng som följer den arbetssökande till den förmedling som hen själv finner bäst lämpad att hjälpa den arbetssökande att komma i varaktig sysselsättning. Aktören kan vara ideell, privat eller kommunal.</p><p>Svensk arbetsmarknadspolitik tar stora resurser i anspråk. Effektiviteten är dock sällan tillfredsställande. Centerpartiet vill se färre, enklare och mer effektiva arbetsmarknadspolitiska åtgärder. De resurser som sparas genom sådana reformer bör i stället användas för att finansiera jobbskapande reformer. </p><p>Herr talman! Vi har i detta betänkande inget yrkande, men vi återkommer i vår budgetmotion nästa vecka med förslag i enlighet med mitt anförande. </p>",
    "intressent_id": "0962841101917",
    "rel_dok_id": "H401AU3",
    "replik": "N",
    "systemdatum": "2016-10-19 11:49:04"
  }
}