﻿{
  "anforande": {
    "dok_hangar_id": "4546972",
    "dok_id": "H40910",
    "dok_titel": "Protokoll 2016/17:10 Onsdagen den 28 september",
    "dok_rm": "2016/17",
    "dok_nummer": "10",
    "dok_datum": "2016-09-28 00:00:00",
    "avsnittsrubrik": "Regional anpassning av arbetsmarknadsutbildning",
    "underrubrik": null,
    "kammaraktivitet": "ärendedebatt",
    "anforande_id": "14d5f233-e195-e611-9441-00262d0d7125",
    "anforande_nummer": "13",
    "talare": "Marco Venegas (MP)",
    "parti": "MP",
    "anforandetext": "<p>Herr talman! Arbetsmarknadsutbildningar är ett bra arbetsmarknadspolitiskt program för att få in arbetssökande på arbetsmarknaden. Det är därför av vikt att utbildningarna anpassas i första hand efter det regionala behovet.</p><p>En viktig anledning till att arbeta regionalt anpassat är att regionerna har bättre insyn och kunskap gällande utbildning och arbetstillfällen inom sin egen region. Viktigt är att Arbetsförmedlingen kan finna en god balans i avvägningen mellan nationell, regional och lokal upphandling.</p><p>Herr talman! Att anpassa arbetsmarknadsutbildningar efter regionen kan också vara ett sätt att ta till vara individers kunskaper och kompetens. Att ta till vara individers kunskaper och kompetens är av stor vikt, inte minst för att det blir en samhällsinvestering. Det främjar det lokala näringslivet, arbetsmarknaden och integrationen. Det främjar även individer med utländsk bakgrund som kan komma närmare ett arbete i Sverige som motsvarar deras yrkeskompetens.</p><p>Herr talman! Även utbildningar i bristyrken som finns i den egna regionen bör prioriteras. Idén om riktat stöd för anställning i förväg är god, och Arbetsförmedlingen har vid några projekt arbetat på det viset, detta för att på ett smidigt sätt kunna täcka arbetsbristen i regionen, speciellt i mindre kommuner, och för att det är ett bra sätt för ungdomar och nyanlända att få en stadigvarande start på arbetsmarknaden. Kommuner som är särskilt drabbade av befolkningsminskning skulle se detta som ett bra tillfälle att återuppbygga sin kommun.</p><p> STYLEREF Kantrubrik \\* MERGEFORMAT Regional anpassning av arbetsmarknads-utbildning</p><p>Herr talman! En annan viktig aktör på arbetsmarknaden är arbetsgivarna. Anpassning till arbetsgivarens behov bör eftersträvas även fortsättningsvis. Det är trots allt arbetsgivarna som ska anställa den arbetssökande efter avslutad arbetsmarknadsutbildning.</p><p>Herr talman! Miljöpartiet de gröna yrkar bifall till utskottets förslag i betänkandet och avslag på motionerna.</p><p>(Applåder)</p>",
    "intressent_id": "0200490530919",
    "rel_dok_id": "H401AU3",
    "replik": "N",
    "systemdatum": "2016-10-19 11:49:04"
  }
}