﻿{
  "anforande": {
    "dok_hangar_id": "4702552",
    "dok_id": "H409100",
    "dok_titel": "Protokoll 2016/17:100 Onsdagen den 26 april",
    "dok_rm": "2016/17",
    "dok_nummer": "100",
    "dok_datum": "2017-04-26 00:00:00",
    "avsnittsrubrik": "Bostadspolitik och Planering och byggande",
    "underrubrik": null,
    "kammaraktivitet": "ärendedebatt",
    "anforande_id": "4ea891a8-413a-e711-9452-00262d0d0c40",
    "anforande_nummer": "98",
    "talare": "Lars Eriksson (S)",
    "parti": "S",
    "anforandetext": "<p>Fru talman! Jag tycker att den här debatten har varit mycket trevlig på många sätt, ända tills Robert Hannah äntrade talarstolen. Han vräkte ur sig på ett sätt som är helt opassande den debatt vi har haft.</p><p>Allt, precis allt, är Socialdemokraternas fel. Det är vad Robert Hannahs anförande handlade om. Allt är Socialdemokraternas fel. Det är sagt av en ledamot i utskottet som annars säger att Sveriges verkliga problem är Moderaternas närmande till Sverigedemokraterna. Allt är Socialdemokraternas fel. Det är vårt fel att det råder segregation i Sverige. Det är vårt fel att det råder bostadsbrist i Sverige. Allt är vårt fel.</p><p>Det är helt orimligt att stå här och hävda något sådant, men det kanske går för sig om man är företrädare för ett av Sveriges minsta partier som försöker vara störst genom att skrika absolut högst i talarstolen. Det har varit ett mycket bra tonläge från Ola Johansson, Tuve Skånberg och Ewa Thalén Finné i debatten ända tills Robert Hannah går upp i talarstolen. Det är helt olämpligt att hålla ett sådant anförande.</p><p>Robert Hannah har hävdat att Socialdemokraterna inte gör någonting. Det har vi hört från andra också. Ändå finns ett bostadsbyggande i Sverige i dag som är fullt i nivå med miljonprogrammets dagar. Det är naturligtvis bara slumpen som har gjort att den situationen råder.</p><p>Det finns listor på bolag som nu söker investeringsstöd för att bygga studentbostäder och hyresrätter över hela landet. Nooshi Dadgostar redovisade tidigare att forskningen visar att det byggs bostäder där de tidigare inte skulle ha byggts.</p><p>(Applåder) </p>",
    "intressent_id": "0988383147219",
    "rel_dok_id": "H401CU14, H401CU15",
    "replik": "Y",
    "systemdatum": "2017-05-16 16:12:54"
  }
}