﻿{
  "anforande": {
    "dok_hangar_id": "4703370",
    "dok_id": "H409101",
    "dok_titel": "Protokoll 2016/17:101 Torsdagen den 27 april",
    "dok_rm": "2016/17",
    "dok_nummer": "101",
    "dok_datum": "2017-04-27 00:00:00",
    "avsnittsrubrik": "Skogspolitik",
    "underrubrik": null,
    "kammaraktivitet": "ärendedebatt",
    "anforande_id": "887aecae-bb3b-e711-9452-00262d0d0c40",
    "anforande_nummer": "199",
    "talare": "Stina Bergström (MP)",
    "parti": "MP",
    "anforandetext": "<p>Fru ålderspresident! Arbetet med skydd av skog styrs i hög grad av etappmålen inom miljömålssystemet. Det etappmål som nu gäller beslutade den förra regeringen om 2014. Det innebär bland annat att skogsmark som ska ges formellt skydd ska öka med ca 150 000 hektar till 2020.</p><p>För att nå målet med formellt skydd behövs det pengar för att ersätta skogsägare, om man tycker att skogsägarna ska bli ersatta. Vår samarbetsregering har därför gjort den största satsningen någonsin och dubblerat anslaget till skydd av värdefull natur från 600 miljoner till 1,2 miljarder om året. Man har dessutom förstärkt anslaget till biotopskydd och naturvårdsavtal med 100 miljoner om året.</p><p>Trots att de här etappmålen i miljömålssystemet antogs av alliansregeringen, där Lars-Axel Nordells parti Kristdemokraterna ingick, vill Kristdemokraterna skära bort hela denna satsning som regeringen gör. Därför vill jag fråga Lars-Axel Nordell hur ni tänker. Tycker inte Kristdemokraterna att skogsägare bör få ersättning när de avstår från att avverka sina skogar?</p>",
    "intressent_id": "0401968752713",
    "rel_dok_id": "H401MJU13",
    "replik": "Y",
    "systemdatum": "2017-05-18 13:19:12"
  }
}