﻿{
  "anforande": {
    "dok_hangar_id": "4703370",
    "dok_id": "H409101",
    "dok_titel": "Protokoll 2016/17:101 Torsdagen den 27 april",
    "dok_rm": "2016/17",
    "dok_nummer": "101",
    "dok_datum": "2017-04-27 00:00:00",
    "avsnittsrubrik": "Skogspolitik",
    "underrubrik": null,
    "kammaraktivitet": "ärendedebatt",
    "anforande_id": "7a7aecae-bb3b-e711-9452-00262d0d0c40",
    "anforande_nummer": "185",
    "talare": "Isak From (S)",
    "parti": "S",
    "anforandetext": "<p>Fru ålderspresident! Tack för frågorna, Johan Hultberg! Jag oroar mig faktiskt över att man lyfter frågan om LULUCF till att bli populistisk. Det är mycket viktigt att vi är överens om det nationella självbestämmandet. Jag ser den största risken i att man blir populistisk åt olika håll. Det har varit en styrka för Sverige att vi har haft en enad front.</p><p>Jag sa i mitt anförande att vi i Sverige hade klarat bägge bokföringsmetoderna även med ett högre skogsuttag. Det som är bekymmersamt är att om vi driver frågan så hårt att vi låter andra länder siffertrixa riskerar det på sikt att skada svenskt skogsbruk och svensk skogsnäring. Det ser jag som allvarligt.</p><p>Jag ser nog att det finns goda möjligheter att plocka ut mer av tillväxten ur skogen. Det är bland annat med anledning av de möjligheterna som den här regeringen nu har fattat beslut om att vi höjer skatterna för fossila bränslen i värmeverken. Vi sänker och kommer att sänka skatterna på ett antal biodrivmedel. Vi vill ha in mer flis i värmeverken. Vi vill öka andelen produkter som skogsägarna kan avsätta, sälja, och få inkomster för. Det är det som är skillnaden. Det är det som vi gör. Vi ser på de innovationsmöjligheter som finns i skogen: nya material, nya kemiska produkter och nya drivmedel som kan komma ut på marknaden och skapa jobb, framtid och tillväxt. Det är den vägen vi vill gå. Populistiskt trams hör hemma någon annanstans.</p>",
    "intressent_id": "0506482805418",
    "rel_dok_id": "H401MJU13",
    "replik": "Y",
    "systemdatum": "2017-05-18 13:19:12"
  }
}