﻿{
  "anforande": {
    "dok_hangar_id": "4702552",
    "dok_id": "H409100",
    "dok_titel": "Protokoll 2016/17:100 Onsdagen den 26 april",
    "dok_rm": "2016/17",
    "dok_nummer": "100",
    "dok_datum": "2017-04-26 00:00:00",
    "avsnittsrubrik": "Bostadspolitik och Planering och byggande",
    "underrubrik": null,
    "kammaraktivitet": "ärendedebatt",
    "anforande_id": "48a891a8-413a-e711-9452-00262d0d0c40",
    "anforande_nummer": "92",
    "talare": "Emma Hult (MP)",
    "parti": "MP",
    "anforandetext": "<p>Fru ålderspresident! Nej, Ola Johansson, jag hade faktiskt inte tänkt fortsätta tala om bullret, om du inte väldigt gärna vill tala om just hur vi ska minska det vid källan, vilket har varit min tydliga ståndpunkt i denna debatt.</p><p>Jag vill börja med att säga att jag också tycker att ditt anförande var bra. Det kändes som att det var fart i dig i dag, och det är härligt att höra. Men i din första replik till Lars Eriksson påstod du att han använde alternativa fakta. Jag vill ändå klargöra att detta är ett argument som vi kanske ska använda med försiktighet och när det verkligen handlar om alternativa fakta. Lars Eriksson hade med sig Hem & Hyras artikel, där ett antal företag som ska bygga studentbostäder räknas upp.</p><p> STYLEREF Kantrubrik \\* MERGEFORMAT Bostadspolitik och Planering och byggande</p><p>Men låt mig komma till min första fråga. Precis i början av ditt anförande, Ola Johansson, sa du att bostadspolitiken bör reformeras i grunden. Sedan räknade du upp en massa saker, som för mig var det gamla vanliga. Jag undrar vad det är som Ola Johansson vill reformera i grunden. Jag antar att det är nya förslag och inte sådant ni brukar föreslå.</p>",
    "intressent_id": "0628870165823",
    "rel_dok_id": "H401CU14, H401CU15",
    "replik": "Y",
    "systemdatum": "2017-05-16 16:12:54"
  }
}