﻿{
  "anforande": {
    "dok_hangar_id": "4703370",
    "dok_id": "H409101",
    "dok_titel": "Protokoll 2016/17:101 Torsdagen den 27 april",
    "dok_rm": "2016/17",
    "dok_nummer": "101",
    "dok_datum": "2017-04-27 00:00:00",
    "avsnittsrubrik": "Frågestund",
    "underrubrik": "Omlokaliseringen av myndigheter",
    "kammaraktivitet": "frågestund",
    "anforande_id": "e579ecae-bb3b-e711-9452-00262d0d0c40",
    "anforande_nummer": "43",
    "talare": "Statsrådet Ardalan Shekarabi (S)",
    "parti": "S",
    "anforandetext": "<p></p><p>Fru talman! Ja, vi har satt igång ett arbete som handlar om att få en ordning för styrning av myndigheterna i lokaliseringsfrågan, just i syfte att ta ett helhetsansvar och se till att myndigheterna beaktar den regionala närvaron när de fattar beslut om lokaliseringen. Vi har stoppat Skatteverkets planer på att lägga ned kontor på nio orter, och jag har fått i uppdrag av statsministern att jobba för att öka servicenärvaron runt om i landet. Där jobbar vi med konceptet servicekontor.</p><p>Detta är ett viktigt arbete som den förra regeringen har försummat, men ändringar måste göras för att upprätthålla tilliten till den svenska staten.</p>",
    "intressent_id": "0922497728524",
    "rel_dok_id": "H4C120170427fs",
    "replik": "N",
    "systemdatum": "2017-05-18 13:18:57"
  }
}