﻿{
  "anforande": {
    "dok_hangar_id": "4706363",
    "dok_id": "H409103",
    "dok_titel": "Protokoll 2016/17:103 Tisdagen den 2 maj",
    "dok_rm": "2016/17",
    "dok_nummer": "103",
    "dok_datum": "2017-05-02 00:00:00",
    "avsnittsrubrik": "Svar på interpellation 2016/17:389 om evenemangslistan",
    "underrubrik": null,
    "kammaraktivitet": "interpellationsdebatt",
    "anforande_id": "e41f8197-5344-e711-9450-00262d0d7125",
    "anforande_nummer": "121",
    "talare": "Kultur- och demokratiministern Alice Bah Kuhnke (MP)",
    "parti": "MP",
    "anforandetext": "<p> STYLEREF Kantrubrik \\* MERGEFORMAT Svar på interpellationer</p><p>Herr talman! Jag tackar Olof Lavesson för debatten och för engagemanget.</p><p>Det finns en utredning. Det finns remisser. Det finns många frågor att avväga. Vi behöver rätt balans mellan behovet av fri konkurrens och medborgarnas grundläggande rättigheter att ta emot information. Det är med andra ord många frågetecken som behöver rätas ut, och frågan om en evenemangslista kräver fortsatt noggrann beredning. Vi lär återkomma i frågan.</p><p>Överläggningen var härmed avslutad.</p>",
    "intressent_id": "0787584650516",
    "rel_dok_id": "H410389",
    "replik": "N",
    "systemdatum": "2017-05-29 11:46:44"
  }
}