﻿{
  "anforande": {
    "dok_hangar_id": "4703370",
    "dok_id": "H409101",
    "dok_titel": "Protokoll 2016/17:101 Torsdagen den 27 april",
    "dok_rm": "2016/17",
    "dok_nummer": "101",
    "dok_datum": "2017-04-27 00:00:00",
    "avsnittsrubrik": "Väg- och fordonsfrågor",
    "underrubrik": null,
    "kammaraktivitet": "ärendedebatt",
    "anforande_id": "637aecae-bb3b-e711-9452-00262d0d0c40",
    "anforande_nummer": "163",
    "talare": "Emma Wallrup (V)",
    "parti": "V",
    "anforandetext": "<p>Fru talman! Jag tycker också att man ska lägga styrmedlen så att man gynnar en övergång och så att de inte blir felriktade och man inte har riktig insikt i hur verksamheten fungerar. Då riskerar man att lägga dem fel så att det bara blir pålagor. Men vi behöver styreffekt, och det är lite märkligt att ni är emot kilometerskatten samtidigt som du här talar om att vi ska gynna järnvägen helt på egna meriter och att ni vill införa 74 ton även på Europavägarna, som kommer att konkurrera med järnväg och sjöfart.</p><p>Jag ser inte framför mig hur din omställningsplan ser ut. Det är väldigt viktigt att vi har en noggrann omställningsplan som faktiskt ger styreffekt i verkligheten - att det inte bara är ord. Jag tror att du har ett engagemang, men jag tycker inte att det är genomtänkt. Vi måste ju agera fort och få en hävarmseffekt så att vi verkligen styr om. Det är verkligen svårt för mig att förstå hur det ska gå till om vi inte använder styrmedel.</p><p>Ni låg på 9 miljarder, och det är bra att ni höjde järnvägsunderhållet. Klimatdebatten hade nog inte kommit igång så mycket tidigare, så det berodde lite grann på det. Det är väldigt bra att ni gjorde det, men för hela järnvägsnätet behövs minst 10 miljarder bara för att hålla det i befintligt skick.</p><p>Det var bara Vänsterpartiet och, på ett populistiskt sätt, Sverigedemokraterna som låg på 10 miljarder; Sverigedemokraterna hade glömt många andra satsningar som måste till. Det var bara vi som inför valet låg på 10 miljarder i vår budget. Nu har vi kommit över den summan, vilket är väldigt bra.</p><p></p><p>Men jag håller med dig: långsiktiga regler och så mycket samverkan över blockgränserna som möjligt. På så sätt tror jag att vi kan komma närmare den omställning som behöver ske, och det är otroligt viktigt.</p>",
    "intressent_id": "0115834246514",
    "rel_dok_id": "H401TU14",
    "replik": "Y",
    "systemdatum": "2017-05-18 13:19:09"
  }
}