﻿{
  "anforande": {
    "dok_hangar_id": "4703370",
    "dok_id": "H409101",
    "dok_titel": "Protokoll 2016/17:101 Torsdagen den 27 april",
    "dok_rm": "2016/17",
    "dok_nummer": "101",
    "dok_datum": "2017-04-27 00:00:00",
    "avsnittsrubrik": "Medborgarskap, Migration och asylpolitik, Anhöriginvandring och Arbetskraftsinvandring",
    "underrubrik": null,
    "kammaraktivitet": "ärendedebatt",
    "anforande_id": "d079ecae-bb3b-e711-9452-00262d0d0c40",
    "anforande_nummer": "24",
    "talare": "Paula Bieler (SD)",
    "parti": "SD",
    "anforandetext": "<p>Fru ålderspresident! Precis som jag sa i min fråga vet jag egentligen svaret på min första fråga. Men anledningen till att jag frågar det här är att man ofta, inte minst när Johanna Jönsson framför Centerpartiets syn på detta, får höra att det räcker. Har vi bara fler lagliga vägar in till Europa kommer inte fler människor att ta vägen över Medelhavet, riskera livet och dö.</p><p>Det är det som är min utgångspunkt. Jag ser givetvis samma problematik. Det är en oerhörd tragedi som vi ser, men jag hävdar med bestämdhet att det är släpphäntheten på den här sidan av Medelhavet, där man har gjort det lönsamt att ta sig hit trots att de lagar som finns inte följs, som gör att personer faktiskt tar risken.</p><p></p><p>Ofta får vi höra att ingen sätter sig i en ranglig båt om man verkligen inte är tvungen till det, men så är inte riktigt fallet. Var gränsen går för vad man upplever som att verkligen vara tvungen är flytande. Det är ett ganska privilegierat sätt att uttrycka sig, tror jag, på grund av att vi inte alltid förstår och förmår se hur stora välfärdsklyftor som finns mellan vår del av världen och länderna på andra sidan Medelhavet.</p><p>Det är den konflikten jag är ute efter. Så länge vi har regler kommer det att finnas personer som inte omfattas av dem och som inser att vi, tack och lov, har mycket goda villkor här och som vill ta sig hit. Så länge man lämnar utrymme genom att ha olika amnestier, inte ha tillräckligt hårda kontroller och så vidare för att de inte ska kunna kringgå de regelverk vi har kommer de också tyvärr att välja den vägen.</p><p>Då undrar jag hur Centerpartiets omsorg om att inga ska ta den vägen och att inga fler ska dö på Medelhavet går ihop med att man fortsatt vill ha diverse lättnader även för dem som har kommit hit och har visat sig faktiskt inte ha asylskäl.</p>",
    "intressent_id": "0182800488922",
    "rel_dok_id": "H401SfU14, H401SfU15, H401SfU16, H401SfU17",
    "replik": "Y",
    "systemdatum": "2017-05-18 13:18:53"
  }
}