﻿{
  "anforande": {
    "dok_hangar_id": "4706363",
    "dok_id": "H409103",
    "dok_titel": "Protokoll 2016/17:103 Tisdagen den 2 maj",
    "dok_rm": "2016/17",
    "dok_nummer": "103",
    "dok_datum": "2017-05-02 00:00:00",
    "avsnittsrubrik": "Svar på interpellation 2016/17:456 om ålfiske som kulturarv",
    "underrubrik": null,
    "kammaraktivitet": "interpellationsdebatt",
    "anforande_id": "f91f8197-5344-e711-9450-00262d0d7125",
    "anforande_nummer": "142",
    "talare": "Kultur- och demokratiministern Alice Bah Kuhnke (MP)",
    "parti": "MP",
    "anforandetext": "<p>Herr talman! Jag tackar för inbjudan. Jag kommer gärna och tar del av just ålafisket. Det är något som jag är intresserad av på flera plan. </p><p>Kulturarvspolitiken är en grannlaga uppgift. Det kan för den som inte är insatt i detta verka som en enkel sak och någonting som man bara kan tycka lite till höger och vänster kring. Men det finns en oerhört stor kunskap, inte minst i det civila samhället som sköter mycket av vårt kulturarv ideellt - våra hembygdsgårdar och föreningar men också våra institutioner. Det finns en profession som har arbetat mycket i skymundan under lång tid men som nu äntligen ser dagens ljus med en kulturarvsproposition och att vi debatterar och diskuterar det svenska kulturarvet. Hur stort är inte det? Det har inte någonsin tidigare gjorts på det sätt som görs i dag. Därför är jag mycket glad för denna interpellation. Jag hoppas att vi på olika sätt kan fortsätta med denna debatt och diskussion. </p><p>När vi talar om det svenska kulturarvet talar forskarna om spår och uttryck från det förflutna som tillskrivs värde för oss i dag. Spår och uttryck från det förflutna som har värde för oss i dag är en mycket bred definition. Men det betyder att det finns mycket som många vill se, och det finns mycket som kanske några starka röster vill se på de olika listorna. Precis som Maria Malmer Stenergard beskrev inledningsvis talar vi om tre olika listor. Vad gäller just Sagobygden är det en annan lista. Det finns alltså många listor som man kan vara med på, och alla har sin betydelse. </p><p>Jag hoppas att vi kommer att återkomma, inte minst när det gäller ålafisket. Men jag är också mycket mån om att vi har metoder att använda när vi tar nästa steg. </p><p>Överläggningen var härmed avslutad. </p>",
    "intressent_id": "0787584650516",
    "rel_dok_id": "H410456",
    "replik": "N",
    "systemdatum": "2017-05-29 11:46:48"
  }
}