﻿{
  "anforande": {
    "dok_hangar_id": "4702552",
    "dok_id": "H409100",
    "dok_titel": "Protokoll 2016/17:100 Onsdagen den 26 april",
    "dok_rm": "2016/17",
    "dok_nummer": "100",
    "dok_datum": "2017-04-26 00:00:00",
    "avsnittsrubrik": "Arbetsmiljö och arbetstid ",
    "underrubrik": null,
    "kammaraktivitet": "ärendedebatt",
    "anforande_id": "16a891a8-413a-e711-9452-00262d0d0c40",
    "anforande_nummer": "48",
    "talare": "Magnus Manhammar (S)",
    "parti": "S",
    "anforandetext": "<p>Fru talman! Det är jättebra att vi diskuterar detta. Jag har läst Moderaternas budgetmotion, och jag har även läst siffrorna. Jag sa att det var 15 miljoner extra som ni har lagt i den, så det är inget jag inte känner till. Man utgår normalt sett från den budget som läggs fram, och sedan kan man lägga till lite, precis som ni har gjort i detta fall.</p><p>Det jag själv är orolig för är det resultat vi har sett när Moderaterna har tagit över makten här i landet. Då blev det slakt av Arbetsmiljöverket. Det blev nedläggning av ALI och stora neddragningar i kommuner och landsting. Det är därför jag talar om historien. Vi måste veta vad som händer om Moderaterna skulle vinna och deras politik bli verklighet. Det är det som är det avgörande.</p><p> STYLEREF Kantrubrik \\* MERGEFORMAT Arbetsmiljö och arbetstid</p><p>Jag är också väldigt oroad över den samhällsutveckling som sker när man börjar normalisera rasism. Bakom min rygg här i kammaren ser vi två sverigedemokrater som sitter väldigt nöjda i denna debatt, när jag angriper er för att ni vill samarbeta med Sverigedemokraterna och till och med regera med stöd av dem.</p><p>I andra länder där detta skett har arbetsmiljön, skolan, forskningen och miljöarbetet - allting - påverkats av det rasistiska partiet. Kolla på Danmark, som många länder började tala om nästan som en apartheidstat efter de tio år då det borgerliga partiet styrde ihop med Dansk folkeparti.</p><p>Att börja normalisera Sverigedemokraterna och till och med samarbeta med ett parti som er egen partiledare, läste jag tidigare, betecknar som rasistiskt får konsekvenser för arbetsmiljöfrågorna och för allas våra liv. Det är inget man kan skoja bort. Det är kanske det allvarligaste som hänt i denna kammare i år - att ni har bestämt er för att samarbeta med rasismen och har blivit rasismens kollaboratörer.</p><p>Som jag läste tidigare bedriver Arbetsmiljöverket ett arbete mot kränkande särbehandling. Det finns redan rasism i samhället. Hur rasistiskt kommer samhället att bli om Moderaterna och Sverigedemokraterna styr Sverige tillsammans? Detta är jag rädd för.</p>",
    "intressent_id": "025967059622",
    "rel_dok_id": "H401AU10",
    "replik": "Y",
    "systemdatum": "2017-05-16 16:12:46"
  }
}