﻿{
  "anforande": {
    "dok_hangar_id": "4703370",
    "dok_id": "H409101",
    "dok_titel": "Protokoll 2016/17:101 Torsdagen den 27 april",
    "dok_rm": "2016/17",
    "dok_nummer": "101",
    "dok_datum": "2017-04-27 00:00:00",
    "avsnittsrubrik": "Fiskeripolitik",
    "underrubrik": null,
    "kammaraktivitet": "ärendedebatt",
    "anforande_id": "a47aecae-bb3b-e711-9452-00262d0d0c40",
    "anforande_nummer": "226",
    "talare": "Roland Utbult (KD)",
    "parti": "KD",
    "anforandetext": "<p>Fru ålderspresident! Tack, Jens Holm! När du säger att du har det här stora perspektivet säger du ändå att du stöder dig i stort sett helt på forskning.</p><p>Det som har hänt den sista tiden är att Havs och vattenmyndigheten har öppnat dörrarna för yrkesfiskarna så att de har kommit in och fått delge sina kunskaper.</p><p>Tidigare har man förlitat sig på forskning. När ministern och jag debatterade här ställde jag frågan vad det var han förlitade sig på i det fallet. Var det bara forskning, eller var det också en dialog med yrkesfisket? Svaret jag fick då var att det är forskningen som gäller.</p><p>Nu har det hänt rätt mycket. Man har också bjudit in duktiga politiker, som sitter med och pratar om det här. Där har det faktiskt hänt mer, tycker jag, och jag tycker att Jens Holm borde göra lite annat än att enbart lyssna på forskningen.</p><p>Lyssna gärna på yrkesfiskarna! Du kanske har synen på det här att det är lite smått. Det är inte så många; det är kanske 1 000 företag. Men lyssna på dem! De vet vad som händer både på och under ytan.</p><p>Jag kan inte riktigt släppa det här med kameran och hur det ska övervakas. Vi talar om integritet och personlig integritet i andra sammanhang, men det gäller tydligen inte yrkesfisket. Kameran ska på något sätt ställas på båten. Den ska naturligtvis övervaka hur de här personerna agerar. Jag tycker att det är djupt kränkande. Det är också otroligt sorgligt att så många av politikerna har ställt sig bakom den här intentionen.</p><p>Överläggningen var härmed avslutad.</p><p>(Beslut skulle fattas den 3 maj.)</p>",
    "intressent_id": "0237055280513",
    "rel_dok_id": "H401MJU14",
    "replik": "Y",
    "systemdatum": "2017-05-18 13:19:13"
  }
}