﻿{
  "anforande": {
    "dok_hangar_id": "4702552",
    "dok_id": "H409100",
    "dok_titel": "Protokoll 2016/17:100 Onsdagen den 26 april",
    "dok_rm": "2016/17",
    "dok_nummer": "100",
    "dok_datum": "2017-04-26 00:00:00",
    "avsnittsrubrik": "Bostadspolitik och Planering och byggande",
    "underrubrik": null,
    "kammaraktivitet": "ärendedebatt",
    "anforande_id": "3da891a8-413a-e711-9452-00262d0d0c40",
    "anforande_nummer": "81",
    "talare": "Ewa Thalén Finné (M)",
    "parti": "M",
    "anforandetext": "<p>Fru ålderspresident! Bullerfrågan kanske vi kommer att diskutera mycket mer.</p><p>Jag ska gå in på det som jag lyfte fram i mitt anförande om åkermarken. Det finns många aspekter på detta. Min valkrets är södra Skåne. Där finns i princip bara åkermark eller detaljplanelagd mark. Om man vill bygga, och om man vill bygga mycket, måste man alltså ta åkermark för att göra detta. Alla kommuner och alla styren i södra Skåne är otroligt frustrerade över att staten går in och stoppar detaljplaner. Vi ska planera smart, förtäta och bygga på höjden - jag är för allt sådant! Men ibland kan man också behöva ta nya områden i anspråk.</p><p>Det jag egentligen är ute efter är det som det nu har kommit två domar om i Mark- och miljööverdomstolen. Jag ska lyfta fram det ena ärendet. Det handlar om en lantbrukare som har mark. Det är åkermark som för tillfället är betesmark och som inte har något otroligt högt värde. Han ville bygga <em>ett</em> hus där för att kunna få ytterligare en person som jobbar på gården. Där har Mark- och miljööverdomstolen kommit fram till att när det gäller byggande utanför detaljplanelagt område kan det aldrig väga över så att man får bygga på den sortens mark.</p><p>Mitt bekymmer handlar om hur vi ska kunna ha en levande landsbygd om man inte ens kan få bygga ett eller ett par hus på sin gård. Ska man pendla till jordbruket? Det vet jag inte om jag tror på.</p>",
    "intressent_id": "0714579775816",
    "rel_dok_id": "H401CU14, H401CU15",
    "replik": "Y",
    "systemdatum": "2017-05-16 16:12:53"
  }
}