﻿{
  "anforande": {
    "dok_hangar_id": "4702552",
    "dok_id": "H409100",
    "dok_titel": "Protokoll 2016/17:100 Onsdagen den 26 april",
    "dok_rm": "2016/17",
    "dok_nummer": "100",
    "dok_datum": "2017-04-26 00:00:00",
    "avsnittsrubrik": "Bostadspolitik och Planering och byggande",
    "underrubrik": null,
    "kammaraktivitet": "ärendedebatt",
    "anforande_id": "43a891a8-413a-e711-9452-00262d0d0c40",
    "anforande_nummer": "87",
    "talare": "Ola Johansson (C)",
    "parti": "C",
    "anforandetext": "<p> STYLEREF Kantrubrik \\* MERGEFORMAT Bostadspolitik och Planering och byggande</p><p>Fru ålderspresident! Låt oss då, Roger Hedlund, leka med tanken att alla människor som har tillstånd och rätt att leva i Sverige som medborgare har lika rättigheter. Jag förstår att det sättet att tänka är främmande för er, men låt oss leka med den tanken. Det är väl ändå så att om man har den rättigheten har man också rätt att på samma sätt som alla andra människor ställa sig i bostadskö och bli en del i den massa av enstaka människor som saknar bostad därför att det inte byggs ändamålsenliga bostäder i hela landet.</p><p>Det är det som är kärnan i mitt anförande: Det behövs en ny politik, en annan politik, en politik som skapar bättre förutsättningar för fler kommuner att bygga mer och på andra sätt.</p><p>Det är mot den bakgrunden vi ser blandningen av olika typer av kreditgarantier, bosparande för unga och ändrade hyresgarantier som används på riktigt. Det är ju så att alla hushåll som har låg inkomst är berättigade till någon form av hyresgaranti om kommunen har inrättat ett sådant system. Det är de pengarna som inte används. Låt oss då leka med tanken att alla har lika rättigheter att ta del av det här.</p><p>När det gäller synen på detaljplaner är det min misstanke och har varit det hela tiden att Sverigedemokraterna inte har förstått den här frågan. Det kan handla om en detaljplan som har en historik sedan 50 eller 60-talet. Finns det en detaljplan antagen gäller den till dess att man tar fram en ny detaljplan för det området.</p><p>Det enda vi vill - och vi tycker inte att det är så konstigt - är att man ska ha möjlighet att starta en process för att göra smärre förändringar i detaljplanen så att området blir bättre och trevligare för människor att flytta till och bo i, utan att behöva dra igång en lång detaljplaneprocess. Vi vet nämligen vad det innebär i form av utdragen tid.</p>",
    "intressent_id": "0934639939611",
    "rel_dok_id": "H401CU14, H401CU15",
    "replik": "Y",
    "systemdatum": "2017-05-16 16:12:54"
  }
}