﻿{
  "anforande": {
    "dok_hangar_id": "4703370",
    "dok_id": "H409101",
    "dok_titel": "Protokoll 2016/17:101 Torsdagen den 27 april",
    "dok_rm": "2016/17",
    "dok_nummer": "101",
    "dok_datum": "2017-04-27 00:00:00",
    "avsnittsrubrik": "Väg- och fordonsfrågor",
    "underrubrik": null,
    "kammaraktivitet": "ärendedebatt",
    "anforande_id": "5c7aecae-bb3b-e711-9452-00262d0d0c40",
    "anforande_nummer": "156",
    "talare": "Anders Åkesson (C)",
    "parti": "C",
    "anforandetext": "<p>Fru talman! Tack för inlägget, Emma Wallrup! Varje morgon, mina vänner, går miljontals tekniker, ingenjörer och forskare runt om i världen till arbetet i den fasta ambitionen att utveckla, förbättra, trimma, fila, slipa och göra sin del av världen lite, lite bättre och lite, lite smartare. Detta gör de oavsett vem som är president i USA och så vidare.</p><p>Emma Wallrup ställde i sitt inlägg inget som helst hopp till teknikutveckling för att nå klimatmålen. Emma Wallrup menar att det fordras reglering i stället.</p><p>Då blir min fråga till Emma Wallrup: Är det en officiell hållning hos Vänsterpartiet att forskning saknar betydelse för till exempel klimatvinster? Jag vill i så fall passa på att korrigera den uppfattningen med exemplen Volvo Lastvagnar och Scania Lastvagnar som är världsledande fordonstillverkare dit ingenjörer, tekniker, beteendevetare och ekonomer varje morgon går till jobbet i syfte att göra tekniken i just de här fordonen mer energismart, mer klimatsmart, mer förarvänlig och så vidare.</p><p>Ska vi helt bortse från den drivkraft som marknadsekonomin står för som har skapat två av världens främsta fordonstillverkare i vårt lilla land? Ska vi helt bortse från den drivkraften enligt Vänsterpartiets syn på forskning och utveckling för att nå klimatvinster?</p>",
    "intressent_id": "0677738818613",
    "rel_dok_id": "H401TU14",
    "replik": "Y",
    "systemdatum": "2017-05-18 13:19:09"
  }
}