﻿{
  "anforande": {
    "dok_hangar_id": "4703370",
    "dok_id": "H409101",
    "dok_titel": "Protokoll 2016/17:101 Torsdagen den 27 april",
    "dok_rm": "2016/17",
    "dok_nummer": "101",
    "dok_datum": "2017-04-27 00:00:00",
    "avsnittsrubrik": "Skogspolitik",
    "underrubrik": null,
    "kammaraktivitet": "ärendedebatt",
    "anforande_id": "7b7aecae-bb3b-e711-9452-00262d0d0c40",
    "anforande_nummer": "186",
    "talare": "Johan Hultberg (M)",
    "parti": "M",
    "anforandetext": "<p>Fru ålderspresident! Jag tycker att det här var ett ganska märkligt påhopp. Jag tycker att det är lite märkligt om det är populism att stå upp för svenskt nationellt självbestämmande över skogspolitiken och att varna för att inte ta EU-direktiv och diskussionerna om det på allvar.</p><p>Jag är uppriktigt sagt, Isak From, bekymrad över den lite raljanta attityden från Socialdemokraterna i den här frågan. Jag har upplevt att det finns en stor samsyn mellan moderater och socialdemokrater när det gäller skogsbruket, skogsnäringen och skogsindustrins potential. Men här upplever jag att man ärligt talat inte tar de här frågorna på riktigt stort allvar. Det gäller inte bara LULUCF-direktivet utan också det så kallade förnybarhetsdirektivet där det nu diskuteras att man kraftigt ska begränsa till exempel möjligheterna att använda sig av biodrivmedel från den första generationen. Det kanske kommer att gynna de mer avancerade biodrivmedlen från skogen, det är möjligt, men vi måste slå vakt om alla biodrivmedel om vi ska klara de ambitiösa klimatmål som vi gemensamt har kommit överens om i Miljömålsberedningen.</p><p></p><p>Fru ålderspresident! Apropå klimatpolitiken lyfte Isak From fram den i sitt replikskifte här och slog sig för bröstet när det gäller regeringens politik. Men vi kan tyvärr konstatera att just nu stiger de svenska utsläppen. De stiger. Men kostnaderna för klimatpolitiken stiger också.</p><p>Uppenbart, Isak From, är det så att den socialdemokratiska och den miljöpartistiska klimatpolitiken inte är särskilt effektiv. Den leder till högre kostnader men dessvärre också till högre utsläpp, så det är uppenbart ett rejält misslyckande.</p><p>Det är bra om vi är överens om att vi ska främja innovationer inom skogsbruket och produktutveckling inom industrin, och därför hoppas jag innerligt att regeringen nu driver på och får fram det nationella skogsprogrammet och fortsatt prioriterar de skogliga frågorna inom forskningspolitiken på samma sätt som Alliansen gjorde.</p>",
    "intressent_id": "069309987221",
    "rel_dok_id": "H401MJU13",
    "replik": "Y",
    "systemdatum": "2017-05-18 13:19:12"
  }
}