﻿{
  "anforande": {
    "dok_hangar_id": "4702552",
    "dok_id": "H409100",
    "dok_titel": "Protokoll 2016/17:100 Onsdagen den 26 april",
    "dok_rm": "2016/17",
    "dok_nummer": "100",
    "dok_datum": "2017-04-26 00:00:00",
    "avsnittsrubrik": "Straffskalorna för vissa allvarliga våldsbrott",
    "underrubrik": null,
    "kammaraktivitet": "ärendedebatt",
    "anforande_id": "28a891a8-413a-e711-9452-00262d0d0c40",
    "anforande_nummer": "62",
    "talare": "Anti Avsan (M)",
    "parti": "M",
    "anforandetext": "<p>Fru ålderspresident! Vi har inte olika uppfattningar i dessa frågor den här gången, vill jag säga till Annika Hirvonen Falk. Det första jag har anledning att då säga är: Välkommen till verkligheten!</p><p>När det gäller könsstympning håller jag verkligen med i alla delar. Det är brott som har både våldsbrottskaraktär och sexualbrottskaraktär och som innebär en långvarig och oåterkallelig integritetskränkning. Jag är precis lika förvånad som Annika Hirvonen Falk över det förhållandet att det feministiska partiet Vänsterpartiet inte anser att straffet för denna typ av brott ska skärpas. Jag tycker att det är otroligt konstigt. </p><p>Nu är Miljöpartiet visserligen ett regeringsparti. Men Annika Hirvonen Falk har i tidigare debatter sagt att all forskning visar att strängare straff inte har någon betydelse. </p><p>Då är min fråga: Har Annika Hirvonen Falk möjligen ändrat uppfattning, eller är det Miljöpartiet som har ändrat uppfattning eller hur förhåller det sig med just den frågan?</p>",
    "intressent_id": "0338458649710",
    "rel_dok_id": "H401JuU14",
    "replik": "Y",
    "systemdatum": "2017-05-16 16:12:50"
  }
}