﻿{
  "anforande": {
    "dok_hangar_id": "4703370",
    "dok_id": "H409101",
    "dok_titel": "Protokoll 2016/17:101 Torsdagen den 27 april",
    "dok_rm": "2016/17",
    "dok_nummer": "101",
    "dok_datum": "2017-04-27 00:00:00",
    "avsnittsrubrik": "Frågestund",
    "underrubrik": "Regeringens mål för ekologisk produktion",
    "kammaraktivitet": "frågestund",
    "anforande_id": "0e7aecae-bb3b-e711-9452-00262d0d0c40",
    "anforande_nummer": "84",
    "talare": "Betty Malmberg (M)",
    "parti": "M",
    "anforandetext": "<p>Fru talman! I lördags marscherade världen till stöd för den fria forskningen och för mer faktabaserade beslut i politiken. Det var bra.</p><p>Det sistnämnda har även landsbygdsministern instämt i som svar på en skriftlig fråga jag har ställt om ekologisk produktion. Men i svaret på min fråga övergick ministern snabbt till att prata om att konsumenterna vill ha ekologiska livsmedel.</p><p>Jag har inga synpunkter på det. Folk får naturligtvis äta vad de vill, men faktum är att det inte finns någon forskning som vetenskapligt kan verifiera att ekolivsmedel skulle vara bättre än andra svenskodlade livsmedel för vare sig miljö, klimat eller hälsa. Ändå väljer regeringen att lägga fast sådana mål för produktion och konsumtion.</p><p>Varför gör regeringen så? På vilka vetenskapliga grunder har man fattat dessa beslut? Jag hoppas på ett annat svar än bara marknadskrafter.</p><p>(Applåder) </p>",
    "intressent_id": "0547818628111",
    "rel_dok_id": "H4C120170427fs",
    "replik": "N",
    "systemdatum": "2017-05-18 13:18:58"
  }
}