﻿{
  "anforande": {
    "dok_hangar_id": "4703370",
    "dok_id": "H409101",
    "dok_titel": "Protokoll 2016/17:101 Torsdagen den 27 april",
    "dok_rm": "2016/17",
    "dok_nummer": "101",
    "dok_datum": "2017-04-27 00:00:00",
    "avsnittsrubrik": "Frågestund",
    "underrubrik": "Havskonferensen och EU:s fiskeavtal med fattiga länder",
    "kammaraktivitet": "frågestund",
    "anforande_id": "f879ecae-bb3b-e711-9452-00262d0d0c40",
    "anforande_nummer": "62",
    "talare": "Jens Holm (V)",
    "parti": "V",
    "anforandetext": "<p>Fru talman! Inom ramen för de här fiskeavtalen ser man att det är ungefär sju gånger så mycket pengar som betalas till europeiska fiskeflottor för att de ska kunna tömma Afrikas länder på fisk som man betalar till att utveckla lokalt hållbart fiske. Det handlar om ungefär 200 miljoner euro som betalas ut varje år. Vore det inte bättre att verka för att alla de pengarna går till att utveckla lokalt hållbart fiske?</p><p>Det här skulle ministern kunna lyfta fram på havskonferensen i New York. Tänker ministern göra det - ja eller nej?</p>",
    "intressent_id": "0216534495014",
    "rel_dok_id": "H4C120170427fs",
    "replik": "N",
    "systemdatum": "2017-05-18 13:18:58"
  }
}