﻿{
  "anforande": {
    "dok_hangar_id": "4546972",
    "dok_id": "H40910",
    "dok_titel": "Protokoll 2016/17:10 Onsdagen den 28 september",
    "dok_rm": "2016/17",
    "dok_nummer": "10",
    "dok_datum": "2016-09-28 00:00:00",
    "avsnittsrubrik": "Fler elever i fler skolor",
    "underrubrik": null,
    "kammaraktivitet": "ärendedebatt",
    "anforande_id": "1dd5f233-e195-e611-9441-00262d0d7125",
    "anforande_nummer": "21",
    "talare": "Stefan Jakobsson (SD)",
    "parti": "SD",
    "anforandetext": "<p>Herr talman! Jag vill börja med att yrka bifall till vår reservation i ärendet.</p><p>Fler elever i fler skolor</p><p>Som man frågar får man oftast svar. Den här frågan dök upp mitt i den hetaste stunden av den flyktingström som var i höstas. Då fick friskolorna frågan om de kunde tänka sig att ta emot 5 procent av de ensamkommande och låta dem gå före i kön. Samtidigt stod man med rasiststämpeln i högsta hugg, i förväntan om att de skulle säga nej - då skulle man klappa till med den.</p><p>Men friskolorna fick säkerhetsventilen. De kunde gå med på detta frivilligt. På en friskola med en lång kö och ett gott rykte, som de troligtvis har arbetat upp under många år, tror jag att de flesta rektorer inser att det är att begå självmord. Att låta någon annan gå före i kön i Sverige är inte något som är svenskt. Är det något som vi är duktiga på i Sverige så är det att stå och köa.</p><p>Friskolorna lever oftast på att de har ett gott rykte. Att aktersegla personer som har stått i kö länge kommer inte att tas emot på ett bra sätt av föräldrar och elever. Är det något som Svensson fortfarande har kvar är det ett gott rättspatos, herr talman.</p><p>Att regeringen driver den här frågan är inte förvånande, med tanke på att de faktiskt vill ha bort friskolorna, även om de inte säger det öppet. Men att Alliansen ställer sig bakom detta förvånar mig kraftigt. Jag får inte riktigt ihop politiken. När Moderaterna ställde sig positiva till detta hade de ännu inte satt ned foten i den här frågan. Nu har de bytt fot och vänt kappan efter vinden, herr talman, och sådant som Sverigedemokraterna stod här och sa för några månader eller år sedan är helt plötsligt moderatpolitik.</p><p>Herr talman! 80 procent av de ensamkommande som kom till Norge ljög om sin ålder. Efter en åldersbestämning här i Sverige kanske det inte finns något behov av att fälla något som friskolorna har kämpat med att bygga upp under årtionden. Om vi till exempel, som Skatteverket, gör en skönstaxering av dem som har kommit de senaste fem åren och verkligen åldersbestämmer dem är jag, herr talman, säker på att problemet skulle vara bra mycket mindre än i dag.</p><p>Sedan finns den mumsiga lilla saken att friskolorna skulle göra detta frivilligt. Men när man samtalar med friskolorna verkar trenden inte vara så stark att de hoppar på det tåget, framför allt inte de seriösa friskolorna, som är etablerade och har köer sedan många år tillbaka.</p><p>Men, herr talman, en återrapport om detta inför valet 2018 kanske vore trevligt att se. Det kanske visar sig att Sverigedemokraterna återigen hade rätt i den här frågan. Jag misstänker att det inte är speciellt många friskolor som kommer att hoppa på det här tåget, framför allt inte de seriösa.</p><p>De friskolor som däremot har tomma platser i dag kanske ser sin chans att öka antalet elever. Men det är friskolor utan kö. Friskolor med kö är däremot oftast väl etablerade, och många gånger har de, herr talman, slagits hårt, framför allt i röda kommuner, där de mer eller mindre har försökt tränga sig in. De ska nu helt plötsligt peka ut vilka som ska få stå åt sidan. Detta är inget positivt.</p><p>Men, herr talman, jag ska ju inte vara orolig, för Gustav Fridolin har ju sagt här i talarstolen och i tv att det inte är någon fara och att absolut inga elever ska behöva stå tillbaka.</p><p>Då är det lite konstigt. Om det finns 5 procents överkapacitet i friskolorna i dag, varför har de friskolor som har köer med uppemot 100 000 elever inte besatt de platserna?</p><p>Ett annat intressant faktum - jag hoppas att de flesta partier tar till sig det här i dag - är att många friskolor är etablerade i de så kallade utanförskapsområdena. Det betyder att andra generationens invandrare, som har skött sig och stått i kö länge, herr talman, nu trängs ut av nyanlända ensamkommande. Snacka om att sätta människor mot människor!</p><p> STYLEREF Kantrubrik \\* MERGEFORMAT Fler elever i fler skolor</p><p>Jag ser detta tydligt exempelvis i köer i Skärholmen, Flemingsberg och Kista. Det är just de ensamkommande som tränger ut de andra barnen, och de barnen har inte svensk bakgrund, som man säger, utan det är ofta andra generationens invandrare. Det är nog inte den bilden som gemene man har av friskolor, men så ser friskolevärlden ut i dag.</p><p>Detta är tyvärr, herr talman, ensamkommande som vi inte ens vet hur gamla de är. Jag tar mig lite för pannan ibland och hoppas att den här regeringstiden går över så fort som möjligt så att vi återigen kan få kontroll på Moder Svea. </p><p>Sedan vill jag passa på, herr talman, att tacka alla som har gratulerat mig på min födelsedag i dag.</p>",
    "intressent_id": "0678712094213",
    "rel_dok_id": "H401UbU3",
    "replik": "N",
    "systemdatum": "2016-10-19 11:49:04"
  }
}