﻿{
  "anforande": {
    "dok_hangar_id": "4702552",
    "dok_id": "H409100",
    "dok_titel": "Protokoll 2016/17:100 Onsdagen den 26 april",
    "dok_rm": "2016/17",
    "dok_nummer": "100",
    "dok_datum": "2017-04-26 00:00:00",
    "avsnittsrubrik": "Policyramverk för svenskt utvecklingssamarbete och humanitärt bistånd",
    "underrubrik": null,
    "kammaraktivitet": "ärendedebatt",
    "anforande_id": "69a891a8-413a-e711-9452-00262d0d0c40",
    "anforande_nummer": "120",
    "talare": "Sofia Damm (KD)",
    "parti": "KD",
    "anforandetext": "<p>Herr ålderspresident! Statsrådet tog upp mycket positivt som har skett i vår värld i och med de stora globala processer som man har rott i land. Hon gav även en del konkreta exempel på områden där man har nått framgång, bland annat att fler barn nu har möjlighet att gå i skolan.</p><p>Statsrådet nämnde även ett område där utvecklingen går tillbaka, och det är respekten för mänskliga fri- och rättigheter i vår värld. I policyramverket finns det många bra formuleringar om vikten av demokrati och respekten för mänskliga rättigheter. Men verkligheten är tuff, och vi ser hur regeringens slagordspolitik om feminism och moral ofta krockar med olika avvägningar. Vi såg det under kampanjen i säkerhetsrådet. Vi såg det den här veckan när Saudiarabien valdes in till FN:s kvinnokommission, där regeringen tycks stå utan riktlinjer.</p><p>Jag vill därför gärna att ministern utvecklar hur det nya omtaget kring biståndspolitiken bortom slagordspolitik och fina ord kan bidra till att människor lyfts ur det fruktansvärda förtryck som bara ökar i vår värld.</p>",
    "intressent_id": "0306286538528",
    "rel_dok_id": "H401UU11",
    "replik": "Y",
    "systemdatum": "2017-05-16 16:13:00"
  }
}