﻿{
  "anforande": {
    "dok_hangar_id": "4703370",
    "dok_id": "H409101",
    "dok_titel": "Protokoll 2016/17:101 Torsdagen den 27 april",
    "dok_rm": "2016/17",
    "dok_nummer": "101",
    "dok_datum": "2017-04-27 00:00:00",
    "avsnittsrubrik": "Frågestund",
    "underrubrik": "Övertoner i samhällsdebatten",
    "kammaraktivitet": "frågestund",
    "anforande_id": "147aecae-bb3b-e711-9452-00262d0d0c40",
    "anforande_nummer": "90",
    "talare": "Lars Beckman (M)",
    "parti": "M",
    "anforandetext": "<p>Fru talman! Jag har en fråga till statsrådet Shekarabi.</p><p>Debatten om vinster i välfärden och valfrihet har präglats av övertoner från vänstern. Debatten har handlat om allting annat än om hur sjukvården ska förbättras, hur äldreomsorgen ska få högre kvalitet och hur skolresultaten ska bli bättre. I stället har vänstern och vissa statsråd använt övertoner om vinster, och tyvärr verkar regeringen vilja ta bort valfriheten på detta område via ett effektivt vinstförbud.</p><p>I statsrådets tidigare hemlän, Gävleborg, kallade en ledande socialdemokrat i Söderhamn LOV-företag för \"början på en vit slavhandel\". Delar statsrådet uppfattningen att privata välfärdsföretag ägnar sig åt en begynnande vit slavhandel, som den socialdemokratiska nämndordföranden sa i kommunfullmäktigedebatten i veckan?</p>",
    "intressent_id": "0588282566419",
    "rel_dok_id": "H4C120170427fs",
    "replik": "N",
    "systemdatum": "2017-05-18 13:18:59"
  }
}