﻿{
  "anforande": {
    "dok_hangar_id": "4702552",
    "dok_id": "H409100",
    "dok_titel": "Protokoll 2016/17:100 Onsdagen den 26 april",
    "dok_rm": "2016/17",
    "dok_nummer": "100",
    "dok_datum": "2017-04-26 00:00:00",
    "avsnittsrubrik": "Bostadspolitik och Planering och byggande",
    "underrubrik": null,
    "kammaraktivitet": "ärendedebatt",
    "anforande_id": "50a891a8-413a-e711-9452-00262d0d0c40",
    "anforande_nummer": "100",
    "talare": "Lars Eriksson (S)",
    "parti": "S",
    "anforandetext": "<p>Fru talman! I mitt anförande beskrev jag utvecklingen i Sverige i dag. Det går bra för Sverige. Sverige har i dag den lägsta ungdomsarbetslösheten på 13 år. Byggandet av bostäder är fullt i klass med miljonprogrammets dagar. Det är inga dåliga förutsättningar för att komma till rätta med bostadsbristen i Sverige.</p><p>För att kunna efterfråga en bostad är en inkomst och ett jobb en rätt bra idé. Att allt fler kan säga på morgonen att de nu ska gå till jobbet är ingen dålig förutsättning för att skaffa sig en bostad och bygga bo.</p><p>Det som hände under Alliansens tid på området bostäder åt unga och studenter var att ni lade fram en proposition. Den fick ett färgglatt omslag och handlade om att underlätta inrättandet av hiss till övervåningar. Sedan lade ni fram en proposition till riksdagen som handlade om att ungdomar och studenter skulle bosätta sig i Attefallshus på föräldrarnas tomt. Jag frågade tidigare vart den reformen tog vägen. Här vill inte kompisarna i Alliansen erkänna att man ens har hävdat att detta skulle vara en lösning på problemen.</p><p>Den här regeringen har infört ett investeringsstöd för att kunna rikta stöd till sådant som annars inte skulle ha byggts. Jag har redovisat en lista publicerad i Hem & Hyra där det framgår att runt om i landet på en rad olika orter byggs hyresrätter och studentbostäder. De säger att det är fråga om boenden som inte skulle ha blivit byggda om de inte hade fått stödet.</p><p>En allmän slentrianmässig kritik mot regeringen på de punkterna som går ut på att regeringen inte skulle ha gjort någonting och inte har en politik på området är helt missriktad.</p><p> STYLEREF Kantrubrik \\* MERGEFORMAT Bostadspolitik och Planering och byggande</p><p>(Applåder) </p>",
    "intressent_id": "0988383147219",
    "rel_dok_id": "H401CU14, H401CU15",
    "replik": "Y",
    "systemdatum": "2017-05-16 16:12:54"
  }
}