﻿{
  "anforande": {
    "dok_hangar_id": "4702552",
    "dok_id": "H409100",
    "dok_titel": "Protokoll 2016/17:100 Onsdagen den 26 april",
    "dok_rm": "2016/17",
    "dok_nummer": "100",
    "dok_datum": "2017-04-26 00:00:00",
    "avsnittsrubrik": "Arbetsmiljö och arbetstid ",
    "underrubrik": null,
    "kammaraktivitet": "ärendedebatt",
    "anforande_id": "18a891a8-413a-e711-9452-00262d0d0c40",
    "anforande_nummer": "50",
    "talare": "Ali Esbati (V)",
    "parti": "V",
    "anforandetext": "<p> STYLEREF Kantrubrik \\* MERGEFORMAT Arbetsmiljö och arbetstid</p><p>Fru talman! Jag blev lite överraskad innan jag gick upp här. Vi fick en ny definition av vad som är vanligt hyfs. Tydligen kräver det att man inleder olika former av budgetsamarbeten med rasister. Erik Andersson och jag har nog lite olika definitioner av vad som är vanligt hyfs, tror jag.</p><p>Mina funderingar handlade om det som Erik Andersson sa om stress och kvinnors arbetsmarknad. Jag skulle vilja veta hur Erik Andersson tänker sig att stressen ska minska om den offentliga sektorn får mindre resurser. Hur kan den processen gå till?</p><p>Sedan pratade Erik Andersson om att detta bara är ett problem i stat och kommun. Hur funkar det då i de privata verksamheterna, där man har en lägre bemanning? Hur kan man få fler kollegor, vilket minskar stressen, om bemanningen är mindre? Det är en svår ekvation att få ihop, men tydligen är det möjligt för Erik Andersson. Det skulle vara intressant att höra hur detta går till.</p><p>Sedan hade Erik Andersson ett ganska kuriöst resonemang om detta med psykisk ohälsa, depression och så vidare. Utifrån vad Moderaterna föreslår i övrigt och vad jag hörde Erik Andersson säga tidigare verkar ett av de främsta sätten att minska depression vara utförsäkring. Man ska alltså komplettera sin depression med att stå i arbetslöshetskön. Är det riktigt uppfattat att detta är en viktig del av moderat politik?</p>",
    "intressent_id": "014386615025",
    "rel_dok_id": "H401AU10",
    "replik": "Y",
    "systemdatum": "2017-05-16 16:12:46"
  }
}