﻿{
  "anforande": {
    "dok_hangar_id": "4703370",
    "dok_id": "H409101",
    "dok_titel": "Protokoll 2016/17:101 Torsdagen den 27 april",
    "dok_rm": "2016/17",
    "dok_nummer": "101",
    "dok_datum": "2017-04-27 00:00:00",
    "avsnittsrubrik": "Medborgarskap, Migration och asylpolitik, Anhöriginvandring och Arbetskraftsinvandring",
    "underrubrik": null,
    "kammaraktivitet": "ärendedebatt",
    "anforande_id": "c579ecae-bb3b-e711-9452-00262d0d0c40",
    "anforande_nummer": "13",
    "talare": "Johan Forssell (M)",
    "parti": "M",
    "anforandetext": "<p></p><p>Fru ålderspresident! Jag har två frågor till Maria Ferm. Den ena frågan gäller det ämne som vi diskuterade i de här talarstolarna alldeles nyss, nämligen arbetskraftsinvandring. Där har våra båda partier en historia av att hitta en samsyn. Vi tycker olika i många frågor, men det här är en sådan fråga där vi tillsammans med de andra allianspartierna faktiskt har gjort stor skillnad historiskt sett för att möjliggöra för människor att komma till Sverige och bidra med sitt arbete för att Sverige ska bli ett bättre land.</p><p>Som jag nu har redogjort för några gånger är nog den där självbilden vi kanske ofta har, att Sverige har ett så öppet regelverk på den här punkten, lite daterad, när vi nu i princip varje vecka utvisar människor på grund av mindre fel som ofta har gjorts flera år tillbaka i tiden - duktiga människor som vill arbeta här, betalar skatt och är skötsamma.</p><p>Det här är ett problem som har funnits under drygt ett års tid. Det är ett allvarligt problem, för det berör så många fler än bara de här personerna. Eftersom det ofta är fråga om nyckelkompetens handlar detta faktiskt om Sveriges konkurrenskraft.</p><p>Här har vi från Alliansens sida lagt fram ett flertal förslag. Vi har pekat i en riktning som regeringen borde kunna gå i. Redan tidigt i höstas lade vi de här förslagen på riksdagens bord. Sedan har det helt ärligt hänt väldigt lite. Det kom inga tilläggsdirektiv till utredningen, utan allting verkar mest ha begravts i det vanliga maskineriet. Vi är fortfarande väldigt långt ifrån en reell lösning på den här väldigt akuta situationen.</p><p>Min fråga till Maria Ferm är: Varför tar inte Miljöpartiet, som sitter i regeringen, sitt ansvar och förändrar dagens verklighet?</p>",
    "intressent_id": "0126797549328",
    "rel_dok_id": "H401SfU14, H401SfU15, H401SfU16, H401SfU17",
    "replik": "Y",
    "systemdatum": "2017-05-18 13:18:53"
  }
}