﻿{
  "anforande": {
    "dok_hangar_id": "4702552",
    "dok_id": "H409100",
    "dok_titel": "Protokoll 2016/17:100 Onsdagen den 26 april",
    "dok_rm": "2016/17",
    "dok_nummer": "100",
    "dok_datum": "2017-04-26 00:00:00",
    "avsnittsrubrik": "Policyramverk för svenskt utvecklingssamarbete och humanitärt bistånd",
    "underrubrik": null,
    "kammaraktivitet": "ärendedebatt",
    "anforande_id": "6ca891a8-413a-e711-9452-00262d0d0c40",
    "anforande_nummer": "123",
    "talare": "Statsrådet Isabella Lövin (MP)",
    "parti": "MP",
    "anforandetext": "<p>Herr ålderspresident! Jag tänker omedelbart på det så kallade partianknutna stödet som utgår via riksdagens partier till stöd för systerpartier i utvecklingsländer. Detta är ett system som finns kvar. Vi har i den senaste strategin något ökat den andel som ska gå till blocköverskridande eller partiöverskridande politiska organisationer som stärker parlamentarismen och uppbyggnaden av politiska partier med demokratiska värderingar i utvecklingsländer. Det är ett instrument.</p><p>Vi stöder också i hög grad kvinnors deltagande i olika processer. Där tror jag att svenskt bistånd har ett mycket stort mervärde. Att stödja, hjälpa och utbilda kvinnor kan också göra att de senare kan gå in i politiken på ett annat sätt - från en civilsamhällesorganisation till en politisk organisation.</p><p>Vi kanske inte från svenskt utvecklingssamarbete ska gå in och specifikt stödja vissa politiska partier även om de sitter i opposition. Men vi stöder yttrandefrihet och rätten att delta i val. Vi stöder i stor utsträckning valobservation och att man ser till att demokratiska val går rätt till. Grunden för att ett demokratiskt val verkligen ska vara demokratiskt handlar också om fri press. Där är vi mycket aktiva och ger vårt stöd.</p>",
    "intressent_id": "0911490574010",
    "rel_dok_id": "H401UU11",
    "replik": "Y",
    "systemdatum": "2017-05-16 16:13:00"
  }
}