﻿{
  "anforande": {
    "dok_hangar_id": "4703370",
    "dok_id": "H409101",
    "dok_titel": "Protokoll 2016/17:101 Torsdagen den 27 april",
    "dok_rm": "2016/17",
    "dok_nummer": "101",
    "dok_datum": "2017-04-27 00:00:00",
    "avsnittsrubrik": "(forts. från § 8) Medborgarskap, Migration och asylpolitik, Anhöriginvandring och Arbetskraftsinvandring (forts. SfU14, SfU15, SfU16 och SfU17)",
    "underrubrik": null,
    "kammaraktivitet": null,
    "anforande_id": "297aecae-bb3b-e711-9452-00262d0d0c40",
    "anforande_nummer": "111",
    "talare": "Paula Bieler (SD)",
    "parti": "SD",
    "anforandetext": "<p>Frågestund</p><p>Medborgarskap, Migration och asyl-politik, Anhöriginvand-ring och Arbetskrafts-invandring</p><p>Fru talman! Först vill jag faktiskt berömma Liberalerna för att de i det senaste budgetförslaget har tagit viktiga steg. De kritiserar avräkningarna och gör tydliga ytterligare satsningar på exempelvis UNHCR:s program. Fredrik Malm nämnde även i sitt anförande att det är viktigt att stödja de biståndsprojekt som pågår. När de fallerar leder det till ökad vidare migration.</p><p>Liberalerna lyfter också upp vidarebosättningssystemet som en bra väg, som leder till ett organiserat mottagande av flyktingar. Man kan hålla familjer samlade och säkerställa att det sker på ett bra sätt. Det är något som vi har pekat på under lång tid. Vi var också tidigt ute med att vilja öka just möjligheterna till mottagande via vidarebosättningssystemet.</p><p>Den fråga som jag tidigare ställde till Kristdemokraterna ställer jag nu till Liberalerna. Den handlar om anhöriginvandring och påståendet om att skärpta regler och kontroller är det som splittrar familjer. Det finns nämligen otaliga exempel på personer, ofta unga, som har kommit till Sverige först och som därefter tar hit en mycket stor del av sin familj i efterhand. Man vet att detta är ett system som har missbrukats, eftersom det är lättare att komma hit som ung för att sedan ta hit många i sin familj. </p><p>Min fråga är helt enkelt: Är det inte den politik som har gett utrymme för detta som leder till att familjer splittras? Man gör det nämligen lönsamt att välja ut en person och skicka denna person via farliga och olagliga vägar, vilket togs upp av Centerpartiet i ett replikskifte alldeles nyss. Denna politik uppmuntrar till splittring av familjer och till att unga tar dessa farliga vägar. </p>",
    "intressent_id": "0182800488922",
    "rel_dok_id": null,
    "replik": "Y",
    "systemdatum": "2017-05-18 13:18:57"
  }
}