﻿{
  "anforande": {
    "dok_hangar_id": "4546972",
    "dok_id": "H40910",
    "dok_titel": "Protokoll 2016/17:10 Onsdagen den 28 september",
    "dok_rm": "2016/17",
    "dok_nummer": "10",
    "dok_datum": "2016-09-28 00:00:00",
    "avsnittsrubrik": "Regional anpassning av arbetsmarknadsutbildning",
    "underrubrik": null,
    "kammaraktivitet": "ärendedebatt",
    "anforande_id": "17d5f233-e195-e611-9441-00262d0d7125",
    "anforande_nummer": "16",
    "talare": "Fredrik Malm (L)",
    "parti": "L",
    "anforandetext": "<p>Herr talman! Vi har från Liberalernas sida inte väckt följdmotioner i detta ärende. Vi har varit inbegripna i en egen förnyelseprocess i frågor om arbetsmarknadspolitiken. Dock har vi ett särskilt yttrande tillsammans med Centerpartiet, på s. 14 i betänkandet.</p><p>Jag har lyssnat på debatten, herr talman. Jag tycker att det är tråkigt när det finns så många människor i Sverige som står långt från arbetsmarknaden, så många människor i Sverige som är arbetslösa, som har det knapert ekonomiskt, som känner att det vore bra om politiken var lite engagerad för att staka ut en färdriktning. Sådana här debatter slutar i ett fullständigt destruktivt och tråkigt skyttegravskrig. När jag lyssnar på vår utskottsordförande här tror jag att till och med månlandningen skulle vara en konsekvens av ett beslut på S-kongressen. Det är en otroligt trubbig hållning till de här frågorna.</p><p>Vi måste ju förstå att det som är avgörande i detta inte enbart är en fokusering på interna myndighetsstrukturer och annat. Det som är viktigt är att människor i Sverige får jobb. Det är klart att om man då fokuserar på de människor som har lättast att få jobb kan man sedan hänvisa till att statistiken blir väldigt bra. Om man satsar och tydligt fokuserar på dem som står längst från arbetsmarknaden kommer man inte att kunna visa upp att lika många får jobb direkt, eftersom det handlar om mycket mer komplicerade situationer. Det handlar om människor som står längre bort. Det handlar om betydligt större insatser för varje enskild individ. Det måste man kunna erkänna även utan att stå här och slå sig för bröstet och säga: \"Vi är mycket duktigare än ni är.\" Ja, men om man har helt olika fokus i sina insatser är det klart att resultaten också blir olika.</p><p>Vi i Liberalerna har nu tydligt sagt att vi menar att förtroendet för Arbetsförmedlingen hos arbetsgivarna, hos de arbetssökande och hos allmänheten är så pass lågt att det krävs en betydligt större reformagenda än vi nu ser från den nuvarande regeringen. Vi menar därför att Arbetsförmedlingen i dess nuvarande form bör läggas ned. Vi bör skapa en ny myndighet som i huvudsak fokuserar på dem som står längst bort från arbetsmarknaden.</p><p>De personer som är borta några månader - ingenjörer, sjuksköterskor eller andra - klarar i dag av att få jobb utan Arbetsförmedlingen. De allra flesta företag som behöver nya medarbetare, ny personal, går inte till Arbetsförmedlingen. Vår arbetsmarknad i dag ser inte ut som den gjorde för 30 år sedan, oavsett hur mycket Socialdemokraterna hoppas på, tror och vill detta. Vår arbetsmarknad i dag ser annorlunda ut. Det finns rekryteringsfirmor, privata bemanningsföretag och många andra som är långt mer effektiva än Arbetsförmedlingen på att matcha fram jobb för de människor som står närmare arbetsmarknaden. Detta är en kort förklaring till det.</p><p> STYLEREF Kantrubrik \\* MERGEFORMAT Regional anpassning av arbetsmarknads-utbildning</p><p>Sedan är det också så att Sverige i dag är det land i Europeiska unionen som har minst andel så kallade enkla jobb. Vi är också det land i Europeiska unionen som har högst ingångslöner. Samtidigt har vi haft en väldigt stor invandring till Sverige. Vi måste ju förstå att om vi vill ge en framtid till alla de människor som har flytt från krigets Syrien, från diktaturen i Eritrea, från sönderfallet i Afghanistan och så vidare och kommit till vårt land, om vi vill ge dem en fair chance på vår arbetsmarknad, då måste vi också sänka trösklarna in på arbetsmarknaden. Det innebär att vi måste kunna formulera en politik som innebär lägre ingångslöner och fler jobb med lägre kvalifikationskrav för att människor snabbt ska kunna komma in. Från Liberalernas sida har vi också en rad förslag med anknytning till detta men i en vidare diskussion om arbetsmarknadspolitiken.</p>",
    "intressent_id": "0766496753128",
    "rel_dok_id": "H401AU3",
    "replik": "N",
    "systemdatum": "2016-10-19 11:49:04"
  }
}