﻿{
  "anforande": {
    "dok_hangar_id": "4546972",
    "dok_id": "H40910",
    "dok_titel": "Protokoll 2016/17:10 Onsdagen den 28 september",
    "dok_rm": "2016/17",
    "dok_nummer": "10",
    "dok_datum": "2016-09-28 00:00:00",
    "avsnittsrubrik": "Riksrevisionens rapport om ekonomiska risker för staten i fråga om gruvavfall",
    "underrubrik": null,
    "kammaraktivitet": null,
    "anforande_id": "47d5f233-e195-e611-9441-00262d0d7125",
    "anforande_nummer": "60",
    "talare": "Stina Bergström (MP)",
    "parti": "MP",
    "anforandetext": "<p>Fru talman! Jag hörde inte att jag fick någon mer fråga, så jag vill tacka så mycket för de frågor jag fick förut.</p><p>Överläggningen var härmed avslutad. </p><p>(Beslut fattades under § 11.)</p>",
    "intressent_id": "0401968752713",
    "rel_dok_id": null,
    "replik": "Y",
    "systemdatum": "2016-10-19 11:49:09"
  }
}