﻿{
  "anforande": {
    "dok_hangar_id": "4703370",
    "dok_id": "H409101",
    "dok_titel": "Protokoll 2016/17:101 Torsdagen den 27 april",
    "dok_rm": "2016/17",
    "dok_nummer": "101",
    "dok_datum": "2017-04-27 00:00:00",
    "avsnittsrubrik": "Medborgarskap, Migration och asylpolitik, Anhöriginvandring och Arbetskraftsinvandring",
    "underrubrik": null,
    "kammaraktivitet": "ärendedebatt",
    "anforande_id": "cc79ecae-bb3b-e711-9452-00262d0d0c40",
    "anforande_nummer": "20",
    "talare": "Maria Ferm (MP)",
    "parti": "MP",
    "anforandetext": "<p>Fru ålderspresident! Jag tycker att Paula Bieler målar upp en direkt felaktig bild av etableringen. Dels är det väldigt många reformer som har genomförts, dels är det inte så att inget har fungerat. Det är en bild och en myt som sprids av olika partier att etableringen skulle vara en stor katastrof.</p><p>Alltid när det kommer stora grupper av människor på flykt oroas man de första åren, men det brukar ofta fungera ganska bra i slutändan. Det gör det inte automatiskt. Det behövs såklart insatser från politiskt håll, och man behöver se till att människor kan komma in i samhället på ett bra sätt. Men det brukar faktiskt fungera. I internationella jämförelser ligger Sverige i topp när det gäller etableringspolitiken och hur människor kommer in i samhället. Jag tror att det handlar lite grann om vår syn på samhällets förmåga att utvecklas och bli bättre.</p><p>Jag skulle säga att Sverigedemokraterna tillhör en rörelse som har gett upp om Sverige, som inte tror att vi kan växa och utvecklas på ett bra sätt och som inte tror att vi gemensamt kan föra Sverige framåt och ta stora kliv in i framtiden när det gäller människors möjligheter att bidra till innovationer och företagande. Man vill hellre blicka tillbaka och försöker spela på människors oro och rädslor. Det tycker jag är ganska skrämmande. </p><p>Jag tror att det som behövs nu snarare är politiska rörelser som tror på sin egen ideologis förmåga att hantera de utmaningar vi står inför. Det är det som behövs, annars har vi förlorat ganska mycket.</p>",
    "intressent_id": "0462699892622",
    "rel_dok_id": "H401SfU14, H401SfU15, H401SfU16, H401SfU17",
    "replik": "Y",
    "systemdatum": "2017-05-18 13:18:53"
  }
}