﻿{
  "anforande": {
    "dok_hangar_id": "4702552",
    "dok_id": "H409100",
    "dok_titel": "Protokoll 2016/17:100 Onsdagen den 26 april",
    "dok_rm": "2016/17",
    "dok_nummer": "100",
    "dok_datum": "2017-04-26 00:00:00",
    "avsnittsrubrik": "Nya utstationeringsregler",
    "underrubrik": null,
    "kammaraktivitet": "ärendedebatt",
    "anforande_id": "02a891a8-413a-e711-9452-00262d0d0c40",
    "anforande_nummer": "29",
    "talare": "Arbetsmarknads- och etableringsministern Ylva Johansson (S)",
    "parti": "S",
    "anforandetext": "<p>Herr ålderspresident! Désirée Pethrus frågar om det här kommer att lösa problemen. Sanningen är att vi inte kan veta det säkert, för det bygger på en tredje part, nämligen att Byggnads eller annat berört fackförbund gör sin del av jobbet. Om de inte gör det har vi ett problem. Dock sköter de fackliga organisationerna sin del av jobbet på alla andra delar av arbetsmarknaden. Vi får hoppas att det funkar också i den här delen. Men det är klart att om de inte skulle göra det har vi ett problem. Då måste vi fundera på om den svenska modellen kan överleva. De fackliga organisationerna vet också vilket stort ansvar som nu vilar på dem.</p><p> STYLEREF Kantrubrik \\* MERGEFORMAT Nya utstationerings-regler</p><p>Transparensen är helt avgörande. Hur ska ett företag veta vad som gäller? Jo, man ska veta det dels genom ingivna kollektivavtal, som vi ökar kraven på, dels genom att det finns en kontaktperson som kan svara på frågor kring kollektivavtal. Det är viktigt. Vi har många tjänstemannaorganisationer som har sifferlösa avtal, och då är det inte särskilt lätt att förstå vad som är en miniminivå i dessa. Därför är det viktigt att kollektivavtalet tolkas av parterna så att det blir förståeligt för den som ska utstationera och ta del av detta.</p><p>Om någon utstationerar från Indien till Sverige gäller inte utstationeringsdirektivet eftersom Indien inte är ett EU-land, utan då gäller svensk lagstiftning, och så bör det vara, som jag sa i mitt huvudanförande. Vi är med i klubben EU och får ta en del saker som vi inte alltid är så förtjusta i, men sammantaget är det en väldigt bra idé för Sverige, svenska företag och svenska medborgare att vara med i den. </p><p>Utstationeringsdirektivet är, som jag tror att alla här i kammaren vet, inte min favorit. Jag skulle gärna vilja ändra det. Men när det gäller ska vi tillämpa det. Det är en skyldighet vi har gentemot varandra som medlemmar i EU. Jag förväntar mig att andra medlemsländer också genomför lagstiftning, även om de inte alltid är helt förtjusta i den. Det är en viktig förutsättning.</p><p>Ja, jag är trygg med att detta är förenligt med EU-rätten.</p><p>(Applåder)</p>",
    "intressent_id": "011731125914",
    "rel_dok_id": "H401AU9",
    "replik": "Y",
    "systemdatum": "2017-05-16 16:12:45"
  }
}