﻿{
  "anforande": {
    "dok_hangar_id": "4703370",
    "dok_id": "H409101",
    "dok_titel": "Protokoll 2016/17:101 Torsdagen den 27 april",
    "dok_rm": "2016/17",
    "dok_nummer": "101",
    "dok_datum": "2017-04-27 00:00:00",
    "avsnittsrubrik": "(forts. från § 11) Tillgång till betalkonto med grundläggande funktioner (forts. FiU33)",
    "underrubrik": null,
    "kammaraktivitet": null,
    "anforande_id": "3e7aecae-bb3b-e711-9452-00262d0d0c40",
    "anforande_nummer": "127",
    "talare": "Anette Åkesson (M)",
    "parti": "M",
    "anforandetext": "<p>Herr ålderspresident! Det vore som sagt besynnerligt om vi i dag, en månad efter att vi fattat beslut om att hänvisa till den parlamentariska riksbanksutredningen, fattade ett annat beslut. Vi står alltså fortfarande fast vid den punkten.</p><p>Det är som sagt en parlamentarisk utredning, vilket innebär att politikerna i den har vissa friheter, och vi har också betonat att vi vill att det ska komma fram ett resultat skyndsamt.</p><p>Jag tycker fortfarande att det är intressant att Vänsterpartiet vill att bankerna ska få ett större samhällsansvar för kontanthanteringen eftersom det finns vissa paralleller med andra samhällsviktiga verksamheter där Vänsterpartiet inte vill att man ska få göra vinst.</p>",
    "intressent_id": "0198031297912",
    "rel_dok_id": null,
    "replik": "Y",
    "systemdatum": "2017-05-18 13:19:08"
  }
}