﻿{
  "anforande": {
    "dok_hangar_id": "4546972",
    "dok_id": "H40910",
    "dok_titel": "Protokoll 2016/17:10 Onsdagen den 28 september",
    "dok_rm": "2016/17",
    "dok_nummer": "10",
    "dok_datum": "2016-09-28 00:00:00",
    "avsnittsrubrik": "Ett svenskt tonnagebeskattningssystem",
    "underrubrik": null,
    "kammaraktivitet": "ärendedebatt",
    "anforande_id": "2ed5f233-e195-e611-9441-00262d0d7125",
    "anforande_nummer": "37",
    "talare": "Rasmus Ling (MP)",
    "parti": "MP",
    "anforandetext": "<p>Fru talman! När vi lägger fram förslaget underlättar vi för svensk sjöfart som är internationellt konkurrensutsatt. Vi får samma villkor som man har i Europas övriga länder. Det tycker jag är bra.</p><p>När det gäller att stötta landsbygden och sjöfarten finns det flera olika sätt att göra detta på. I den budget som vi lägger fram för riksdagen kommer det att finnas andra sätt som vi gör det på. Det är en ambition som vi har att fullfölja också under resten av mandatperioden. Vi får se nu om Sverigedemokraterna kommer att lägga fram några sådana förslag, men det har man inte gjort i sina tidigare budgetar.</p>",
    "intressent_id": "0744139167426",
    "rel_dok_id": "H401SkU6",
    "replik": "Y",
    "systemdatum": "2016-10-19 11:49:06"
  }
}