﻿{
  "anforande": {
    "dok_hangar_id": "4546972",
    "dok_id": "H40910",
    "dok_titel": "Protokoll 2016/17:10 Onsdagen den 28 september",
    "dok_rm": "2016/17",
    "dok_nummer": "10",
    "dok_datum": "2016-09-28 00:00:00",
    "avsnittsrubrik": "Regional anpassning av arbetsmarknadsutbildning",
    "underrubrik": null,
    "kammaraktivitet": "ärendedebatt",
    "anforande_id": "0bd5f233-e195-e611-9441-00262d0d7125",
    "anforande_nummer": "4",
    "talare": "Niklas Wykman (M)",
    "parti": "M",
    "anforandetext": "<p>Herr talman! Jag vill börja med att berömma regeringen för att man behåller den absolut viktigaste arbetsmarknadsåtgärd som Alliansen genomförde: Inte bara det första jobbskatteavdraget utan alla fem jobbskatteavdragen behåller regeringen i sin politik. I budgetpropositionen tillmäter man dem också ungefär den sysselsättningseffekt som alliansregeringen skattade dem till, 130 000 jobb.</p><p> STYLEREF Kantrubrik \\* MERGEFORMAT Regional anpassning av arbetsmarknads-utbildning</p><p>Jag vill alltså berömma Raimo Pärssinen med partikamrater för att de har svalt stoltheten och i sin budget behåller vår tids effektivaste åtgärd för att få människor i jobb.</p><p>Raimo Pärssinen blir dock svaret skyldig när det kommer till resultaten av de arbetsmarknadspolitiska åtgärder som han i övrigt försvarar. Raimo Pärssinen berömmer sig av goda resultat i olika typer av åtgärder under den socialdemokratiska regeringen. Enligt de utvärderingar som har gjorts beror detta till stor del på att de fylldes med människor som egentligen inte behövde dem. Att trixa med statistiken, gömma, döma och glömma var väletablerade begrepp, inte bara i den politiska debatten utan också långt där utanför, när Ylva Johansson förra gången hade som uppgift att pressa ned arbetslöshetssiffrorna utan att ett enda mer jobb skulle skapas i ekonomin. Då ville det till att blåsa upp volymerna i åtgärder. Om man har en massa människor med hög arbetsförmåga i åtgärder, för att dölja det underliggande problemet att man inte klarar jobben, är det klart att man också kan få mycket högre resultat i utvärderingarna.</p><p>När Riksrevisionen var på besök i utskottet vidimerade man bilden av att Alliansens åtgärder var effektivare för att de vände sig till de grupper som behövde dem, inte till grupper som bara skulle döljas i statistiken.</p>",
    "intressent_id": "0493288854424",
    "rel_dok_id": "H401AU3",
    "replik": "Y",
    "systemdatum": "2016-10-19 11:49:04"
  }
}