﻿{
  "anforande": {
    "dok_hangar_id": "4702552",
    "dok_id": "H409100",
    "dok_titel": "Protokoll 2016/17:100 Onsdagen den 26 april",
    "dok_rm": "2016/17",
    "dok_nummer": "100",
    "dok_datum": "2017-04-26 00:00:00",
    "avsnittsrubrik": "Straffskalorna för vissa allvarliga våldsbrott",
    "underrubrik": null,
    "kammaraktivitet": "ärendedebatt",
    "anforande_id": "24a891a8-413a-e711-9452-00262d0d0c40",
    "anforande_nummer": "58",
    "talare": "Roger Haddad (L)",
    "parti": "L",
    "anforandetext": "<p>Fru ålderspresident! Liberalerna har en reservation i betänkande JuU14 om straffskalor för vissa våldsbrott, och jag yrkar bifall till vår reservation 3. Den behandlar frågan om fridskränkningsbrott och kvinnofridskränkning. </p><p>Liberalerna har tidigare och återkommande uppmärksammat den viktiga frågan. Det handlar bland annat om frågan om behovet av omvänd kommunarrest. Vi har lagt fram förslag på hur det krångliga regelverket ska förändras när det gäller elektronisk fotboja för att komma åt kvinnovåldet och inte minst de män som förgriper sig på exfruar eller sambor. Vi har också föreslagit att man ska höja minimistraffet för grov kvinnofridskränkning.</p><p>Fru ålderspresident! Vi hade en debatt med justitieminister Morgan Johansson i somras där vi påtalade problemet med att få döms för brottet. Vi fick fram siffror, och det fanns också siffror i medierna, nämligen att 13 400 fall anmäldes men att det bara var ca 1 000 personer som dömdes för grov kvinnofridskränkning.</p><p> STYLEREF Kantrubrik \\* MERGEFORMAT Straffskalorna för vissa allvarliga våldsbrott</p><p>Den lagstiftning som Alliansen med dåvarande Folkpartiet skärpte 2013 har fått viss effekt i den meningen att den har ökat medvetandet och att det syns att det finns många fall. Men vi anser inte att lagstiftningen har fått det genomslag som vi hade hoppats på, nämligen fler åtal och att personer också döms för de allvarliga brotten. Med den utgångspunkten instämmer jag inte i Vänsterpartiets inlägg i kammaren att inte något behöver göras och att propositionen ska avslås. Det är direkt oansvarigt. Det är självklart att Liberalerna biträder regeringens förslag i propositionen, som i huvudsak går ut på att höja minimistraffet på ett antal punkter.</p><p>Vi från Liberalerna vill gå längre. Vi ställde också en fråga till regeringen förra sommaren om utvärderingen, bland annat om det inte var dags att se över straffskalan för kvinnofridskränkning. Vi fick då beskedet att regeringen avvaktar. Regeringen anser att det är för tidigt att ändra i lagstiftningen och att man i stället vill göra en utvärdering.</p><p>Fru ålderspresident! Vi har noterat att man gör en översyn av lagstiftningen rörande sexualbrott. Jag kan inte konkret hitta vad regeringen gör när det gäller utvärdering av den del jag har tagit upp, och jag har inte sett någon proposition som är på väg fram för att höja straffen för grov kvinnofridskränkning. Regeringens retorik om att det här är en prioriterad fråga har inte parerats med konkreta förslag till skärpt lagstiftning till kammaren.</p>",
    "intressent_id": "0308306375022",
    "rel_dok_id": "H401JuU14",
    "replik": "N",
    "systemdatum": "2017-05-16 16:12:50"
  }
}