﻿{
  "anforande": {
    "dok_hangar_id": "4703963",
    "dok_id": "H409102",
    "dok_titel": "Protokoll 2016/17:102 Fredagen den 28 april",
    "dok_rm": "2016/17",
    "dok_nummer": "102",
    "dok_datum": "2017-04-28 00:00:00",
    "avsnittsrubrik": "Aktuell debatt om attentatet i Stockholm",
    "underrubrik": null,
    "kammaraktivitet": "aktuell debatt",
    "anforande_id": "00999fe0-bc3b-e711-9452-00262d0d0c40",
    "anforande_nummer": "20",
    "talare": "Adam Marttinen (SD)",
    "parti": "SD",
    "anforandetext": "<p>Herr talman! Till att börja med vänder jag mig till Anders Ygeman. Medvetna missförstånd är sällan en fruktbar utgångspunkt för en givande diskussion. Jag får be Anders Ygeman att anpassa sina frågor om han vill ha bättre svar.</p><p>Hotet från högerextrema och vänsterextrema grupper kommer sannolikt att trappas upp ju närmare valet vi kommer. Också av detta skäl behöver Sverige fler poliser och mer resurser både till Polismyndigheten och till Säkerhetspolisen. Det har vi arbetat för under hela mandatperioden, och vi välkomnar en utveckling där nu andra partier följer efter.</p><p> STYLEREF Kantrubrik \\* MERGEFORMAT Aktuell debatt om attentatet i Stockholm</p><p>Vi vill se utökade möjligheter till kriminalisering av handlingar som är knutna till terrorism. Det handlar bland annat om att förbjuda spridning av terrorpropaganda, som visat sig vara ett av de viktigaste verktygen för Islamiska statens rekryteringar. Samtidigt välkomnar vi att fler partier ansluter sig till förslaget om att kriminalisera deltagande i terrororganisationer.</p><p>Vi vill skärpa lagen om särskild utlänningskontroll för att garantera att utvisningsdömda terrorister inte ska kunna röra sig fritt i vårt land när verkställighetshinder råder. Vi vill utöka användningen av kameraövervakning på ställen där det är mycket folk i rörelse. Vi vill även kriminalisera samtliga terrorresor, till skillnad från er andra, genom att inkludera terrorresor som sker till ett medborgarskapsland.</p><p>Vi vill såklart skärpa straffen för terrorbrott. Vi vill att de som lyckas återvända från terrorresor automatiskt ska häktas för att utredas gentemot befintlig lagstiftning. Vi vill att de som har valt att kriga för Islamiska staten inte ska vara välkomna tillbaka som svenska medborgare, men vi är inte principiellt emot att de häktas, döms och avtjänar straff i Sverige innan de utvisas på livstid från Sverige.</p><p>Herr talman! Det finns mycket som vi vill. Vi hoppas såklart att regeringen och, för den delen, den borgerliga oppositionen kan ta till sig någonting av det som vi vill.</p><p>Avslutningsvis vill jag deklarera att Sverigedemokraternas stöd kommer att finnas för samtliga förslag som leder i vår riktning. Vi finns tillgängliga för regeringen, om man har frågor eller synpunkter på våra förslag, för att utveckla ett bredare stöd i Sveriges riksdag för de lagförslag som presenteras.</p><p>Jag vill också tacka samtliga deltagare i debatten för en hyggligt konstruktiv debatt.</p>",
    "intressent_id": "0831039938224",
    "rel_dok_id": "H4C120170428ad",
    "replik": "N",
    "systemdatum": "2017-05-18 13:27:08"
  }
}