﻿{
  "anforande": {
    "dok_hangar_id": "4703370",
    "dok_id": "H409101",
    "dok_titel": "Protokoll 2016/17:101 Torsdagen den 27 april",
    "dok_rm": "2016/17",
    "dok_nummer": "101",
    "dok_datum": "2017-04-27 00:00:00",
    "avsnittsrubrik": "Frågestund",
    "underrubrik": "Tillgången till socialt och ekologiskt hållbara varor",
    "kammaraktivitet": "frågestund",
    "anforande_id": "127aecae-bb3b-e711-9452-00262d0d0c40",
    "anforande_nummer": "88",
    "talare": "Johanna Haraldsson (S)",
    "parti": "S",
    "anforandetext": "<p>Fru talman! Min fråga är lite på samma tema, men den går till konsumentministern.</p><p>Många svenskar uppger att de vill handla socialt och ekologiskt hållbara varor och därmed minska konsumtionens miljöpåverkan och medverka till bättre arbetsvillkor där varorna produceras. Samtidigt är andelen av dessa varor i handeln liten i förhållande till efterfrågan.</p><p>Vilka initiativ tar regeringen för att öka andelen hållbart producerade varor i svensk handel?</p>",
    "intressent_id": "0652497579621",
    "rel_dok_id": "H4C120170427fs",
    "replik": "N",
    "systemdatum": "2017-05-18 13:18:58"
  }
}