﻿{
  "anforande": {
    "dok_hangar_id": "4702552",
    "dok_id": "H409100",
    "dok_titel": "Protokoll 2016/17:100 Onsdagen den 26 april",
    "dok_rm": "2016/17",
    "dok_nummer": "100",
    "dok_datum": "2017-04-26 00:00:00",
    "avsnittsrubrik": "Bostadspolitik och Planering och byggande",
    "underrubrik": null,
    "kammaraktivitet": "ärendedebatt",
    "anforande_id": "51a891a8-413a-e711-9452-00262d0d0c40",
    "anforande_nummer": "101",
    "talare": "Robert Hannah (L)",
    "parti": "L",
    "anforandetext": "<p>Fru talman! Jag hävdar inte att ni inte har någon politik. Jag hävdar att ni har en dålig politik. Det är en stor skillnad. Ni för en subventionspolitik där ni subventionerar rika byggherrar med 6 miljarder per år medan Liberalerna har rekordmycket pengar, 3,6 miljarder per år, som går direkt in i fickan hos ensamstående föräldrar med flera barn och pensionärer med låga pensioner. Vilka är de? Jo, majoriteten är kvinnor.</p><p>Socialdemokraterna får fundera över varför ni vill ge pengar till rika byggherrar, där alla experter säger att de husen ändå hade byggts. Studentbostadsföretagen säger så. Sveriges Byggindustrier säger så. Fastighetsägarna säger så. Men Lars Eriksson har en lista på dem som vill ha subventioner. Jag hade självklart inte heller tackat nej om någon hade gett mig gratis pengar för saker jag redan ska göra. Det är helt uppenbart.</p><p>Sedan var det frågan om sysselsättningsgraden och arbetslösheten i Sverige. Vi ska vara glada över att rekordmånga unga går till arbetet. Men det finns många andra som inte gör det. Siffrorna visar att det är en rekordstor skillnad på hur många som går till arbetet varje dag mellan dem som är födda i Sverige och dem som är födda utanför Europas gränser. Det finns en extremt växande klyfta i Sverige, och svaret ligger inte i att subventionera rika byggherrar. Svaret ligger i att faktiskt reformera och bekämpa utanförskapet i våra förorter.</p><p>Det handlar om fler trygghetsvärdar, fler blandade boendeformer och att ta upp kampen mot det hedersrelaterade våld och förtryck som finns i dessa områden. En hbtq-person kan i dag inte bo i dessa områden utan att känna sig rädd. Det är den typen av frågor som gör att svenska folket tycker att Sverige är på väg åt fel håll.</p><p>Men ni står här och slår er för bröstet och säger att allt är perfekt. Allt är inte perfekt. Det finns många utmaningar i Sverige. Liberalerna har svar på utmaningarna, och det har inte ni. Tyvärr! Jag kommer att fortsätta att kritisera Socialdemokraterna för brister, för en inte fungerande jobbpolitik, för en segregerad bostadsmarknad och för ett Sverige som inte håller ihop.</p><p>(Applåder) </p><p>Överläggningen var härmed avslutad. </p><p>(Beslut fattades under § 15.)</p>",
    "intressent_id": "0223069839622",
    "rel_dok_id": "H401CU14, H401CU15",
    "replik": "Y",
    "systemdatum": "2017-05-16 16:12:54"
  }
}