﻿{
  "anforande": {
    "dok_hangar_id": "4703370",
    "dok_id": "H409101",
    "dok_titel": "Protokoll 2016/17:101 Torsdagen den 27 april",
    "dok_rm": "2016/17",
    "dok_nummer": "101",
    "dok_datum": "2017-04-27 00:00:00",
    "avsnittsrubrik": "Medborgarskap, Migration och asylpolitik, Anhöriginvandring och Arbetskraftsinvandring",
    "underrubrik": null,
    "kammaraktivitet": "ärendedebatt",
    "anforande_id": "ba79ecae-bb3b-e711-9452-00262d0d0c40",
    "anforande_nummer": "2",
    "talare": "Johan Forssell (M)",
    "parti": "M",
    "anforandetext": "<p>Fru ålderspresident! Vi ska i dag behandla ett antal betänkanden. Jag ska strax återkomma till vilka reservationer jag vill yrka bifall till.</p><p>Låt mig dock inleda med att säga att vi i dag ses i den här kammaren mot bakgrund av att 300 000 människor har sökt asyl i Sverige på tre år. Det är en siffra som vi aldrig varit i närheten av tidigare. Det är faktiskt det högsta inflöde per capita som någonsin har uppmätts i ett OECD-land.</p><p>Det beror delvis på en omvärld som är i kris. Många människor är på flykt, på goda grunder. Men det beror också på att Sverige under lång tid tilläts ha ett regelverk, lagar och regler, som på flera punkter skilde sig drastiskt från vad som har varit praxis i vår omvärld. Det som har gällt i de flesta andra länder - till exempel tillfälliga uppehållstillstånd, försörjningskrav vid anhöriginvandring som har fungerat i praktiken och medicinska åldersbedömningar för ensamkommande - var under lång tid avlägset i Sverige.</p><p>Det är alltid lätt att vara efterklok. Men jag tror att den enkelspåriga diskussionen om migration, rörlighet över nationsgränserna och målkonflikter som migrationspolitiken innebär har varit dålig för Sverige. Konsekvenserna kommer att ramsätta svensk politik under många år framöver, kanske inte främst när det gäller just migration utan snarare när det gäller integration. Den stora frågan är hur vi ska undvika att upprepa de senaste decenniernas misslyckade integrationspolitik och i stället skapa förutsättningar för att fler människor ska kunna få ett arbete, få en bostad och bygga sig en framtid i vårt land.</p><p>Fru ålderspresident! Migrationsverkets prognos anlände i går. 34 000 människor beräknas söka asyl i Sverige under 2017. Det är ungefär på samma nivå som förra året. Det är naturligtvis färre än under den mest intensiva fasen under flyktingkrisen. Samtidigt är det något fler än de som har sökt asyl i Sverige jämfört med ett tioårssnitt - flyktingkrisen borträknad.</p><p>Vi har också fortfarande problem med långa handläggningstider.</p><p>Det finns också en stor osäkerhet i Europa. Är det någon som vet i dag hur EU kommer att se ut om sex månader, eller kanske om sex veckor?</p><p></p><p>Det är också uppenbart att vi har stora problem på bostadssidan. Kommunplaceringarna fungerar inte. Det viktigaste skälet till det är helt enkelt att det byggs för lite. Det är för svårt att bygga, och det tar för lång tid.</p><p>Enligt SVT:s granskning från i fjol är det bara 4 stycken av de 50 kommuner som har det största betinget för i år som beräknas klara årets tilldelning. Jag vill understryka att det gäller i kommuner oavsett politisk färg. Det blev vi också varse så sent som häromdagen, när S-styrda Malmö nu i praktiken ber om ett undantag från lagstiftningen; de vill inte ta emot fler nyanlända.</p><p>Jag vill också påminna regeringen och regeringspartierna om den överenskommelse som slöts häromåret mellan ett stort antal partier. Där underströks vikten av att göra regelförenklingar i syfte att få fler bostäder på plats. Fortfarande har det kommit väldigt få sådana förslag. Regeringen pekar på kommunerna med hela handen men har i praktiken bakbundit deras möjligheter att leverera vad lagen kräver. Här har Alliansen tillsammans lagt ett stort antal förslag på riksdagens bord.</p><p>Fru ålderspresident! Nu höjs röster för att Sverige ska återgå till den politik som ledde Sverige in i krisen. Det sägs att den tillfälliga lagen ska vara just tillfällig, en parentes. Det sägs att det enda anständiga vore att helst före 2019 låta allting återgå till vad som gällde tidigare. Jag tror att det skulle vara ett misstag. Det skulle riskera att återigen försätta Sverige i en situation där vi inte har kontroll. Under krisens mest akuta fas var människor tvungna att sova utomhus. Människor sattes på bussar utan att få veta till vilken destination i Sverige de skulle åka.</p><p>Nu har vi också mycket svåra integrationsproblem i Sverige. Knappt hälften av alla nyanlända arbetar ens en timme i veckan efter åtta år i Sverige. Moderaternas svar på detta är mångfasetterat. Det handlar framför allt om integrationspolitik. Men en del är också att Sverige behöver en migrationspolitik som är långsiktig och skapar förutsättningar, så att människor kan veta vad som gäller och hur lagar och regler ska se ut i Sverige på lite längre sikt än bara några veckor. Men det behövs också en migrationspolitik på en hållbar nivå, där vi faktiskt kan klara integrationen av alla de människor som har sökt sig till Sverige.</p><p>Fru ålderspresident! Migrationspolitikens grundval är att den som har asylskäl ska få en fristad medan den som saknar det ska återvända hem. Det måste helt enkelt vara skillnad mellan ja och nej.</p><p>Precis som vi kommer att ha mer diskussioner om integration i den här kammaren är det här en debatt som vi tyvärr fortfarande bara är i början av. I går skrev Migrationsverket upp prognosen även för antalet personer som förväntas avvika kommande år. Ett redan bekymmersamt läge blev ännu mer bekymmersamt.</p><p>Migrationsverket beräknar att 51 000 nya ärenden ska överlämnas från Migrationsverket till polisen de kommande åren. Vi har redan i dag ungefär 20 000 utvisningsärenden. De tre senaste åren har 11 000 ärenden preskriberats. Det rör sig, lågt räknat, om sammantaget mellan 70 000 och 80 000 människor. Det motsvarar storleken på en medelstor, eller kanske till och med lite större, svensk stad som inom några år riskerar att befinna sig i det djupaste av utanförskap.</p><p>Det här är djupt problematiskt. Det urholkar inte bara förtroendet för migrationspolitiken; det undergräver också skillnaden mellan ja och nej. Det kommer att medföra en social utsatthet som vi aldrig har sett i det här landet tidigare. Vem tar ansvar för 70 000-80 000 människor som lever i det skuggsamhället? Vem ska ta ansvar för de barn som kommer att födas in i detta?</p><p></p><p>Det är lätt att vara efterklok. Men det är ett problem att det har funnits en inställning i svensk politik där det har setts som inhumant att ta tag i det framväxande skuggsamhället. Man har inte vågat säga att en reglerad invandring bygger på att den som saknar asylskäl ska återvända hem, annars har man inte en hållbar politik.</p><p>Migrationspolitik är svårt eftersom det handlar om människor. Det handlar om människor som ofta befinner sig i olika former av utsatthet. Många har goda skäl för att söka sig till Sverige, med eller utan asylskäl. Man vill ha en bättre framtid. Men att negligera grunden i migrationspolitiken, skillnaden mellan ja och nej, är inte humant och inte heller långsiktigt.</p><p>Fru ålderspresident! All internationell erfarenhet visar att om man ska förhindra att ett sådant skuggsamhälle växer fram måste man göra det redan innan problemen har vuxit sig stora. När problemen finns där är det svårt att hantera.</p><p>Jag ifrågasätter om regeringen har kraften och förslagen för att vända utvecklingen. Vi kan se att förvarsplatserna inte räcker till, att utlänningskontrollerna har sjunkit som en sten och att återvändandet inte fungerar. Förra året verkställde polisen bara 3 700 ärenden. Det var 4 000 ärenden som preskriberades. Vi preskriberar alltså fler ärenden i detta land än vad som kan verkställas med tvång. </p><p>Dessutom är den lagstiftning som regeringen har aviserat, och som skulle presenteras redan i mars, försenad. </p><p>Från Moderaternas sida har vi sagt att det allra viktigaste i detta läge är att vara tydlig mot den person som befinner sig i denna situation. Livet blir inte enklare för att man går under jorden. Ofta blir vardagen bara mycket svår med trångboddhet, utsatthet och utnyttjande. Det är bättre och mer humant att återvända hem och kunna utnyttja det återvändandebidrag som finns. Sedan är man naturligtvis mycket välkommen att återvända till Sverige som arbetskraftsinvandrare.</p><p>Om detta ska fungera måste det också bli en konsekvens för den som bryter mot lagar och regler. Vi har pekat på vikten av fler förvarsplatser och fler poliser som kan genomföra ytterligare utlänningskontroller. Vi vill att preskriptionstiden som i dag är bara fyra år minst fördubblas. Det är i sammanhanget också ett problem att rödgröna kommuner runt om i Sverige ger försörjningsstöd till personer som saknar uppehållsrätt. Detta är insatser som måste göras nu för att vi ska bryta skuggsamhället. Om vi väntar kommer det snart att vara för sent. </p><p>Fru ålderspresident! Det saknas inte problem och utmaningar i migrationspolitiken. Det handlar om skuggsamhällen, årslånga handläggningstider, skenande kostnader och att vi har blandat ensamkommande barn med vuxna män på HVB-hem och så vidare. </p><p>Låt mig samtidigt berätta vad som inte är ett problem. Det är att det kommer människor till Sverige och arbetar under ordnade och rimliga villkor. Sverige är ett av världens rikaste länder. Vi har en välfärd som många bara drömmer om. Detta välstånd har inte skapats av politiska beslut, det har inte skapats genom centrala kommittéer och det har inte skapats av staten eller av myndigheter. Det välstånd som vi åtnjuter har skapats av en enda sak, nämligen av att människor har kavlat upp sina ärmar och arbetat hårt under hundratals år. De har plöjt sin mark, de har arbetat i gruvan eller i fabriken och de har skött om sitt hem. </p><p></p><p>Detta har fortsatt in i vår tid. Visst finns dessa gruvor kvar, men de har samtidigt kompletterats av en mängd nya arbetstillfällen i branscher som vi för kanske bara tio år sedan inte ens visste skulle finnas. </p><p>Under flera hundra år har Sverige varit föremål för arbetskraftsinvandring. Ibland har människor lämnat Sverige för att söka sig till Amerika. Det var 1,2 miljoner människor som sökte sig dit i mitten av 1800-talet. Men på senare tid har människor i stället kommit till Sverige. Med början efter andra världskrigets slut har finnar, jugoslaver och greker kommit till Sverige och bidragit med sitt arbete och gjort vårt land till ett ännu bättre land att leva i. </p><p>Den dåvarande alliansregeringen genomförde en viktig reform för att säkerställa att Sverige har ett modernt regelverk på plats. Den reformen var viktig. Man kan i dag stanna upp och konstatera att Sverige har en attraktivitet som kan mäta sig med många andra betydligt större länder när det gäller just högutbildad arbetskraft. Det är faktiskt mycket fascinerande och någonting som det finns anledning att känna stolthet över. </p><p>Men tiden har också hunnit i kapp oss. Alla regelverk måste vårdas, och i dag fungerar det inte så bra som det borde. Vi har en situation där vi utvisar högutbildad arbetskraft - eftertraktade och skötsamma personer som jobbar hårt och betalar skatt - på grund av mindre fel som ofta har inträffat flera år tillbaka i tiden. Det är inte värdigt ett land som Sverige. </p><p>Självklart ska vi vara tuffa mot fusk precis som mot andra lagöverträdelser. Men rädslan för att arbetskraftsinvandring ska utmana gamla strukturer, men även den bild som ibland har funnits att arbetskraftsinvandring nästan per definition skulle vara synonym med fusk och utnyttjande, har skapat nya problem snarare än att lösa dem. </p><p>Här har vi nu med en situation som går rakt på tvärs mot ambitionen att göra Sverige till en modern kunskapsnation, öppen för nya idéer och tillväxt. </p><p>Allianspartierna har tagit fler initiativ för att stoppa detta vansinne. Vi har skrivit frågor och interpellationer, och vi har fått ett enigt socialförsäkringsutskott att ställa sig bakom problembilden. Men ännu har ingenting hänt. Vi har också lagt ett förslag på riksdagens bord om helhetsbedömningar som skulle kunna erbjuda en lösning på detta problem. Jag beklagar att Socialdemokraterna tillsammans med Miljöpartiet, Vänsterpartiet och Sverigedemokraterna har valt att avstyrka det. </p><p>När jag nu avslutar mitt anförande gör jag det med frågan: Hur många ytterligare hårt arbetande människor ska behöva utvisas ur Sverige innan dessa partier inser problemets storlek?</p><p>Jag vill slutligen yrka bifall till reservation 41 i SfU15, till reservation 4 i SfU16 och reservationerna 1 och 4 i SfU17.</p>",
    "intressent_id": "0126797549328",
    "rel_dok_id": "H401SfU14, H401SfU15, H401SfU16, H401SfU17",
    "replik": "N",
    "systemdatum": "2017-05-18 13:18:52"
  }
}