﻿{
  "anforande": {
    "dok_hangar_id": "4702552",
    "dok_id": "H409100",
    "dok_titel": "Protokoll 2016/17:100 Onsdagen den 26 april",
    "dok_rm": "2016/17",
    "dok_nummer": "100",
    "dok_datum": "2017-04-26 00:00:00",
    "avsnittsrubrik": "Nya utstationeringsregler",
    "underrubrik": null,
    "kammaraktivitet": "ärendedebatt",
    "anforande_id": "efa791a8-413a-e711-9452-00262d0d0c40",
    "anforande_nummer": "10",
    "talare": "Raimo Pärssinen (S)",
    "parti": "S",
    "anforandetext": "<p>Herr ålderspresident! Först vill jag yrka bifall till utskottets förslag i betänkandet och avslag på samtliga reservationer.</p><p>Äntligen! Äntligen kan jag som socialdemokrat och ordförande i arbetsmarknadsutskottet säga att svenska kollektivavtal ska gälla i Sverige även för utländska företag som har verksamhet här och deras anställda. Det är ett löfte som vi socialdemokrater ställde ut inför valet 2014 och som nu den socialdemokratiskt ledda regeringen levererar och lägger fram här i riksdagen.</p><p>Varför är detta så viktigt? Jag skulle vilja påstå att ryggraden i den svenska arbetsmarknadsmodellen, kort sagt den svenska modellen, är att vi har starka, fria och självständiga parter på arbetsmarknaden som fixar lönebildningen, som sätter lönerna och bestämmer villkoren på jobbet. Vi har inga lagstiftade minimilöner i Sverige, utan vi har vår kollektivavtalsmodell som har främjat oss, som kommer att främja oss i framtiden och som ser till att vi är konkurrenskraftiga genom att parterna tar ett stort ansvar för den ekonomiska utvecklingen i landet.</p><p>Kollektivavtalsmodellen främjar också en jämnare inkomstfördelning och stärker vår välfärdsmodell. Genom att parterna gör detta i samförstånd är det fråga om en fantastisk och unik lösning. Vår modell är också den bästa garanten för ordning och reda på arbetsplatserna. Det handlar inte bara om rimliga löner, villkor, arbetstider och arbetsmiljö, utan det handlar också om att våra företag och anställda kan verka i sund konkurrens med varandra.</p><p> STYLEREF Kantrubrik \\* MERGEFORMAT Nya utstationerings-regler</p><p>Herr ålderspresident! Vi vill alla att företag ska få verka i en miljö utan marknadsstörningar. Men alla ni som sitter här vet att det inte är så i dag. Vittnesmålen är många från stora och små företag om att de är utsatta för osund konkurrens. Ett exempel är byggföretaget Peab. Jag förmodar att Peab har träffat representanter från alla partier i riksdagen. Peab har räknat fram skillnaden i kostnaderna som de har gentemot dem som konkurrerar osunt. Det har visat sig att de företag, också utländska firmor, som agerar i osund konkurrens i hög grad ligger på 25 procent av de svenska kostnaderna.</p><p>Herr ålderspresident! Jag fick ett mejl från en företagare i Gävle, och jag blev lite förvånad. Mejlet handlade egentligen om tre företag. Det var fråga om montage, smide och en underentreprenör. I mejlet stod det att de blir överösta med erbjudanden om billig arbetskraft och att de är trötta på detta, men de kan inte göra någonting åt det.</p><p>Jag tog kontakt med företaget och fick besök av det. Vi hade en diskussion tillsammans med ägaren och chefen, som undrade, herr ålderspresident, varför vi inte gör någonting åt de oseriösa företagen. De blir utskrattade när de offererar byggjobb och montage eftersom deras konkurrenters priser ligger minst 30 procent under. Det är omöjligt att erbjuda sådana priser med kollektivavtal. Det är bara att glömma större jobb. De anser att i och med att de driver företag i Sverige kan de inte tillåta utländska firmor som betalar bara 30 kronor i timmen. De vill göra rätt för sig och ha bra villkor som de har gjort upp om med motparten IF Metall. Deras anställda ska få jobba kvar. De vill att företagen ska överleva och växa, men snart har de inget val.</p><p>Företagaren undrade sedan hur de tänker som är emot kravet på svenska kollektivavtal för alla i Sverige. Jag lovade företagaren att ställa frågorna till Moderaterna, Centerpartiet, Liberalerna och Kristdemokraterna under debatten i dag. Hur tänker ni? Varför värnar ni inte våra skötsamma företag mot osund konkurrens? Varför säger ni nej till ordning och reda?</p><p>Centerpartiets Annika Qarlsson säger att förslaget om att det i Sverige ska vara svenska villkor är ett grovt avsteg från den svenska modellen. Är det inte ett grovt avsteg från den svenska modellen att låta oseriösa konkurrera ut skötsamma, fina svenska företag? Är inte det ett avsteg att tillåta detta? Det är skillnaden i synen i frågan mellan oss.</p><p>Fredrik Malm gjorde ett rabiat utspel och gick på om protektionism och så vidare. Han säger sig gilla kollektivavtal. Samtidigt har det uppdagats att Liberalernas näringspolitiska talesperson i kammaren i sin roll som företagare inte har kollektivavtal. Kronofogden jagar honom. Hur är det med Liberalernas trovärdighet i frågan om att Liberalerna tycker om kollektivavtal? Den frågan kan man ställa sig, och den är verkligen berättigad.</p><p>Herr ålderspresident! Den borgerliga regeringen lade ett vått täcke över fackföreningarnas rätt och möjlighet att ta strid för svenska kollektivavtal. Det är en strid man ville ta för att skydda de utstationerade arbetarna som tillfälligt arbetar i Sverige. Lex Laval innebär faktiskt ett hinder för strejkrätten mot arbetsgivare med bas i andra EU-länder. Nu när både fack och företag vittnar om osund konkurrens borde väl insikten även komma på plats hos de borgerliga.</p><p>Därför är det så glädjande att vi i dag kan skrota gamla lex Laval och ersätta den med nya utstationeringsregler. Förändringarna är enligt följande, och jag är säker på att även statsrådet kommer att gå igenom dem. </p><p> STYLEREF Kantrubrik \\* MERGEFORMAT Nya utstationerings-regler</p><p>Facket kan alltid kräva svenska kollektivavtal av företag som verkar i Sverige. Det betyder att svenska och utländska företag behandlas mer lika. Utstationerade arbetstagare får ut sin rätt i svensk domstol, och facken kan bevaka villkoren på svenska arbetsplatser. Det finns ett krav på transparens. Alla fackförbund ska lämna in avtal till Arbetsmiljöverket. Det ska finnas en skyldighet för utstationerande arbetsgivare som ingått avtal att tillhandhålla handlingar och översättningar på svenska och engelska. Facken kan kräva att en förhandlingsbehörig person utses.</p><p>Låt mig läsa ur utskottets majoritetstext: \"Genom att nu skapa en ordning som möjliggör att kollektivavtal kan ingås med samtliga utstationerande arbetsgivare, och dessutom förena detta med en rätt till vissa kollektivavtalsvillkor även för utanförstående utstationerade arbetstagare samt en kontroll- och sanktionsordning, säkerställs att utstationerade arbetstagare verkligen får de villkor som de ska garanteras enligt utstationeringsdirektivet.\"</p><p>Herr ålderspresident! Det här är fin prosa. För mig är det rent av ljuv musik! Detta innebär att från den 1 juni i år kommer svenska löner att gälla i Sverige. Arbetsgivare ska inte längre kunna utnyttja utländsk arbetskraft genom att pressa ned de svenska lönerna. Moderaterna, Centerpartiet, Liberalerna och Kristdemokraterna talar ofta väl om vår svenska modell. Alla säger sig vara anhängare och tillskyndare av kollektivavtal. Vi har hört det så ofta i riksdagens kammare. Men har ni någonsin lagt fram ett enda förslag för att stärka arbetsmarknadsmodellen?</p><p>Jag uppmanar er att förklara för svenska folket varför ni inte vill att svenska villkor ska gälla för samtliga som jobbar i Sverige. Förklara samtidigt varför ni tillåter utländska företag att konkurrera ut våra svenska företag som gör rätt för sig. Vad har ni egentligen emot vår svenska arbetsmarknadsmodell?</p><p>Arbetet går vidare, precis som Désirée Pethrus nämnde. Det sker nu på EU-nivå. Det är också glädjande att EU-kommissionen lägger fram förslag som för frågan framåt. Utstationering är inte ett problem som finns isolerat i Sverige. Problemet finns i andra länder. Det vet ni också. Vi har varit på konferenser om problemet. Det finns problem i Frankrike och Tyskland, och så vidare. Det känns tryggt att veta att den svenska regeringen har tagit initiativ i frågan tillsammans med kommissionen att jobba vidare i frågan.</p><p>Svenska löner kommer att gälla i Sverige från 2017. Det låter som ljuv musik! Det är ett skydd för arbetstagare, och det är bra för att kunna upprätthålla sund konkurrens. Varför begriper ni inte detta?</p><p>(Applåder)</p>",
    "intressent_id": "0113077554312",
    "rel_dok_id": "H401AU9",
    "replik": "N",
    "systemdatum": "2017-05-16 16:12:45"
  }
}