﻿{
  "anforande": {
    "dok_hangar_id": "4546972",
    "dok_id": "H40910",
    "dok_titel": "Protokoll 2016/17:10 Onsdagen den 28 september",
    "dok_rm": "2016/17",
    "dok_nummer": "10",
    "dok_datum": "2016-09-28 00:00:00",
    "avsnittsrubrik": "Regional anpassning av arbetsmarknadsutbildning",
    "underrubrik": null,
    "kammaraktivitet": "ärendedebatt",
    "anforande_id": "0fd5f233-e195-e611-9441-00262d0d7125",
    "anforande_nummer": "8",
    "talare": "Désirée Pethrus (KD)",
    "parti": "KD",
    "anforandetext": "<p>Herr talman! Det krävs lite ytterligare debatt, tycker jag, i den här frågan. Betänkandet handlar om Riksrevisionens kritik när det gäller den regionala anpassningen av arbetsmarknadsutbildningar. Jag tycker att det är väldigt otydligt vad regeringen tänker göra åt det här. Det skulle jag först och främst vilja ha ett svar på från Raimo Pärssinen. Vad tycker Socialdemokraterna att man konkret ska göra för att det ska bli bättre under den tid som vi har arbetsmarknadsutbildningar på det här sättet?</p><p>Sedan skulle jag vilja kommentera Alliansens insatser när det gäller arbetsmarknadsåtgärder. Vi kom in i en högkonjunktur. Jag vet inte om Raimo Pärssinen håller med mig om att man ska anpassa antalet arbetsmarknadsutbildningar. Är det högkonjunktur och det finns en stor efterfrågan kan man inte ha lika många som när det är lågkonjunktur. Man måste på något sätt se till att arbetskraften står till förfogande - eller hur? Det kan inte vara så att jättemånga arbetsmarknadsutbildningar alltid är jättebra och att färre alltid är dåligt. Det är precis som att höga skatter alltid är bra och att låga skatter alltid är dåligt. Ibland när man hör retoriken från Socialdemokraterna tänker man: Har de någon typ av kompetens på det här området för att uttala sig?</p><p>Jag skulle vilja ha en liten kommentar kring det här med arbetsmarknadsutbildningar och hur många man ska ha. Vi tycker att man nu måste se till att det finns en drivkraft för att gå ut i arbete. Jobbskatteavdraget har enligt Finanspolitiska rådet visat sig ha effekt på incitamenten att gå ut i arbete.</p><p>Men min fråga i första vändan är: Vad tänker ni konkret göra för att de lokala arbetsmarknadsutbildningarna ska bli bättre och tillgodose arbetsgivarnas önskemål?</p>",
    "intressent_id": "0860429409414",
    "rel_dok_id": "H401AU3",
    "replik": "Y",
    "systemdatum": "2016-10-19 11:49:04"
  }
}