﻿{
  "anforande": {
    "dok_hangar_id": "4703370",
    "dok_id": "H409101",
    "dok_titel": "Protokoll 2016/17:101 Torsdagen den 27 april",
    "dok_rm": "2016/17",
    "dok_nummer": "101",
    "dok_datum": "2017-04-27 00:00:00",
    "avsnittsrubrik": "Frågestund",
    "underrubrik": "Havskonferensen och EU:s fiskeavtal med fattiga länder",
    "kammaraktivitet": "frågestund",
    "anforande_id": "f679ecae-bb3b-e711-9452-00262d0d0c40",
    "anforande_nummer": "60",
    "talare": "Jens Holm (V)",
    "parti": "V",
    "anforandetext": "<p>Fru talman! Jag har en fråga till klimatminister Isabella Lövin. </p><p>I juni inleds konferensen om hav i New York. Det är en konferens som Sverige har varit med om att ta initiativ till. Ett huvudtema för den konferensen är hållbar förvaltning av marina resurser. Det är jätteviktigt.</p><p>Men samtidigt har EU ett fjortontal fiskeavtal med fattiga länder, främst i Afrika. Även om en del ändringar av dessa avtal har gjorts skulle jag säga att grundproblematiken består, nämligen att stora summor av våra skattepengar går till att europeiska flottor ska kunna tömma de afrikanska haven på fisk. Det är så långt ifrån ett hållbart fiske man kan komma.</p><p>Jag vill fråga ministern om ministern är beredd att väcka den frågan på konferensen och verka för att alla dessa pengar i stället ska gå till att utveckla lokalt hållbart fiske i de här fattiga länderna, som så väl behöver det.</p>",
    "intressent_id": "0216534495014",
    "rel_dok_id": "H4C120170427fs",
    "replik": "N",
    "systemdatum": "2017-05-18 13:18:58"
  }
}