﻿{
  "anforande": {
    "dok_hangar_id": "4702552",
    "dok_id": "H409100",
    "dok_titel": "Protokoll 2016/17:100 Onsdagen den 26 april",
    "dok_rm": "2016/17",
    "dok_nummer": "100",
    "dok_datum": "2017-04-26 00:00:00",
    "avsnittsrubrik": "Bostadspolitik och Planering och byggande",
    "underrubrik": null,
    "kammaraktivitet": "ärendedebatt",
    "anforande_id": "36a891a8-413a-e711-9452-00262d0d0c40",
    "anforande_nummer": "74",
    "talare": "Emma Hult (MP)",
    "parti": "MP",
    "anforandetext": "<p>Fru ålderspresident! Jag är väl inte känd för att vara så långradig - långrandig menar jag förstås, men det är i och för sig inte så långa rader i mitt manus heller - i den här talarstolen. Men i dag tänker jag faktiskt stå här en lite längre stund än vanligt, framför allt för att mina utskottskollegor också har bestämt sig för att göra det. Då blir jag lite taggad att utmana.</p><p>Just nu byggs det rekordmycket i Sverige, på flera håll faktiskt mer än vad som varit fallet på 40 år. Det är nödvändigt för att vi ska lösa den bostadsbrist som råder. Men vi måste se till att det som byggs blir bra och att de som står utanför bostadsmarknaden har råd att efterfråga det som byggs. Vårt ansvar som politiker är att se till att det byggs bra bostäder, för det vi bygger i dag ska ju fungera väl också om 50 år, allra helst även om 100 år. Därför är det av stor vikt att resurser läggs på god planering, både av bostadens utformning och av dess placering. Arkitekter och samhällsplanerare har en avgörande roll i det skede vi är inne i just nu. Vi bygger ju inte bara hus. Vi bygger samhällen.</p><p>Redan med dagens regelverk har kommunerna verktyg för att skapa bra boendemiljöer för sina invånare. Men jag är säker på att det finns saker vi behöver se över och förändra för att göra planeringen bättre, tydligare, enklare och kanske mer förutsägbar.</p><p>Vi står inför två stora utmaningar. Vi behöver se till att det i hela landet byggs bostäder som människor har råd att bo i. Vi måste också se till att det som byggs är bra långsiktigt. För att kunna bygga i hela landet krävs en översyn av finansieringen. Det finns ett antal motioner om det, men det är också så att regeringen har tillsatt en utredning som ska se över systemet med kreditgarantier och statliga lån för bostadsbyggande. Där är vi överens med en del av partierna som har motionerat på det här området.</p><p> STYLEREF Kantrubrik \\* MERGEFORMAT Bostadspolitik och Planering och byggande</p><p>Fru ålderspresident! Att människor ska tvingas anpassa sig efter det som bullrar i stället för tvärtom är fel. Dessvärre är det ibland där den bostadspolitiska debatten hamnar. I stället för att vi pratar om hur vi sänker bullret vid källan för att skapa bättre livsmiljöer och mer byggbar mark har debatten kommit att handla om hur mycket buller människor ska tåla.</p><p>Regeringen, där även Miljöpartiet ingår, har nu slutit en överenskommelse med de borgerliga partierna om nya bullerregler. Anledningen är, som vi också tidigare fått höra här, att de borgerliga partierna tillsammans med Sverigedemokraterna har ett antal tillkännagivanden på området och nu tvingar fram höjda nivåer för trafikbuller vid bostadsbyggande.</p><p>Jag och Miljöpartiet hade önskat att debatten snarare hade handlat om hur vi ska minska bullret, inte om bullerkraven. Människors hälsa är faktiskt viktigare än breda vägar och höga hastigheter. Studier visar på att buller bland annat kan leda till sömnsvårigheter, stress, högt blodtryck och ökad risk för hjärt- och kärlsjukdomar.</p><p>Samtidigt krävs inte speciellt komplicerade åtgärder för att sänka bullernivåerna. Det kan handla om nya sorters däck eller om hastighetssänkningar. Om hastigheten sänks från 60 till 50 kilometer i timmen kan det ge en bullersänkning på hela fyra decibel, vilket är en väsentlig skillnad. Sänkta hastigheter är därför en av många bra metoder för att göra mer mark byggbar och samtidigt förbättra folkhälsan. På plussidan kan också räknas att luftkvaliteten förbättras genom att utsläppen av giftiga partiklar minskar.</p><p>Även lastbilar är en stor källa till buller, men det kan vi åtgärda genom att flytta över gods från väg till räls och sjöfart. Då brukar man säga att det bullrar även från järnvägen, och det gör det. Men där finns det många tekniska lösningar som vi kan välja att använda oss av, så att detta åtgärdas.</p><p>Försämrade bullerkrav ger sämre boendemiljöer. Vi kommer inte att ändra inomhusbullerkraven, så ingen behöver vara orolig för det, och jag är glad att den debatten inte förs, för inomhusmiljön måste vi bevara. Men boendemiljön försämras. Dessutom kommer det troligtvis bara att leda till marginellt fler bostäder. Debatten förblindar oss från den viktiga frågan om bullret självt. Vi måste bygga samhällen som kretsar runt människan och där planeringen utgår från att det är vi som ska röra oss, inte bilen.</p><p>Civilutskottet anordnade nyligen en hearing om höjda nivåer för trafikbuller kopplat till bostadsbyggande. Man hade bjudit in representanter för bland annat kommuner och myndigheter, liksom representanter för både byggföretag och boende. Kommunerna vittnade nästan helt entydigt om att det var tillämpningen av regelverket som var det krångliga. Myndigheterna betonade folkhälsoriskerna och att det troligtvis inte kommer att byggas fler bostäder. Sedan blev det ganska tydligt. När företrädare för de boende höll sina anföranden ville de inte ha högre bullernivåer. Men företrädarna för dem som bygger - och som såklart vill bygga mer - ville ha höjda bullernivåer.</p><p>I vilket fall kommer det före sommaren att finnas tre bullerregelverk på plats. Det kommer troligen inte att leda till att det byggs speciellt många nya bostäder som annars inte skulle ha byggts. Det kommer troligen inte att hjälpa kommunerna, utan kommer snarare att göra det ännu rörigare. Men den politiska majoriteten i riksdagen fick i alla fall som den ville.</p><p> STYLEREF Kantrubrik \\* MERGEFORMAT Bostadspolitik och Planering och byggande</p><p>Fru ålderspresident! Nu har jag kommit till de två tillkännagivanden som finns i betänkandet. Det första handlar om att riksdagen anser att regeringen bör fortsätta arbetet med att förenkla plan- och bygglagen. Vi delar motionärernas uppfattning, att arbetet med att reformera plan- och bygglagen måste fortsätta. Detta gäller inte minst mot bakgrund av den akuta bostadsbrist som råder i stora delar av landet. Vi vill särskilt peka på det 22-punktsprogram som regeringen har tagit fram och på att regeringen bedriver ett aktivt arbete på det här området. Exempelvis beslutade regeringen i mars i år om en proposition för fler steg för en enklare plan- och bygglag. Där lämnar regeringen förslag som syftar till att göra planprocessen effektivare och till att fler åtgärder ska bygglovsbefrias. Nyligen beslutade också regeringen om att ge Boverket i uppdrag att utreda om ännu fler åtgärder kan befrias från bygglov. I tillkännagivandet framstår det som att man inte har läst vad regeringen faktiskt gör på det här området.</p><p>Det andra tillkännagivandet gäller försämrade tillgänglighetskrav för studentbostäder. Det här är en liten hjärtefråga som jag har pratat ganska mycket om i den här kammaren. För mig är studenter inte en homogen grupp. Alla studenter är inte unga, friska och starka. Studenter kan vara äldre och funktionsnedsatta och ha barn. Studenter är inte en grupp som tål mer än någon annan grupp. Studenter är precis som du och jag - väldigt olika. Det enda som studenter har gemensamt är att deras sysselsättning är att studera. Dessutom är studenternas bostad också oftast deras arbetsplats. Det bör även i detta sammanhang framhållas att Boverket faktiskt på uppdrag av den tidigare borgerliga regeringen utredde just den här frågan och kom fram till att detta troligtvis inte kommer att sänka kostnaderna speciellt mycket och med största sannolikhet inte kommer att leda till att det blir enklare att bygga utan snarare krångligare, då regelverket blir annorlunda.</p><p>Det måste också tas i beaktande att vi i dag inte styr upplåtelseform med vår lagstiftning, vilket gör att vi inte kan garantera att bostäderna bebos av studenter för all framtid, om vi nu anser att studenter ska bo på ett annat sätt än någon annan grupp i samhället. Vi anser att utgångspunkten för alla nya bostäder ska vara att de ska vara tillgängliga och användbara för alla. Därför yrkar jag bifall till reservation 20 i betänkande CU15.</p><p>Fru ålderspresident! Vår tids största utmaning är klimatförändringarna. Det finns beräkningar som visar på att den totala klimatpåverkan från byggprocessen i Sverige uppgår till ca 10 miljoner ton koldioxidekvivalenter per år. Det är lika stora utsläpp som från alla personbilar. Därför anser jag att också byggbranschen måste ta sitt klimatansvar. Det gör den inte i dag i den utsträckning och i den takt som behövs, och då behöver politiken peka ut riktningen.</p><p>Det enklaste sättet att ställa om byggsektorn handlar om valet av material. Att välja trä är klimatsmart ur tre aspekter. Trä är en förnybar råvara som vi enkelt kan plantera och låta växa upp igen. Trä binder koldioxid. Trä finns dessutom lokalt och skapar jobb lokalt. Att trä är ett lättare material medför att transporterna blir lättare, vilket också medför att utsläppen blir mindre. Trä är också något som människor upplever som positivt att ha som byggmaterial i sin bostad. Ett storskaligt byggande i trä skulle minska utsläppen och samtidigt bidra till ännu starkare skogsindustri och en mer levande landsbygd.</p><p> STYLEREF Kantrubrik \\* MERGEFORMAT Bostadspolitik och Planering och byggande</p><p>Den andra delen i klimatsmart byggande handlar om samhällsplaneringen. Jag var lite inne på det i början men kommer att upprepa några saker. Här är det viktigt att när vi planerar nytt och planerar om måste vi planera efter människan. Vi måste planera våra samhällen för att människor ska leva, verka och röra sig där.</p><p>Boverket har därför fått i uppdrag att utreda förutsättningarna och lämna förslag till åtgärder inom ramen för byggprocessen enligt att plan- och bygglagen ska styra mot ett mer hållbart nyttjande av hållbara material i syfte att åstadkomma minskad klimatpåverkan. Med det väljer jag att avsluta mitt anförande.</p><p>(Applåder)</p>",
    "intressent_id": "0628870165823",
    "rel_dok_id": "H401CU14, H401CU15",
    "replik": "N",
    "systemdatum": "2017-05-16 16:12:53"
  }
}