﻿{
  "anforande": {
    "dok_hangar_id": "4703370",
    "dok_id": "H409101",
    "dok_titel": "Protokoll 2016/17:101 Torsdagen den 27 april",
    "dok_rm": "2016/17",
    "dok_nummer": "101",
    "dok_datum": "2017-04-27 00:00:00",
    "avsnittsrubrik": "Frågestund",
    "underrubrik": "Den växande vildsvinsstammen",
    "kammaraktivitet": "frågestund",
    "anforande_id": "f379ecae-bb3b-e711-9452-00262d0d0c40",
    "anforande_nummer": "57",
    "talare": "Statsrådet Sven-Erik Bucht (S)",
    "parti": "S",
    "anforandetext": "<p>Fru talman! Tack för frågeställningen! Det är en mycket viktig fråga som Magnus Oscarsson tar upp. Svenskt lantbruk drabbas väldigt hårt av inte minst vildsvinsskador på grund av bland annat utfodring under vegetationsperioden.</p><p>Regeringen lade fram ett heltäckande - observera att det var heltäckande - lagförslag om att begränsa utfodring under vegetationsperioden. Tyvärr avslog Alliansen tillsammans med Sverigedemokraterna det förslaget, som hade kunnat göra att vi hade kunnat komma till rätta med de enorma skador som svenskt lantbruk drabbas av.</p>",
    "intressent_id": "0781357446917",
    "rel_dok_id": "H4C120170427fs",
    "replik": "N",
    "systemdatum": "2017-05-18 13:18:58"
  }
}