﻿{
  "anforande": {
    "dok_hangar_id": "4702552",
    "dok_id": "H409100",
    "dok_titel": "Protokoll 2016/17:100 Onsdagen den 26 april",
    "dok_rm": "2016/17",
    "dok_nummer": "100",
    "dok_datum": "2017-04-26 00:00:00",
    "avsnittsrubrik": "Nya utstationeringsregler",
    "underrubrik": null,
    "kammaraktivitet": "ärendedebatt",
    "anforande_id": "fea791a8-413a-e711-9452-00262d0d0c40",
    "anforande_nummer": "25",
    "talare": "Arbetsmarknads- och etableringsministern Ylva Johansson (S)",
    "parti": "S",
    "anforandetext": "<p>Herr ålderspresident! Med den här propositionen försvarar vi den fria rörligheten. Jag tror att det är oerhört viktigt att förstå att om man vill vara medlem i EU och om man tycker att det är bra med en inre marknad och med fri rörlighet måste man kunna svara folk att fri rörlighet inte betyder frihet att utnyttja människor till undermåliga villkor.</p><p>Detta måste vi kunna svara, annars kommer människor att vända sig emot EU och den fria rörligheten, vilket vore förödande för Sverige. Det här handlar om ett ansvar som man måste ta som politiker.</p><p>Den som går ut på olika arbetsplatser kommer att möta människor som har verklighetsuppfattningen att gränserna borde stängas eller att vi inte borde vara medlemmar i EU, eftersom det är det enda sättet att lösa problemen med dumpning och utnyttjande av människor.</p><p>Detta är fel. Det går att lösa ändå, vilket vi visar med denna proposition. Jag tror att det är viktigt att vi politiker tar ansvar för att vi inte ska hamna i den förfärliga diskussion som vi har sett ett viktigt medlemsland hamna i - en diskussion som för länge sedan har lämnat verklighet och fakta bakom sig och som har resulterat i att medlemslandet nu lämnar unionen. Detta är väldigt allvarligt.</p><p>Jag har sagt det tidigare och kan säga det igen: Transparensen är helt avgörande. Jag delar den uppfattningen. Företag måste kunna veta vad som gäller för att de ska kunna lägga anbud - det är helt nödvändigt.</p><p> STYLEREF Kantrubrik \\* MERGEFORMAT Nya utstationerings-regler</p><p>För att detta ska fungera krävs att kollektivavtal lämnas in, men om vi ska vara ärliga krävs det också att parterna tolkar sina kollektivavtal på ett gemensamt sätt. Exempelvis byggavtalet är nästan omöjligt att förstå för någon annan än de som själva har tecknat det. Det är med andra ord viktigt att parterna är med i tolkningen av avtalen, så att man på ett enkelt sätt kan klargöra det för de företag som kommer hit.</p><p>Det hela är alltså lite mer komplext än att bara gälla inlämnande, men jag delar uppfattningen att detta är oerhört viktigt att göra.</p><p>Till sist vill jag säga något om bevisregeln. Denna regel innebär egentligen att man inte behöver bevisa något, kan man säga. Bevisregeln är momentan. Om företag säger att de i dag betalar minimilön enligt kollektivavtal betyder inte detta att de behöver göra det i morgon, eftersom det inte finns något avtal.</p><p>Om man nu betalar enligt minimilönerna, vad är då problemet? Skriv ett avtal!</p><p>(Applåder)</p>",
    "intressent_id": "011731125914",
    "rel_dok_id": "H401AU9",
    "replik": "Y",
    "systemdatum": "2017-05-16 16:12:45"
  }
}