﻿{
  "anforande": {
    "dok_hangar_id": "4546972",
    "dok_id": "H40910",
    "dok_titel": "Protokoll 2016/17:10 Onsdagen den 28 september",
    "dok_rm": "2016/17",
    "dok_nummer": "10",
    "dok_datum": "2016-09-28 00:00:00",
    "avsnittsrubrik": "Regional anpassning av arbetsmarknadsutbildning",
    "underrubrik": null,
    "kammaraktivitet": "ärendedebatt",
    "anforande_id": "08d5f233-e195-e611-9441-00262d0d7125",
    "anforande_nummer": "1",
    "talare": "Niklas Wykman (M)",
    "parti": "M",
    "anforandetext": "<p>Herr talman! Att jag ville använda fel talarstol beror givetvis på mitt intensiva interpellerande till regeringen för att utkräva ansvar och svar kring en otydlig politik på många områden. Detta är dock ett anförande.</p><p>Man kan tycka att det handlar om en liten sak, herr talman: en rapport som utvärderar hur effektiva vissa typer av arbetsmarknadsåtgärder är och regeringens skrivningar angående detta. Riksrevisionen konstaterar att denna typ av åtgärder i arbetsmarknadspolitiken inte är särskilt effektiva. Effekterna på sysselsättningen av denna typ av åtgärder kan till och med totalt sett vara negativa.</p><p>Regeringen är dock, som regeringen nu mest är, herr talman, nöjd med sakernas tillstånd. Om det går bra eller dåligt tycks spela mindre roll. Man är överlag nöjd och vill kommunicera en positiv bild av Sverige, oavsett om den stämmer och har grund i fakta eller inte. Det är väl ett slags partistrategi mer än en ekonomisk arbetsmarknadsanalys.</p><p>Från Moderaternas och Alliansens sida tycker vi att en aktiv arbetsmarknadspolitik är viktig. Det kanske inte är det som främst styr hur stor sysselsättningen och hur högt arbetskraftsdeltagandet är i samhället, utan det är det andra faktorer som gör: hur mycket det lönar sig att arbeta, vilka regler som finns i socialförsäkrings- och bidragssystem, hur mycket lön man får, hur konkurrenskraftigt Sverige är och hur mycket företag kan växa och anställa.</p><p> STYLEREF Kantrubrik \\* MERGEFORMAT Regional anpassning av arbetsmarknads-utbildning</p><p>Men, herr talman, för stora grupper på arbetsmarknaden spelar den aktiva arbetsmarknadspolitiken en väsentlig roll. Det handlar om personer som haft problem under skolgången och inte förmått att rusta sig för de höga krav på anställbarhet som ställs på arbetsmarknaden. Här blir politiken desto viktigare - att hitta och utforma rätt typ av verktyg, som verkligen ger dessa människor möjlighet att träda in på arbetsmarknaden och till slut nå en egen försörjning utan olika typer av subventioner. Där kommer skrivningen in som en viktig komponent, nämligen att det läggs stora resurser på ineffektiva åtgärder.</p><p>Från Moderaternas sida tycker vi att man borde ta denna kritik på större allvar, ompröva och lägga pengarna på de mest effektiva åtgärderna. Nystartsjobb är en sådan sak. Vi har också föreslagit en lång rad åtgärder som skulle kunna vidtas. Vi återkommer i vår budgetproposition med fler förslag av olika typ som går att använda och ökar möjligheterna.</p><p>Någonstans, herr talman, bör man fråga sig varför regeringen är nöjd. Varför vill den ha kvar denna typ av politik, och varför vill den inte öka flexibiliteten och möjligheten till lokal anpassning när detta efterfrågas? Det är en öppen fråga varför regeringen är så nöjd med ett system som inte fungerar och som nu också får tydlig kritik.</p><p>Med detta, herr talman, vill jag yrka bifall till reservation 1 av Elisabeth Svantesson med flera.</p>",
    "intressent_id": "0493288854424",
    "rel_dok_id": "H401AU3",
    "replik": "N",
    "systemdatum": "2016-10-19 11:49:03"
  }
}