﻿{
  "anforande": {
    "dok_hangar_id": "4703370",
    "dok_id": "H409101",
    "dok_titel": "Protokoll 2016/17:101 Torsdagen den 27 april",
    "dok_rm": "2016/17",
    "dok_nummer": "101",
    "dok_datum": "2017-04-27 00:00:00",
    "avsnittsrubrik": "Väg- och fordonsfrågor",
    "underrubrik": null,
    "kammaraktivitet": "ärendedebatt",
    "anforande_id": "5f7aecae-bb3b-e711-9452-00262d0d0c40",
    "anforande_nummer": "159",
    "talare": "Emma Wallrup (V)",
    "parti": "V",
    "anforandetext": "<p>Fru talman! Jag tycker att Anders Åkesson inte lyssnar på vad jag säger. Du hörde fel ända från början, Anders Åkesson, när det gäller att jag skulle vara teknikfientlig. Det är helt tvärtom. Jag sa att vi behöver samhällsplanering jämte tekniken. Jag sa att vi är med på 74 ton om man tar det på skogsbilvägar och så fort som möjligt går mot omlastning till järnväg och sjöfart när det är möjligt. Det är alltså precis tvärtom.</p><p>Vi lyssnar mycket noga på forskningen som säger att det är oerhört bråttom. Som jag sa tidigare är det oerhört viktigt att vi sätter oss ned med industrin - fordonsindustrin och alla industrier - och verkligen talar konstruktivt utan några misstankar och faktiskt diskuterar hur vi ska rädda den här planeten eller snarare vår civilisation så fort som möjligt, för det är fruktansvärt bråttom.</p><p>Varenda civilisation, som vi hittills har studerat, som inte har reglerat girigheten har gått under. Vi har sett det i Rom, vi har sett det på Påskön och vi har sett olika urbefolkningar som överexploaterade sina resurser och gick under.</p><p></p><p>Jag tror att ett barn kan förstå att om man gör slut på alla resurser man ska leva av, då kommer man inte att överleva. Om man släpper ut så mycket koldioxid i atmosfären att man tar bort förutsättningarna för att över huvud taget bedriva jordbruk och ha infrastruktur för att stormar och så vidare förstör infrastrukturen, då kommer man inte att överleva som civilisation.</p><p>Vi måste skapa lagar och regler på ett rimligt sätt så att vi gynnar omställning och gör det lätt att göra rätt, lätt att få inkomster och bygga samhället på rätt sätt, men svårare att göra fel eftersom det är farligt.</p>",
    "intressent_id": "0115834246514",
    "rel_dok_id": "H401TU14",
    "replik": "Y",
    "systemdatum": "2017-05-18 13:19:09"
  }
}