﻿{
  "anforande": {
    "dok_hangar_id": "4706363",
    "dok_id": "H409103",
    "dok_titel": "Protokoll 2016/17:103 Tisdagen den 2 maj",
    "dok_rm": "2016/17",
    "dok_nummer": "103",
    "dok_datum": "2017-05-02 00:00:00",
    "avsnittsrubrik": "Svar på interpellationerna 2016/17:402, 403, 404, 405 och 406 om fjärrstyrd flygledning",
    "underrubrik": null,
    "kammaraktivitet": "interpellationsdebatt",
    "anforande_id": "d31f8197-5344-e711-9450-00262d0d7125",
    "anforande_nummer": "104",
    "talare": "Edward Riedl (M)",
    "parti": "M",
    "anforandetext": "<p>Herr talman! Det låter på ministern som att allt detta är självklart, men det ifrågasätts ju kraftigt av rätt många tunga aktörer inom flyget, både i Sverige och utanför Sverige. Det är inte så att detta är något helt oproblematiskt. Det handlar helt enkelt ytterst om flygsäkerheten. Det finns expertorganisationer ute i Europa som går så långt att de till och med vill förbjuda den här typen av aktiviteter, som ligger till grund för att man ska genomföra de här besparingarna.</p><p>En sak som ministern inte nämner, herr talman, är att man med den nya tekniken inte bara ska kunna ta hand om <em>en</em> flygplats, utan man ska ha simultana funktioner. Det vill säga att den besparing på 1 promille på verksamheten är en oändligt liten besparing som man som bäst kan göra. Det kräver att en flygtrafikledare kan kontrollera mer än ett flygtrafiktorn. De flesta experter inom branschen - pilotfack, piloter, expertmyndigheter och -organisationer i och utanför Sverige som har med flyget att göra - säger att de är lite tveksamma till detta, på rätt goda grunder, därför att de vill ha bibehållen säkerhet.</p><p> STYLEREF Kantrubrik \\* MERGEFORMAT Svar på interpellationer</p><p>Detta är alltså grunden för besparingen på 1 promille. Får man inte göra de simultana landningarna blir det faktiskt dyrare. SVT:s granskning visade att med LFV:s siffror blir det dyrare i slutändan om de får genomföra det som få tycker att man bör kunna få göra.</p><p>Herr talman! Man ska flytta en massa jobb utifrån landet till Stockholm och ta en mängd risker, trots att en mängd olika organisationer, piloter, flygtrafikledare och andra säger: Det här tycker inte vi känns helt bekvämt. Man vill genomföra detta utan att det i slutändan sannolikt leder till någon besparing. Det har jag väldigt svårt att förstå.</p><p>När det gäller ministerns fråga har jag ingenting emot tekniken. Jag tycker att den är bra. Den här tekniken påbörjades under allianstiden. Jag har i grunden ingenting emot tekniken och att man prövar den. Men här handlar det inte om att rulla ut den på mindre flygplatser för att prova, utan det handlar om rätt stora flygplatser i Sverige. Det handlar om Malmö och det handlar om Umeå.</p><p>Jag tror ibland, herr talman, att det är bra att påminna om hur det faktiskt ser ut i Sverige. Umeå flygplats är ungefär som halva Bromma flygplats. Malmö är en jätteflygplats. Driftsstörningar liknande dem vi hade förra veckan i Örnsköldsvik skulle med den här tekniken på den typen av flygplatser få omfattande konsekvenser för sjöräddning, ambulanstransporter och tusentals dagliga pendlare. Det får enorma konsekvenser om man rullar ut den här tekniken innan den är helt färdig. Det finns faktiskt rimlighet i den kritiken. </p><p>Ministern sa en massa saker i sitt förra inlägg som jag tyvärr inte kommer att kunna bemöta under denna korta debattid. Men var så säker på att jag kommer att återkomma med fler interpellationer, för jag tycker att vi ska debattera detta färdigt.</p><p>En av de saker jag funderar över, herr talman, är att ministern säger att hon känner sig trygg med att man kommer att ha täta skott mellan LFV, Swedavia och det nya bolaget. Men den på LFV som har drivit igenom den här affären finns ju nu i det nya bolaget och sitter i styrelsen där. Det tycker inte jag, herr talman, är vattentäta skott, men där kan jag och ministern möjligen ha olika uppfattning.</p><p>Man kan ifrågasätta en del av vinsterna med detta. Som bäst blir det en besparing på 1 promille, men det bygger på att det är simultana landningar. Jag skulle vilja veta ministerns synpunkter på detta.</p>",
    "intressent_id": "0273506284025",
    "rel_dok_id": "H4C120170502ip",
    "replik": "N",
    "systemdatum": "2017-05-29 11:46:41"
  }
}