﻿{
  "anforande": {
    "dok_hangar_id": "4703963",
    "dok_id": "H409102",
    "dok_titel": "Protokoll 2016/17:102 Fredagen den 28 april",
    "dok_rm": "2016/17",
    "dok_nummer": "102",
    "dok_datum": "2017-04-28 00:00:00",
    "avsnittsrubrik": "Aktuell debatt om attentatet i Stockholm",
    "underrubrik": null,
    "kammaraktivitet": "aktuell debatt",
    "anforande_id": "01999fe0-bc3b-e711-9452-00262d0d0c40",
    "anforande_nummer": "21",
    "talare": "Annika Hirvonen Falk (MP)",
    "parti": "MP",
    "anforandetext": "<p>Herr talman! Jag är glad över att dagens debatt om dessa viktiga frågor huvudsakligen har varit mycket konstruktiv.</p><p>Terroristernas mål är inte bara att döda enskilda människor utan också att i grunden förgöra vårt öppna demokratiska samhälle. Därför finns det i grund och botten ingen motsättning mellan å ena sidan kampen mot terrorism och å andra sidan arbetet för demokrati. Därmed är det inte sagt att det inte i många fall aktualiseras svåra och viktiga avvägningar i enskilda förslag.</p><p>I det kommande arbetet kommer Miljöpartiet att vara en röst för konkreta och verkningsfulla förslag som lever upp till rättssäkerhetens krav, till internationella konventioner och till mänskliga rättigheter, inklusive skyddet för den personliga integriteten.</p><p>Bara så kan vi på ett ansvarsfullt sätt och med demokratins fulla kraft motverka terrorism utan att exploatera rädslor och sprida misstänksamhet mellan människor och olika grupper. På det sättet skiljer vi oss i grunden från Sverigedemokraterna, som förutom att ha bjudit in till en debatt där de vägrar att svara på frågor och angrepp återigen har givit uttryck för en vilja att ge terrorister straffrihet i stället för att verkningsfullt arbeta för att skydda demokratin mot dem som vill ha hat.</p>",
    "intressent_id": "0819601620927",
    "rel_dok_id": "H4C120170428ad",
    "replik": "N",
    "systemdatum": "2017-05-18 13:27:09"
  }
}