﻿{
  "anforande": {
    "dok_hangar_id": "4702552",
    "dok_id": "H409100",
    "dok_titel": "Protokoll 2016/17:100 Onsdagen den 26 april",
    "dok_rm": "2016/17",
    "dok_nummer": "100",
    "dok_datum": "2017-04-26 00:00:00",
    "avsnittsrubrik": "Bostadspolitik och Planering och byggande",
    "underrubrik": null,
    "kammaraktivitet": "ärendedebatt",
    "anforande_id": "3aa891a8-413a-e711-9452-00262d0d0c40",
    "anforande_nummer": "78",
    "talare": "Emma Hult (MP)",
    "parti": "MP",
    "anforandetext": "<p>Fru ålderspresident! Att Tuve Skånberg höjer rösten för att illustrera hur mycket decibeltalen skulle bli på utsidan av fasaderna på nybyggda bostäder säger en del om den här debatten.</p><p>Jag förstår fortfarande inte varför vi står och talar om hur mycket buller en människa ska behöva utstå. De boende påverkar i viss mån om de kör fordon eller påverkar andra saker utanför sin bostad. Det är skillnad mellan 50 och 60 decibel, men det låter jag expertisen tala för. Jag är politiker och inte utbildad akustiker.</p><p>Tuve Skånberg nämner den lägenhet som han har för övernattning här i Stockholm. Det är ett befintligt hus. De här reglerna ska gälla för nyproduktion. Min ambition är att det vi bygger ska bli så bra som möjligt långsiktigt. Det handlar inte om befintliga byggnader. Det handlar om nyproduktion.</p><p>Jag tog upp en rad exempel på hur vi skulle kunna bygga på dessa platser genom att minska bullret vid källan. Det finns ett antal åtgärder som vi skulle kunna göra. Det är vad jag vill att debatten ska handla om. Det är där vi ska göra insatserna.</p><p>Tuve Skånberg behöver inte vara orolig. Regeringen kommer att leverera enligt den överenskommelse vi har gjort. Det behöver du inte vara orolig för. Men om jag ena året skulle stå och säga att jag är emot och nästa år säga att jag är för, då kan jag inte se mig själv i spegeln.</p>",
    "intressent_id": "0628870165823",
    "rel_dok_id": "H401CU14, H401CU15",
    "replik": "Y",
    "systemdatum": "2017-05-16 16:12:53"
  }
}