﻿{
  "anforande": {
    "dok_hangar_id": "4703370",
    "dok_id": "H409101",
    "dok_titel": "Protokoll 2016/17:101 Torsdagen den 27 april",
    "dok_rm": "2016/17",
    "dok_nummer": "101",
    "dok_datum": "2017-04-27 00:00:00",
    "avsnittsrubrik": "Frågestund",
    "underrubrik": "Idéburna aktörer i välfärden",
    "kammaraktivitet": "frågestund",
    "anforande_id": "fe79ecae-bb3b-e711-9452-00262d0d0c40",
    "anforande_nummer": "68",
    "talare": "Janine Alm Ericson (MP)",
    "parti": "MP",
    "anforandetext": "<p>Fru talman! Jag har en fråga till statsrådet Shekarabi. </p><p>I valrörelsen 2014 var Miljöpartiet liksom Socialdemokraterna och Vänsterpartiet väldigt tydliga med att vi ville stoppa vinstjakten i den svenska välfärden. Allt överskott som gjordes skulle i huvudsak återinvesteras i verksamheterna. Vi konstaterade väldigt tydligt att man ju inte är kund i förhållande till välfärden utan att man är medborgare.</p><p>Därför var det väldigt bra att regeringen tillsatte en utredning om just de här frågorna, och den har nu kommit med sitt delbetänkande.</p><p>Detta har varit ute på remiss, och efter remissrundan står det klart att de idéburna verksamheterna, som alltså inte drivs med vinst, har problem. Jag skulle vilja fråga statsrådet hur regeringen ämnar gå vidare för att negativa effekter av utredningens förslag för de ideella aktörerna ska kunna undvikas.</p>",
    "intressent_id": "0316505710324",
    "rel_dok_id": "H4C120170427fs",
    "replik": "N",
    "systemdatum": "2017-05-18 13:18:58"
  }
}