﻿{
  "anforande": {
    "dok_hangar_id": "4703370",
    "dok_id": "H409101",
    "dok_titel": "Protokoll 2016/17:101 Torsdagen den 27 april",
    "dok_rm": "2016/17",
    "dok_nummer": "101",
    "dok_datum": "2017-04-27 00:00:00",
    "avsnittsrubrik": "Skogspolitik",
    "underrubrik": null,
    "kammaraktivitet": "ärendedebatt",
    "anforande_id": "737aecae-bb3b-e711-9452-00262d0d0c40",
    "anforande_nummer": "178",
    "talare": "Jens Holm (V)",
    "parti": "V",
    "anforandetext": "<p>Fru ålderspresident! Det enda som Johan Hultberg glömde i den där uppräkningen var Sovjetunionen. Ingenting av detta finns i vår politik. Johan Hultberg tillskriver mig en mängd ståndpunkter som jag inte står för och som inte finns i vår reservation eller vår motion i det här betänkandet. Icke desto mindre tycker jag att det här är en viktig debatt.</p><p>Johan Hultberg ger inget svar på den fråga som faktiskt är fullt relevant för människor som bor nära skogar, nämligen den om att man inte har någon rådighet över vad som kan vara framtiden för skogen. Man kan resa bort på semester och sedan komma hem för att se att all skog är borta. Det är det som vi vill göra någonting åt. Det är därför vi vill stärka samrådsförfarandet. Det betyder inte att den enskilde individen får ett veto eller liknande för att stoppa något, men vi behöver ett samrådsförfarande för att man ska kunna hitta de bästa tänkbara lösningarna vid en slutavverkning.</p><p>Johan Hultberg tog upp något väldigt intressant vad gäller det statliga bruket av skog och överlag skyddet av skog. Jag håller med dig, Johan, om att det länge har varit illa ställt med skyddet av skog i Sverige. Vi har haft åtta år av borgerlig politik då man totalt har nedprioriterat detta. Nu gör vi en historisk satsning på skydd av skog i Sverige, bland annat för att vi inte bara ska få ett skydd i arealer, utan ett skydd som också är representativt rent ekologiskt, så att vi till exempel kan få mer av lövskog.</p><p></p><p>På min konkreta fråga svarar Johan Hultberg att man har pengar till att skydda skog. Ja, men vi tillför mer än 1 miljard till detta område för att vi ska kunna göra den här historiska satsningen. Moderaterna avfärdar den satsningen. Det är bara att beklaga.</p>",
    "intressent_id": "0216534495014",
    "rel_dok_id": "H401MJU13",
    "replik": "Y",
    "systemdatum": "2017-05-18 13:19:11"
  }
}