﻿{
  "anforande": {
    "dok_hangar_id": "4546972",
    "dok_id": "H40910",
    "dok_titel": "Protokoll 2016/17:10 Onsdagen den 28 september",
    "dok_rm": "2016/17",
    "dok_nummer": "10",
    "dok_datum": "2016-09-28 00:00:00",
    "avsnittsrubrik": "Ett svenskt tonnagebeskattningssystem",
    "underrubrik": null,
    "kammaraktivitet": "ärendedebatt",
    "anforande_id": "2fd5f233-e195-e611-9441-00262d0d7125",
    "anforande_nummer": "38",
    "talare": "Larry Söder (KD)",
    "parti": "KD",
    "anforandetext": "<p>Fru talman! Jag börjar med att yrka bifall till utskottets förslag i betänkandet.</p><p>När jag gick till riksdagen i dag var det precis som för alla andra: Det regnade ute. Jag blir väldigt irriterad när det regnar. Jag tycker att jag är på fel plats, och jag tycker att allting runt omkring är väldigt fel. Jag vet inte om ni är likadana. Men när det gäller tonnageskatten känns det som en solig höstdag. Det är så gött i solen att man inte vill klaga. Man är bara nöjd och hoppas på att ingen förstör den bild som man har inom sig. Så känns det lite grann när det gäller tonnageskatten; man vill bara att den ska komma på plats, och så får vi hantera situationen utefter det sedan.</p><p>Sjöfartsnäringen är kapitalintensiv. Därför har skatteregelverken och skattepolitiken stor betydelse för näringens konkurrenskraft. Det är en stor inverkan, som vi inte kan blunda för. Det är något vi måste göra någonting åt eftersom den svenska handelsflottan är missgynnad gentemot andra inom Europa i dagsläget. Vi som kristdemokrater ser en fördel med att nationen Sverige har en stark sjöfart, och vi tror det finns stor tillväxtmöjlighet om en tonnageskatt införs.</p><p>Sverige vill som nation i Europa framhäva att vi ligger i framkant när det gäller många olika saker. Vi ska vara där och pusha de andra länderna till nya möjligheter och nya mål. Men när det gäller konkurrenskraften mot andra europeiska länder för företagen är vi oftast Europamästare på att hitta regler och skatter som missgynnar våra svenska företag.</p><p>Sverige är det enda sjöfartsland inom EU som saknar tonnageskatt. Med detta har följt en allt mindre handelsflotta. Vi tror att vi i och med det beslut vi har framför oss får möjlighet att vända denna trend. Den svenska sjöfartsnäringen måste ha likadana regler som andra inom EU. Vi tror att det hela nu äntligen kommer att bli åtminstone mer likartat och att vi har en större möjlighet.</p><p>En tonnageskatt innebär att rederiernas inkomst fastställs schablonmässigt utifrån fartygens tonnagevolym och inte de faktiska inkomsterna. Tonnaget bedöms vara ett mått på fartygens lastkapacitet och därmed deras intjäningsförmåga. Huvudregeln är att företaget inte behöver göra försäljningar och investeringar i fartyg utifrån skattemässiga överväganden. Med ett tonnageskattesystem är skatten oberoende av företagets resultat ett givet år.</p><p> STYLEREF Kantrubrik \\* MERGEFORMAT Ett svenskt tonnage-beskattningssystem</p><p>Vi som parti kan givetvis anse att själva finansieringen av tonnageskatten är olycklig, men i dagsläget är det viktigaste och det övervägande målet att få detta på plats och att arbeta utifrån det - det vill säga en solig höstdag.</p><p>Att inte införa en tonnageskatt tror vi skulle ha en stor negativ inverkan på antalet handelsfartyg med svensk flagg. Därmed skulle Sverige tappa ännu mer mot andra länder i kraft och kunskap.</p><p>Det har tagit för lång tid; det tycker vi nog allihop. Men vi är glada att förslaget finns här, och vi är gärna med och fattar detta beslut.</p><p>(Applåder)</p>",
    "intressent_id": "0992473266516",
    "rel_dok_id": "H401SkU6",
    "replik": "N",
    "systemdatum": "2016-10-19 11:49:06"
  }
}