﻿{
  "anforande": {
    "dok_hangar_id": "4703370",
    "dok_id": "H409101",
    "dok_titel": "Protokoll 2016/17:101 Torsdagen den 27 april",
    "dok_rm": "2016/17",
    "dok_nummer": "101",
    "dok_datum": "2017-04-27 00:00:00",
    "avsnittsrubrik": "Skogspolitik",
    "underrubrik": null,
    "kammaraktivitet": "ärendedebatt",
    "anforande_id": "8e7aecae-bb3b-e711-9452-00262d0d0c40",
    "anforande_nummer": "205",
    "talare": "Birger Lahti (V)",
    "parti": "V",
    "anforandetext": "<p>Fru ålderspresident! Det är säkert bra med mål. Vi har inte specificerat hur stor andelen ska vara, men vi skulle säkert kunna landa i det som är rimligt. Men det blir galet och fel om det görs på fel ställe.</p><p>Ett hyggesfritt skogsbruk ska bedrivas där det är lämpligt, vilket jag pekade på i vårt <em>Ekologiskt-ekonomiskt punktprogram</em>, som kongressen har antagit. Unika och hotade miljöer i skogsmarken ska skyddas, och det ska göras där det är lämpligt. Det blir fel om vi låter snåla skogsägare lägga fröträdsställningar där det inte lämpar sig. Det blir bara fel, och vi tappar skogsmark som skulle kunna användas till bra produktion av tall eller gran.</p><p></p><p>Jag tycker också att det ska finnas ett mål. Det ska vara ett mål som anger vad vi ska nå när det gäller hyggesfritt skogsbruk. Då måste Skogsstyrelsen kunna sin sak och ge råd till skogsägarna om vad de kan använda. Det är ett mål som vi absolut kan nå. Men vi ska inte ge en snål skogsägare som inte vill investera i skogen tillfälle att säga att här ska han vidta en åtgärd om den inte lämpar sig för marken.</p>",
    "intressent_id": "0825441263617",
    "rel_dok_id": "H401MJU13",
    "replik": "Y",
    "systemdatum": "2017-05-18 13:19:12"
  }
}