﻿{
  "anforande": {
    "dok_hangar_id": "4703370",
    "dok_id": "H409101",
    "dok_titel": "Protokoll 2016/17:101 Torsdagen den 27 april",
    "dok_rm": "2016/17",
    "dok_nummer": "101",
    "dok_datum": "2017-04-27 00:00:00",
    "avsnittsrubrik": "Frågestund",
    "underrubrik": "Idéburna aktörer i välfärden",
    "kammaraktivitet": "frågestund",
    "anforande_id": "017aecae-bb3b-e711-9452-00262d0d0c40",
    "anforande_nummer": "71",
    "talare": "Statsrådet Ardalan Shekarabi (S)",
    "parti": "S",
    "anforandetext": "<p></p><p>Fru talman! Ja. Det räcker inte med dagens system. Vi måste förbättra regelverket för den idéburna sektorn. De ideella aktörerna möter många problem, både när det gäller finansiering och möjligheter till kontinuitet.</p><p>Vi ser att många länder i vår närhet har särskilda modeller för den ideella sektorn, till exempel när det gäller finansiering av skolverksamheter. Vi behöver verkligen ta in dessa idéer och ge den ideella sektorn bättre förutsättningar. Detta är utgångspunkten för regeringens arbete.</p>",
    "intressent_id": "0922497728524",
    "rel_dok_id": "H4C120170427fs",
    "replik": "N",
    "systemdatum": "2017-05-18 13:18:58"
  }
}