﻿{
  "anforande": {
    "dok_hangar_id": "4703370",
    "dok_id": "H409101",
    "dok_titel": "Protokoll 2016/17:101 Torsdagen den 27 april",
    "dok_rm": "2016/17",
    "dok_nummer": "101",
    "dok_datum": "2017-04-27 00:00:00",
    "avsnittsrubrik": "Skogspolitik",
    "underrubrik": null,
    "kammaraktivitet": "ärendedebatt",
    "anforande_id": "797aecae-bb3b-e711-9452-00262d0d0c40",
    "anforande_nummer": "184",
    "talare": "Johan Hultberg (M)",
    "parti": "M",
    "anforandetext": "<p>Fru ålderspresident! Det var intressant att lyssna på Isak From både i hans anförande och i det senaste replikskiftet med Jens Holm. Jag konstaterar att Isak From uppenbarligen vill bredda debatten ganska rejält och återigen kretsa kring infrastrukturfrågor och annat som debatterades här i ett par timmar alldeles innan vår debatt började. Nu senast fick han den också att handla rätt mycket om bostadsbyggande och annat.</p><p>Fru ålderspresident! Jag tar det någonstans till intäkt för att Isak From inte är lika glad i att debattera regeringens skogspolitik. Han kanske tycker att det är ganska besvärande att den är så spretig och att det är otydligt vad regeringen faktiskt vill. Det finns uppenbarligen en stor diskrepans i åsikter och måhända en vilja att föra en politik åt lite olika håll beroende på om man är socialdemokrat eller miljöpartist.</p><p></p><p>Fru ålderspresident! Jag konstaterade också att Isak From tonade ned farhågorna med de diskussioner som nu pågår på EU-nivå om till exempel LULUCF-direktivet. Det gör mig bekymrad, och det bekräftar den oro som vi har känt från Alliansens sida om att regeringen inte riktigt tar de här frågorna på allvar. Man tror att de där reglerna inte kommer att få någon större påverkan på svensk skogspolitik, men risken är att det kommer att stå Sverige dyrt om vi låter Bryssel och EU, de andra medlemsländerna i någon mening, sätta villkoren för svenskt skogsbruk. Det kommer att kräva att vi köper oss rättigheter att avverka den skog som vi har i vårt land. Ser inte Isak From de riskerna?</p><p>Avslutningsvis skulle jag vilja fråga Isak From om han delar den uppfattning som jag har om att vi behöver producera mer virke i Sverige.</p>",
    "intressent_id": "069309987221",
    "rel_dok_id": "H401MJU13",
    "replik": "Y",
    "systemdatum": "2017-05-18 13:19:12"
  }
}