﻿{
  "anforande": {
    "dok_hangar_id": "4702552",
    "dok_id": "H409100",
    "dok_titel": "Protokoll 2016/17:100 Onsdagen den 26 april",
    "dok_rm": "2016/17",
    "dok_nummer": "100",
    "dok_datum": "2017-04-26 00:00:00",
    "avsnittsrubrik": "Nya utstationeringsregler",
    "underrubrik": null,
    "kammaraktivitet": "ärendedebatt",
    "anforande_id": "01a891a8-413a-e711-9452-00262d0d0c40",
    "anforande_nummer": "28",
    "talare": "Désirée Pethrus (KD)",
    "parti": "KD",
    "anforandetext": "<p>Herr ålderspresident! Jag blir inte riktigt klok på om det här verkligen kommer att lösa det som statsrådet vill lösa på arbetsmarknaden. Vi vill alla komma åt problemet om det är någon som dumpar löner, för det är inte tillåtet enligt EU-rätten och inte heller enligt vår svenska lex Laval i dag. Därför är det upp till arbetsmarknadens parter, och facken får ju agera då.</p><p>Statsrådet säger att man inte behöver teckna ett särskilt kollektivavtal. Då förstår jag inte riktigt vad skillnaden är mot i dag. Det gör det krångligare för den som vill komma till Sverige, och det blir mycket svårare för dem att veta vad det är som gäller. Hur ska man i alla olika branscher veta vad det är för kollektivavtal som gäller om man har ett företag i Polen och vill utstationera personal som ska hjälpa till i byggsektorn här? Hur ska man veta vilka kollektivavtal man ska följa innan man kommer hit?</p><p>Jag skulle vilja veta, som jag frågade statsrådet, vad som händer om en person mot förmodan, om man kommer från Polen, skulle ha ett bättre avtal i sitt hemland? Det kommer utstationerade också från andra länder, till exempel från Indien, som arbetar inom it-sektorn.</p><p>Om ett ärende drivs till EU-domstolen om ett sådant här avtal, tror statsrådet att Sverige kommer att vinna? Kommer det här förslaget att hålla enligt EU-rätten?</p>",
    "intressent_id": "0860429409414",
    "rel_dok_id": "H401AU9",
    "replik": "Y",
    "systemdatum": "2017-05-16 16:12:45"
  }
}