﻿{
  "anforande": {
    "dok_hangar_id": "4703370",
    "dok_id": "H409101",
    "dok_titel": "Protokoll 2016/17:101 Torsdagen den 27 april",
    "dok_rm": "2016/17",
    "dok_nummer": "101",
    "dok_datum": "2017-04-27 00:00:00",
    "avsnittsrubrik": "Väg- och fordonsfrågor",
    "underrubrik": null,
    "kammaraktivitet": "ärendedebatt",
    "anforande_id": "4e7aecae-bb3b-e711-9452-00262d0d0c40",
    "anforande_nummer": "142",
    "talare": "Sten Bergheden (M)",
    "parti": "M",
    "anforandetext": "<p>Herr ålderspresident! Låt mig vara tydlig. Jo, Alliansen lade in mer pengar till vägarna för att rusta upp systemet så att det går att köra de tyngre lastbilarna. Det var fråga om 300 miljoner kronor om året. Detta hade Karin Svensson Smith sett om hon hade läst och begrundat vår budget.</p><p>Karin Svensson Smith och Miljöpartiet drog snarare ned på vägunderhållet med en halv miljard kronor medan vi lade till motsvarande pengar. Det blir inte färre potthål i Sverige om man börjar minska pengarna till vägarna och i stället satsar på ett snabbtåg mellan Stockholm, Göteborg och Malmö. Varenda expert och kunnig människa på området säger att det inte går ihop. Varje satsad krona ger 60 öre tillbaka. Med den ekonomin och om Miljöpartiet får fortsätta att styra landet kommer Sverige att bli fattigt fort.</p><p></p><p>Vi satsar på vägarna. Vi har med dem i budgeten. Vi är beredda att bygga ut och ordna vad som behövs på området.</p><p>Sedan kom en överraskning, och jag gläder mig. Karin Svensson Smith sa inledningsvis att hon värnar personbilarna. Det är bra. Välkommen! Det är oerhört viktigt. Nu är de självstyrande bilarna på väg in. Då är det bra att vi tar fram en strategi som ni säger nej till. Vill ni verkligen värna våra personbilar, ta vara på jobben i den svenska fordonsindustrin och se till att jobben stannar i landet? Annars kommer någon annan att jobba med de frågorna, och då blir det inte jobb i Sverige.</p><p>Välkommen över på den planhalva som värnar bilismen i landet. Det var ett bra uttalande av Karin Svensson Smith.</p>",
    "intressent_id": "0828721176319",
    "rel_dok_id": "H401TU14",
    "replik": "Y",
    "systemdatum": "2017-05-18 13:19:09"
  }
}