﻿{
  "anforande": {
    "dok_hangar_id": "4702552",
    "dok_id": "H409100",
    "dok_titel": "Protokoll 2016/17:100 Onsdagen den 26 april",
    "dok_rm": "2016/17",
    "dok_nummer": "100",
    "dok_datum": "2017-04-26 00:00:00",
    "avsnittsrubrik": "Bostadspolitik och Planering och byggande",
    "underrubrik": null,
    "kammaraktivitet": "ärendedebatt",
    "anforande_id": "30a891a8-413a-e711-9452-00262d0d0c40",
    "anforande_nummer": "68",
    "talare": "Ewa Thalén Finné (M)",
    "parti": "M",
    "anforandetext": "<p>Fru ålderspresident! I dag har vi åter debatt om bostadspolitik och mycket om grunden för densamma, det vill säga planering och byggande.</p><p>Från moderat sida kan jag konstatera att vi har bostadsbrist i 240 av 290 kommuner. Även om det för tillfället byggs mer än på väldigt lång tid kan vi konstatera att det inte räcker.</p><p>Många kan inte flytta till jobb och studier, inte flytta hemifrån eller hitta en bostad vid skilsmässa. Så här kan vi faktiskt inte ha det.</p><p>En fungerande bostadsmarknad är en förutsättning för det goda livet, för tillväxt och för ökad sysselsättning. Den rådande bostadsbristen är allvarlig eftersom den begränsar människors frihet. Bostadsbristen begränsar företag och anställda, men framför allt drabbar bostadsbristen unga som vill flytta hemifrån, alla som vill flytta till storstadsregionerna, nyanlända och asylsökande. Bostadsbristen är en del i de starkt ökade fastighetspriserna och därmed även hög belåning hos hushållen. Så här kan vi faktiskt inte ha det.</p><p>Bostadsmarknaden står inför fortsatt stora utmaningar. För att motverka bostadsbristen är det nödvändigt att ge förutsättningar för nyproduktion av bostäder som motsvarar efterfrågan.</p><p>Från politikens sida behöver vi enligt min mening fokusera mer på regelverken på tre områden: mer byggbar mark, enklare och tydligare regelverk och ökad rörlighet för ett bättre nyttjande av beståndet. Vän av ordning kan då undra varför. I grunden är det för att jag har otaliga exempel, och jag tänker ta några stycken.</p><p>En bekant till mig har fått möjlighet att köpa en bit mark för att bygga ett litet hus, som är hennes dröm. Men innan man köper marken måste man ju få någon sorts hum om ifall man kommer att få bygga. Hon vände sig därför till kommunen - jag behöver inte namnge den - för att fråga: Hur gör jag då? På kommunen sa de: Då får du ansöka om förhandsbesked. Fine! Det kostar 12 000 kronor, okej. Och det tar 20 veckor - helt orimligt!</p><p> STYLEREF Kantrubrik \\* MERGEFORMAT Bostadspolitik och Planering och byggande</p><p>Det andra exemplet gäller en exploatör som jag har träffat på som vill bygga hyresrätter och har ett område men som fastnar i att det inte går att få en fastighetsbildning. Eller det är klart att det går, men det kommer att ta ett till ett och ett halvt år att få denna fastighetsbildning.</p><p>Det tredje exemplet gäller en person som behöver en detaljplan för en markbit för att bygga hyresrätter. Kommunen är jättepositiv till det. Men tyvärr är kön för att få en detaljplan ett och ett halvt år, så om ett och ett halvt år, säger kommunen, ska vi börja jobba med din detaljplan.</p><p>Det fjärde exemplet gäller en person som hade fått ett positivt förhandsbesked om att få exploatera hyresrätter. När det sedan blev skarpt läge och exploatören hade lagt ned ett par miljoner på att få fram alla handlingar blev det nej i kommunen.</p><p>Det femte exemplet - det har jag tagit förr - gäller det här med buller. En kommun med bostadsbrist som rev hus för 20 år sedan konstaterar: Nu behöver vi bygga nytt. Då bygger vi på tomterna där vi tidigare har rivit fastigheter - perfekt, allt finns. Men, nej, det får man inte, för det går flygplan då och då över området. Därför har man fått nej.</p><p>De här exemplen och många fler visar att vi har ett stort ansvar för att jobba vidare med bättre och mer ändamålsenliga regler och riktlinjer.</p><p>Det är kommunerna som äger sin markpolitik, det vill säga att det är kommunerna som fattar de avgörande besluten om hur marken ska användas. Eller det är nästan på det sättet. Vi håller ändå kommunerna i ganska strama tyglar. Staten har i flera fall, via länsstyrelserna, dragit tillbaka detaljplaner och försvårat på väldigt många sätt. Så kan vi inte ha det. Vi måste ge kommunerna mer makt i fler av de här frågorna. Många kommunpolitiker är frustrerade över att de kan hitta en god fastighetsekonomi och exploatörer men ganska ofta får nej av staten. Sedan står vi, staten, här och skäller på kommunerna för att de inte gör tillräckligt.</p><p>Jag vill komma in lite mer på de delar som jag tycker är viktiga, till exempel mer byggbar mark. Där är bland annat bullerreglerna viktiga. Vi har nått en överenskommelse med regeringen - hoppas vi. Regeringen har med kniven på strupen lovat att ändra i förordningen innan maj månads utgång. Vi utgår från att det kommer att ske.</p><p>Det finns exploatörer som säger att det i ett exploateringsområde skulle kunna leda till mellan 20-30 procent fler lägenheter. Det leder naturligtvis också till billigare lägenheter.</p><p>Vi måste reformera systemen med riksintressen. Jag träffar många kommunpolitiker som är frustrerade över otydliga riksintressen som inte visar på ett bra sätt vad staten egentligen vill.</p><p>Vi måste också reformera strandskyddet. Det fungerar nämligen inte.</p><p>En översyn av miljöbalken är också angelägen, framför allt vad gäller hushållningsbestämmelserna. Vi har nu sett en dom när det gäller byggande på åkermark utanför detaljplanelagt område där Mark och miljööverdomstolen i princip säger tvärnej.</p><p>När det gäller byggregler tycker jag och Moderaterna att det vore på sin plats att vi vågar ta steget att gå direkt från översiktsplan till bygglov. Vi skulle åtminstone kunna prova på vissa områden. Vi skulle kunna testa de tyska regelverken, som innebär att om man bygger som omgivningen får man göra det utan detaljplan. Och man får bygga om man bygger enligt de statliga regelverken. Man söker direkt bygglov.</p><p> STYLEREF Kantrubrik \\* MERGEFORMAT Bostadspolitik och Planering och byggande</p><p>Bara utifrån de exemplen hör vi att man kan spara ganska mycket tid. Då öppnar vi för fler aktörer och för mindre aktörer. Det tror jag vore viktigt.</p><p>Vi behöver korta överklagandeprocesserna. De bygger upp frustration, hos exploatörer men också hos kommuner. Lite har gjorts. Jag och Moderaterna anser att det behöver göras mer. Men det var min allianskollega, Tuve, inne på. Därför tänker jag inte gå in på det igen.</p><p>Vi måste även korta handläggningstiderna hos kommuner och myndigheter. Vi måste sätta upp mål men också titta på om man ska reducera avgifterna för kommuner som jobbar för långsamt. Det har vi skrivit om, och jag kan väl ge en liten eloge för att det nu har utretts. Jag tror att det behövs mycket tydligare styrmedel också mot statliga myndigheter.</p><p>Det bör införas privat initiativrätt till detaljplaner, åtminstone innan de har tagits bort. Då kan en exploatör jobba med frågorna på sitt målmedvetna sätt. Det vore kanonbra.</p><p>Vi vet att det nu byggs fler studentbostäder. Det är utmärkt. Det beror bland annat på att bullerreglerna för att bygga i trafikutsatta områden, som redan är genomförda, har möjliggjort byggande av fler studentbostäder. Jag är säker på att vi kan göra ännu mer där.</p><p>Vi skulle även behöva ge Akademiska Hus ett än tydligare uppdrag. Och vi behöver säga till kommunerna att det är en prioriterad uppgift. Det får ta max nio månader att ta fram en detaljplan för studentbostäder.</p><p>Det är ännu viktigare att vi kontinuerligt går igenom alla regelverk vi har. Efter att Peter Eriksson blev bostadsminister och efter de bostadspolitiska samtal vi hade kan jag konstatera att regeringen har tagit till sig många av de förslag som Alliansen hade med sig in i samtalen.</p><p>Man har satt igång några utredningar. Men det tar för det första vansinnigt lång tid. Och för det andra gör regeringspartierna många av förändringarna för att ni har kniven på strupen. Ni gillar det inte i grunden. Jag har till och med hört någon säga att det bara blir krångligare för kommunerna om vi hela tiden byter regelverk. Jag tycker dock att det är vår skyldighet att hela tiden modernisera och förbättra. Det är oerhört viktigt.</p><p>Vi får alltså se framtiden an och se vilka förslag som de facto kommer. Om jag är lite positiv hoppas jag att det kommer att komma en hel del. Men när jag är på den möjligen mer pessimistiska eller realistiska sidan är jag orolig för att det inte kommer att göra det. Ett av skälen för det är att de nuvarande regeringspartierna och Vänstern röstade emot de flesta av alliansregeringens förenklingsförslag när Alliansen satt vid makten. Men, vi får se om ni har vaknat till och konstaterat att det behövs förbättringar.</p><p>Fru ålderspresident! Med det vill jag yrka bifall till reservation 1 i CU14 och till reservation 5 i CU15. Vi står naturligtvis bakom samtliga våra reservationer. Men för tids vinnande gör jag på detta sätt.</p><p>Jag vill också, precis som Lars gjorde, tacka Tuve för hans utmärkta ordförandeskap under Carolines frånvaro. Tack, Tuve!</p><p>(Applåder)</p>",
    "intressent_id": "0714579775816",
    "rel_dok_id": "H401CU14, H401CU15",
    "replik": "N",
    "systemdatum": "2017-05-16 16:12:53"
  }
}