﻿{
  "anforande": {
    "dok_hangar_id": "4703963",
    "dok_id": "H409102",
    "dok_titel": "Protokoll 2016/17:102 Fredagen den 28 april",
    "dok_rm": "2016/17",
    "dok_nummer": "102",
    "dok_datum": "2017-04-28 00:00:00",
    "avsnittsrubrik": "Aktuell debatt om attentatet i Stockholm",
    "underrubrik": null,
    "kammaraktivitet": "aktuell debatt",
    "anforande_id": "05999fe0-bc3b-e711-9452-00262d0d0c40",
    "anforande_nummer": "25",
    "talare": "Andreas Carlson (KD)",
    "parti": "KD",
    "anforandetext": "<p>Herr talman! Jag har i denna debatt lyft fram att vi behöver höja vår terrorbekämpningsförmåga och att vi behöver bekämpa terrorns rötter. Jag tror att vi kan dra lärdomar av det attentat som vi debatterar i dag. Det kan vi kanske också göra om en liten tid - polisen genomför en egen utvärdering. Jag tror att vi kan dra lärdom av attentat vi har sett i andra länder. Redan nu har vi förslag på riksdagens bord, så vi kan göra detta.</p><p>Jag välkomnar också den konstruktiva ton som finns i den här debatten men även i de samtal som pågår. Där vill Kristdemokraterna vara en konstruktiv part i att vi kommer överens om fler åtgärder, kraftfullare åtgärder, för att höja vår terrorbekämpningsförmåga men också bekämpa terrorns rötter. Vi behöver stå enade i kampen mot terrorismen; jag tycker att den här debatten har visat på det.</p><p>En hel del olika förslag har lyfts fram. Jag vill bara nämna två ytterligare förslag som vi kristdemokrater har.</p><p>Vi vill öka antalet förvarsplatser, och vi vill att fotboja ska kunna vara ett alternativ till förvar eller anmälningsplikt för personer som bedöms utgöra en säkerhetsrisk.</p><p>Vi vill också stärka den inre utlänningskontrollen, och vi vill att Säpo ska ha möjlighet till signalspaning även under förundersökning.</p><p>Det här är förslag som flera andra partier också har lyft fram under debatten. Tillsammans med de förslag vi redan har presenterat om att ge polisen rätt redskap och resurser och om hur vi kan ta fajten för att bekämpa terrorns rötter är detta någonting som vi gärna vill bidra med i de blocköverskridande samtal som nu pågår.</p><p> STYLEREF Kantrubrik \\* MERGEFORMAT Aktuell debatt om attentatet i Stockholm</p><p>Jag vill tacka inrikesministern och alla andra debattörer för deltagandet i dagens debatt samt Sverigedemokraterna, som initierade den.</p><p>(Applåder)</p>",
    "intressent_id": "0542160909628",
    "rel_dok_id": "H4C120170428ad",
    "replik": "N",
    "systemdatum": "2017-05-18 13:27:09"
  }
}