﻿{
  "anforande": {
    "dok_hangar_id": "4706363",
    "dok_id": "H409103",
    "dok_titel": "Protokoll 2016/17:103 Tisdagen den 2 maj",
    "dok_rm": "2016/17",
    "dok_nummer": "103",
    "dok_datum": "2017-05-02 00:00:00",
    "avsnittsrubrik": "Svar på interpellation 2016/17:456 om ålfiske som kulturarv",
    "underrubrik": null,
    "kammaraktivitet": "interpellationsdebatt",
    "anforande_id": "f61f8197-5344-e711-9450-00262d0d7125",
    "anforande_nummer": "139",
    "talare": "Maria Malmer Stenergard (M)",
    "parti": "M",
    "anforandetext": "<p>Herr talman! Sverige har i dag femton fysiska världsarv - Visby, Birka och Höga kusten är några av dem. Säga vad man vill om världsarvet, och man kan ha synpunkter på att det finns politiska listor, men de bidrar till att locka besökare från hela världen och uppmärksamma vackra platser.</p><p>Nu har vi alltså en jättebra chans att lyfta fram fler kulturarv, att marknadsföra Sverige och att bidra till ökad turism. Att välja ut vissa är inte att förringa andra, men det är tyvärr det regeringen tycks mena. </p><p>För Skånes del är ålafisket på ålakusten mellan Åhus och Stenshuvud, i Hanöbuktens innersta, ett självklart kulturarv. Här finns en fyra mil lång sträcka med en enda sammanhängande sandstrand. Det är ålafisket som har gett kusten dess karaktär. Här finns ålabodar, båtar och hängen, torkställningar för nät och hommor. Det har funnits 80 bodar. I dag är 30 i bruk. Ålagillet används av våra skånska företag för marknadsföring; fram till år 2011 hade ca 140 olika nationer besökt skånska ålagillen, tillsammans med svenska och skånska företag. Och turistnäringen blir allt viktigare för den skånska, och den svenska, ekonomin. </p><p>Jag anser att vi inte har tid att avvakta på det sätt som regeringen menar att man vill göra. </p><p>Som det ser ut just nu tar politiken död på ålakulturen. Sedan 2007 finns ett generellt fiskeförbud. Man förbjuder generationsväxling av ålafisket. Det innebär att när nuvarande ålafiskare, som nu är igång, slutar att fiska dör inte bara ålafisket ut utan också en kultur som går tillbaka till 1400-talet. Traditionerna finns inte nedtecknade. Det finns inga kurser. Traditionerna vandrar i stället från generation till generation. Men nuvarande generation ser ut att bli den sista. </p><p>Många skulle säkert invända att ålafisket i sig är ett hot mot ålen. Jag skulle hävda motsatsen. Ålafisket på östkusten bedöms i dag påverka ålbeståndet i Östersjön med 2 procent. Det kan jämföras med vattenkraftens påverkan. Mellan 70 och 90 procent av blankålarna dör eller skadas varje år när de vandrar genom turbinerna i vattenkraftverken. </p><p>Vattenkraften behöver inte ålen för att överleva. Men ålafiskarna behöver ålen för att överleva. Därför är det de som tar ansvar. Det är de som har kunskapen. Det är till exempel de som har grundat ålfonden, som köper in och planterar ut glasål. </p><p>Utan ålafiskarna - ingen kunskap, ingen tradition, ingen kultur. Vågar vi verkligen riskera det?</p><p>Herr talman! I sitt svar till mig lyfter ministern fram att nomineringar måste formas i demokratiska arbetsprocesser som säkerställer det civila samhällets inflytande. </p><p> STYLEREF Kantrubrik \\* MERGEFORMAT Svar på interpellationer</p><p>Det låter bra, men vad innebär det i praktiken? Om regeringen skulle välja att nominera till den internationella listan i dag, på vilket sätt skulle det strida mot det påståendet? De som finns på den svenska listan har ju noggrant granskats utifrån en rad parametrar av just expertisen, som ministern hänvisar till. </p><p>Något riktigt svar på varför man inte vill nominera något kulturarv, trots att man tillträtt konventionen, får jag inte. Att hänvisa till att det hittills bara är Norge av de nordiska länderna som har nominerat duger inte. Vi har kommit ganska långt i vår nationella listning och har mycket att välja på. </p><p>Det tycks i själva verket vara själva rädslan för att rangordna som präglar regeringens inställning, och det är bara att beklaga. Den rädslan kan i förlängningen bidra till utdöda svenska kulturarv. </p>",
    "intressent_id": "0572788110724",
    "rel_dok_id": "H410456",
    "replik": "N",
    "systemdatum": "2017-05-29 11:46:48"
  }
}