﻿{
  "anforande": {
    "dok_hangar_id": "4702552",
    "dok_id": "H409100",
    "dok_titel": "Protokoll 2016/17:100 Onsdagen den 26 april",
    "dok_rm": "2016/17",
    "dok_nummer": "100",
    "dok_datum": "2017-04-26 00:00:00",
    "avsnittsrubrik": "Policyramverk för svenskt utvecklingssamarbete och humanitärt bistånd",
    "underrubrik": null,
    "kammaraktivitet": "ärendedebatt",
    "anforande_id": "5fa891a8-413a-e711-9452-00262d0d0c40",
    "anforande_nummer": "110",
    "talare": "Margareta Cederfelt (M)",
    "parti": "M",
    "anforandetext": "<p>Herr ålderspresident! Jag vill tacka Pernilla Stålhammar för hennes anförande. Men jag vill tyvärr inte påstå att jag har fått svar på mina frågor. Jag fick återigen presenterat för mig regeringens föreslagna smörgåsbord. Men vad är prioriterat?</p><p>Vad är prioriterat när det gäller biståndets destination? Vad är prioriterat när det gäller styrning? Hur ska den gå till? Vad är prioriterat när det gäller uppföljningen? Hur ska det ske?</p><p>Det är viktiga frågor. Om det ska finnas långsiktighet måste det också finnas en ram. Det måste finnas någonting att hålla tag i, så att det inte i stället för långsiktighet blir ett flackande runt omkring. Det är nämligen precis det som kan hända om det inte finns några prioriteringar. </p><p>Det finns också glädjeämnen i sammanhanget. De är viktiga att ta i beaktande när vi talar om bistånd och den negativa utvecklingen. Det handlar om att det är fler i dag som kan läsa än tidigare. Det handlar om att det är fler i dag som kan äta sig mätta än tidigare.</p><p>Men jag håller helt och hållet med om problembeskrivningen. Det är en allvarlig utveckling i världen. Bristande demokrati, konflikter, svältkatastrofer, klimatet - det finns många problem. Det är därför jag lyfter upp vikten av prioriteringar, så att vi vet att biståndet går dit det ska.</p><p>Risken finns annars att det blir ett bistånd som inte bara missar målet utan som är direkt skadligt och kan leda till negativa konsekvenser. Sverige har inte råd att bidra till det. Världen har inte heller råd att uppleva det.</p>",
    "intressent_id": "0970259744617",
    "rel_dok_id": "H401UU11",
    "replik": "Y",
    "systemdatum": "2017-05-16 16:13:00"
  }
}