﻿{
  "anforande": {
    "dok_hangar_id": "4706363",
    "dok_id": "H409103",
    "dok_titel": "Protokoll 2016/17:103 Tisdagen den 2 maj",
    "dok_rm": "2016/17",
    "dok_nummer": "103",
    "dok_datum": "2017-05-02 00:00:00",
    "avsnittsrubrik": "Svar på interpellationerna 2016/17:402, 403, 404, 405 och 406 om fjärrstyrd flygledning",
    "underrubrik": null,
    "kammaraktivitet": "interpellationsdebatt",
    "anforande_id": "d01f8197-5344-e711-9450-00262d0d7125",
    "anforande_nummer": "101",
    "talare": "Statsrådet Anna Johansson (S)",
    "parti": "S",
    "anforandetext": "<p>Herr talman! Edward Riedl har frågat mig vilka åtgärder jag har vidtagit eller planerar att vidta för att garantera säkerheten vid de flygplatser som kommer att fjärrstyras. Han har också frågat mig om jag anser att processen gällande säkerheten har gått rätt till och, om så inte är fallet, vilka åtgärder jag planerar att vidta.</p><p>Edward Riedl har vidare frågat mig om jag avser att se över säkerhetsutmaningarna för simultana operationer i Sverige. Han har därutöver frågat mig om jag avser att se över den ekonomiska kalkylen för fjärrstyrningen och vidta åtgärder om det inte är en lönsam affär.</p><p>Edward Riedl har slutligen frågat mig - avseende en affär mellan Luftfartsverket och Saab Digital Air Traffic Solutions AB - om jag anser att affären har gått rätt till och, om så inte är fallet, om jag kommer att vidta åtgärder för att rätta till detta.</p><p>Eftersom de fem interpellationerna berör olika aspekter av fjärrstyrd flygledning väljer jag att besvara dem i ett sammanhang.</p><p>Jag svarade den 28 februari i år Edward Riedl på en interpellation i samma ämne att det är det statligt ägda bolaget Swedavia AB och dess ledning som fattar beslut om hur bolagets verksamhet ska bedrivas, vilket alltså gäller för bolagets flygplatser.</p><p>Det övergripande svaret blir alltså att det är Swedavia AB som tar ställning till sin verksamhet, sin infrastruktur och sina investeringar. Regeringen redovisar årligen i en skrivelse till riksdagen hur förvaltningen av de statliga bolagen hanterats under året.</p><p>Luftfartsverket är leverantör av flygtrafikledningstjänster till Swedavia AB. Den diskussion som förekommer mellan Swedavia AB och Luftfartsverket om fjärrstyrd flygtrafikledning är alltså inte föremål för regeringsbeslut utan ett avtal mellan beställare och leverantör.</p><p>Vad gäller Luftfartsverkets roll i Saab Digital Air Traffic Solutions AB kan jag konstatera att Luftfartsverket är delägare i bolaget. I kraft av sitt ägande har Luftfartsverket representation i bolagets styrelse. Enligt muntlig information från Luftfartsverket kommer man att säkerställa att inte samma personer som har en roll i Luftfartsverkets upphandlingar av den berörda tekniken för myndighetens räkning också sitter i intressebolagets styrelse.</p><p>Genom bolaget bedrivs sedan ett år tillbaka fjärrstyrd flygtrafikledning från centralen i Sundsvall för Örnsköldsviks flygplats. Centralen i Sundsvall är den första i världen där fjärrstyrd flygledning kan bedrivas, efter Transportstyrelsens godkännande. Det finns även ett stort internationellt intresse för den nya svenska tekniken för fjärrstyrd flygledning, vilket kan innebära nya arbetstillfällen i Sverige, kopplade till fjärrstyrd flygledning.</p><p> STYLEREF Kantrubrik \\* MERGEFORMAT Svar på interpellationer</p><p>Luftfartsverkets ledning ansvarar för att verksamheten genomförs i enlighet med gällande lagar och regelverk. Det gäller både upphandlingar som Luftfartsverket genomför och att verksamheten bedrivs på ett säkert sätt.</p><p>Ny teknik måste naturligtvis införas på ett säkert sätt och i dialog med dem som berörs. Ansvaret för att införandet av fjärrstyrd flygledning kan ske på ett säkert sätt ligger på berörda bolag och myndigheter. Införandet sker inom ramen för gällande regelverk och är föremål för Transportstyrelsens godkännande och tillsyn.</p><p>Som Edward Riedl själv konstaterar i bakgrunden till sin fråga kan fjärrstyrning införas först efter Transportstyrelsens godkännande. En sådan prövning görs för varje enskilt fall.</p><p>Fjärrstyrd flygtrafikledning innebär att verksamheten vid en flygplats effektiviseras och att förutsättningar ges för ökad säkerhet och samordning. Detta kan stärka och utveckla flygplatsen. Tekniken ger också en väsentlig potential för redundanskapacitet samt skapar bättre förutsättningar att klara eventuella störningar.</p><p>Det finns alltså stora fördelar med den nya tekniken, men det är naturligtvis den berörda flygplatsen som fattar beslut om vilken teknik man vill använda.</p><p>Jag har också fått muntlig information om att Luftfartsverket för sin del för en kontinuerlig dialog både med personalorganisationerna och med lokala myndigheter och intressenter i frågan om fjärrstyrd flygtrafikledning.</p>",
    "intressent_id": "0691264514114",
    "rel_dok_id": "H4C120170502ip",
    "replik": "N",
    "systemdatum": "2017-05-29 11:46:40"
  }
}