﻿{
  "anforande": {
    "dok_hangar_id": "4702552",
    "dok_id": "H409100",
    "dok_titel": "Protokoll 2016/17:100 Onsdagen den 26 april",
    "dok_rm": "2016/17",
    "dok_nummer": "100",
    "dok_datum": "2017-04-26 00:00:00",
    "avsnittsrubrik": "Nya utstationeringsregler",
    "underrubrik": null,
    "kammaraktivitet": "ärendedebatt",
    "anforande_id": "ffa791a8-413a-e711-9452-00262d0d0c40",
    "anforande_nummer": "26",
    "talare": "Désirée Pethrus (KD)",
    "parti": "KD",
    "anforandetext": "<p>Herr ålderspresident! Detta är en viktig debatt. Jag tror att det är ganska svårt att lyssna på den, för det är en ganska komplicerad materia.</p><p>Statsrådet säger att vi ska ta steg för steg och att det här är bra för arbetsmarknaden i Sverige. Ja, men är det bra för rörligheten på EU:s arbetsmarknad, den lite större arbetsmarknaden som vi också vill ha?</p><p>Som jag sa tidigare har vi 680 kollektivavtal i Sverige. Vi har sagt tidigare, och det säger EU-rätten, att då måste vi tala om för dem som vill komma hit och utstationeras vad det är för avtal som gäller. Då har man fått inge det till Arbetsmiljöverket, något som Byggnads, i alla fall tidigare, aldrig har sagt sig riktigt vilja göra. Därför kom utredningen från Middelman, som sa att hon tycker att man borde förtydliga skyldigheten för arbetstagarorganisationer att lämna in kollektivavtalsvillkor till Arbetsmiljöverket. Och det är ju viktigt och grunden, så att man vet vad som gäller. Men nu vill regeringen, om jag förstår det rätt, att man ska tvinga dem som utstationeras hit att teckna ett svenskt kollektivavtal.</p><p>Har vi på arbetsmarknaden tvång att teckna kollektivavtal? Nej, det har vi inte. Det är inte den svenska modellen. Här går vi alltså utanför den svenska modellen.</p><p>Är det proportionerligt, enligt statsrådet? Det är ju inte särskilt många personer, tycker jag, som det handlar om. Om en arbetsgivarorganisation driver ett sådant här ärende i EU-domstolen, tror statsrådet då att man kommer att vinna i enlighet med EU-rätten? Och om avtalet är sämre för arbetstagaren än i hemlandet, vad händer då?</p>",
    "intressent_id": "0860429409414",
    "rel_dok_id": "H401AU9",
    "replik": "Y",
    "systemdatum": "2017-05-16 16:12:45"
  }
}