﻿{
  "anforande": {
    "dok_hangar_id": "4703370",
    "dok_id": "H409101",
    "dok_titel": "Protokoll 2016/17:101 Torsdagen den 27 april",
    "dok_rm": "2016/17",
    "dok_nummer": "101",
    "dok_datum": "2017-04-27 00:00:00",
    "avsnittsrubrik": "Frågestund",
    "underrubrik": "Postgång på landsbygden",
    "kammaraktivitet": "frågestund",
    "anforande_id": "197aecae-bb3b-e711-9452-00262d0d0c40",
    "anforande_nummer": "95",
    "talare": "Statsrådet Sven-Erik Bucht (S)",
    "parti": "S",
    "anforandetext": "<p>Fru talman! Jag tackar för frågan. </p><p>Denna fråga hanteras av statsrådet Peter Eriksson, så den ligger inte på mitt bord. Men givetvis berör den svensk landsbygd, och det är viktigt att vi har en fungerande postgång både på landsbygd och i stadsmiljö.</p><p>Landsbygdskommittén var ett viktigt instrument för att ta fram en sammanhållen landsbygdspolitik som tar upp helheten. Den tillsattes av denna regering och hade inte funnits tidigare.</p><p>Nu bereds frågan om postlagstiftningen inom Regeringskansliet, och jag ber frågeställaren att vända sig till rätt statsråd i frågan.</p>",
    "intressent_id": "0781357446917",
    "rel_dok_id": "H4C120170427fs",
    "replik": "N",
    "systemdatum": "2017-05-18 13:18:59"
  }
}