﻿{
  "anforande": {
    "dok_hangar_id": "4703370",
    "dok_id": "H409101",
    "dok_titel": "Protokoll 2016/17:101 Torsdagen den 27 april",
    "dok_rm": "2016/17",
    "dok_nummer": "101",
    "dok_datum": "2017-04-27 00:00:00",
    "avsnittsrubrik": "Frågestund",
    "underrubrik": "Omröstningen om Saudiarabiens inträde i FN:s kvinnokommission",
    "kammaraktivitet": "frågestund",
    "anforande_id": "db79ecae-bb3b-e711-9452-00262d0d0c40",
    "anforande_nummer": "33",
    "talare": "Statsrådet Isabella Lövin (MP)",
    "parti": "MP",
    "anforandetext": "<p>Fru talman! Paula Bieler vet mycket väl att en stor andel av FN:s medlemsländer inte står upp för mänskliga rättigheter eller kvinnors rättigheter på det sätt som vi vill förvänta oss. Detta är det arbete som Sverige bedriver i FN, och då är det också viktigt att vi kan ha fungerande utskott och samarbetsformer.</p><p>Inget land avslöjar hur man röstar, men utrikesministern har sagt att hon under sekretess kommer att både redogöra för hur Sverige röstade i detta fall och lämna en lång lista över hur tidigare regeringar har röstat i liknande ärenden. Som jag nyss sa har också Iran och andra länder röstats in i kvinnokommissionen under alliansregeringens år.</p><p>Detta handlar om att vi faktiskt måste ha ett fungerande FN. Vi kan inte bestämma över FN:s medlemmar, utan regionerna måste också få göra sina val.</p>",
    "intressent_id": "0911490574010",
    "rel_dok_id": "H4C120170427fs",
    "replik": "N",
    "systemdatum": "2017-05-18 13:18:57"
  }
}