﻿{
  "anforande": {
    "dok_hangar_id": "4703370",
    "dok_id": "H409101",
    "dok_titel": "Protokoll 2016/17:101 Torsdagen den 27 april",
    "dok_rm": "2016/17",
    "dok_nummer": "101",
    "dok_datum": "2017-04-27 00:00:00",
    "avsnittsrubrik": "Frågestund",
    "underrubrik": "Vägslitageavgiften och bioekonomin",
    "kammaraktivitet": "frågestund",
    "anforande_id": "087aecae-bb3b-e711-9452-00262d0d0c40",
    "anforande_nummer": "78",
    "talare": "Anders Åkesson (C)",
    "parti": "C",
    "anforandetext": "<p>Fru talman! Citatet är inte riktigt, säger statsrådet, men statsrådskollegan Skog gjorde en retweet av citatet. På något sätt finns en bekräftelse. </p><p>Jag delar statsrådets syn på de förskräckliga effekter en kilometerskatt skulle få. På vilket sätt bidrar då statsrådet Bucht till att stoppa den interna beredning som just nu pågår inom Finansdepartementet, dit frågan hänsköts när finansminister Magdalena Andersson stoppade kilometerskatten?</p>",
    "intressent_id": "0677738818613",
    "rel_dok_id": "H4C120170427fs",
    "replik": "N",
    "systemdatum": "2017-05-18 13:18:58"
  }
}