﻿{
  "anforande": {
    "dok_hangar_id": "4703370",
    "dok_id": "H409101",
    "dok_titel": "Protokoll 2016/17:101 Torsdagen den 27 april",
    "dok_rm": "2016/17",
    "dok_nummer": "101",
    "dok_datum": "2017-04-27 00:00:00",
    "avsnittsrubrik": "Frågestund",
    "underrubrik": "Omlokaliseringen av myndigheter",
    "kammaraktivitet": "frågestund",
    "anforande_id": "e379ecae-bb3b-e711-9452-00262d0d0c40",
    "anforande_nummer": "41",
    "talare": "Statsrådet Ardalan Shekarabi (S)",
    "parti": "S",
    "anforandetext": "<p>Fru talman! Tack, Leif Pettersson, för frågan! När vi tillträdde kunde vi konstatera att vi har haft en lång trend av centralisering i den svenska staten, där jobben har koncentrerats till Stockholm. Det är inte bra för staten och tilliten till staten. Därför satte vi igång ett arbete som började med Statskontorets kartläggning, som visade att det stämde att vi haft en centraliseringsvåg. Efter detta har vi börjat med omlokaliseringen av myndigheter.</p><p>Tyvärr ser jag att delar av oppositionen motsätter sig detta. Moderaterna, under ledning av Anna Kinberg Batra, kallar detta för ersättningsjobb. Men regeringens övertygelse är att vi måste få bättre spridning av de statliga jobben. </p><p>Vi har redan fattat beslut om E-hälsomyndigheten och Fastighetsmäklarinspektionen, och i dag fattade vi beslut om omlokalisering av en tredje myndighet, Statistiska centralbyrån, till Örebro. Detta kommer att fortsätta under hela mandatperioden. Det är en del i politiken för omlokalisering av statliga jobb. Vi jobbar också med styrning av myndigheterna i lokaliseringsbeslut. Detta är viktigt för sammanhållningen i Sverige. </p>",
    "intressent_id": "0922497728524",
    "rel_dok_id": "H4C120170427fs",
    "replik": "N",
    "systemdatum": "2017-05-18 13:18:57"
  }
}