﻿{
  "anforande": {
    "dok_hangar_id": "4702552",
    "dok_id": "H409100",
    "dok_titel": "Protokoll 2016/17:100 Onsdagen den 26 april",
    "dok_rm": "2016/17",
    "dok_nummer": "100",
    "dok_datum": "2017-04-26 00:00:00",
    "avsnittsrubrik": "Arbetsmiljö och arbetstid ",
    "underrubrik": null,
    "kammaraktivitet": "ärendedebatt",
    "anforande_id": "0fa891a8-413a-e711-9452-00262d0d0c40",
    "anforande_nummer": "41",
    "talare": "Désirée Pethrus (KD)",
    "parti": "KD",
    "anforandetext": "<p> STYLEREF Kantrubrik \\* MERGEFORMAT Arbetsmiljö och arbetstid</p><p>Fru talman! Magnus Manhammar ville gärna ha en replikväxling, så jag bjuder på det i dag.</p><p>Det var många frågor om Alliansen här och om resurserna som förändrades. Jag satt i Arbetsmiljöverkets insynsråd under den här perioden. Generaldirektören jobbade mycket hårt med att förbättra inspektionerna, och det blev fler inspektioner per inspektör. Man ökade effektiviteten och förbättrade verksamheten kontinuerligt. Det är alltså inte så att ju fler man är desto bättre inspektioner blir det.</p><p>Vi behandlar också Riksrevisionens rapport om statliga insatser inom arbetsmiljöområdet, och i betänkandet på s. 7 kan man läsa \"att regeringens viljeinriktning har blivit tydligare, men att det samtidigt finns en risk för undanträngning av Arbetsmiljöverkets utvecklingsarbete. I den arbetsmiljöstrategi (skr. 2015/16:80) som regeringen beslutade under 2016 riktas många uppdrag till Arbetsmiljöverket. Trots goda intentioner riskerar den stora mängden detaljerade uppdrag att ta resurser från nödvändigt utvecklingsarbete hos Arbetsmiljöverket\".</p><p>Hur ser Magnus Manhammar på att det har getts så många olika projekt och uppdrag att man inte kan göra sitt grundarbete inom Arbetsmiljöverket?</p>",
    "intressent_id": "0860429409414",
    "rel_dok_id": "H401AU10",
    "replik": "Y",
    "systemdatum": "2017-05-16 16:12:46"
  }
}