﻿{
  "anforande": {
    "dok_hangar_id": "4703963",
    "dok_id": "H409102",
    "dok_titel": "Protokoll 2016/17:102 Fredagen den 28 april",
    "dok_rm": "2016/17",
    "dok_nummer": "102",
    "dok_datum": "2017-04-28 00:00:00",
    "avsnittsrubrik": "Aktuell debatt om attentatet i Stockholm",
    "underrubrik": null,
    "kammaraktivitet": "aktuell debatt",
    "anforande_id": "f9989fe0-bc3b-e711-9452-00262d0d0c40",
    "anforande_nummer": "13",
    "talare": "Annika Hirvonen Falk (MP)",
    "parti": "MP",
    "anforandetext": "<p>Herr talman! Jag kommer aldrig att sätta mig ned och förhandla med ett rasistiskt parti som utnyttjar rädslan som ett slagträ för att driva en politik som inskränker ovillkorliga mänskliga rättigheter.</p><p>Sverigedemokraternas förslag att utestänga svenska medborgare som misstänks ha begått terroristbrott från att komma tillbaka till Sverige innebär i praktiken att vi inför straffrihet för gärningar som svenska medborgare begått i till exempel Syrien.</p><p>Vi måste i stället göra vad vi kan för att se till att personer som rest från Sverige för att begå avskyvärda gärningar i andra länder ska ställas inför rätta och dömas till fängelse.</p><p>Sverigedemokraternas politik är en politik som bidrar till att terrorister kan fortsätta med sina illdåd någon annanstans. Det kommer jag aldrig att ställa mig bakom.</p><p>Herr talman! Redan i dag finns det verktyg i lagstiftningen för att anhålla och häkta personer som misstänks ha begått terrorattentat, oavsett om det har skett i Sverige eller utomlands. Därmed inte sagt att lagarna om terrorism inte behöver förbättras. Miljöpartiet har länge noterat att lagstiftningen var ett lapptäcke som kommit till vid många skilda tillfällen för att införliva olika konventioner från internationellt håll.</p><p>Vi har därför arbetat för en bred översyn av lagstiftningen som ska göra lagstiftningen tydligare, mer användbar och effektiv och också mer rättssäker. Jag ser fram emot att den kommer att lämna sina resultat.</p><p>Samtidigt finns det behov av att snabbt se över vissa delar av lagstiftningen till exempel vad gäller deltagande i en terroristorganisation, och jag ser fram emot de fortsatta samtalen om hur vi tillsammans med de borgerliga partierna kan komma vidare med att utveckla lagstiftningen.</p><p>Herr talman! Jag vill också säga några ord om arbetet mot våldsbejakande extremism. Det är ett arbete som fortsätter att vara under utveckling. Min och Miljöpartiets målsättning är att den nationella samordnarens arbete ska permanentas, utvecklas och kunna bli mer operativt för att på ett bättre sätt stötta alla de kommuner som inte själva har resurserna att hantera dessa mycket svåra, komplexa och viktiga frågor.</p><p> STYLEREF Kantrubrik \\* MERGEFORMAT Aktuell debatt om attentatet i Stockholm</p><p>Jag vill dock betona att redan från början har ansatsen i det här arbetet varit bred. Vi vet nämligen att det öppna, demokratiska samhället utmanas från flera håll. Just nu utreds nazistiska bombdåd mot politiska motståndare och mot flyktingar. Vi vet att nazister kommer att demonstrera på första maj och i Almedalen. Det hatet triggar också våldsbejakande vänsterextremister.</p><p>Herr talman! Detta arbete måste fortsätta.</p>",
    "intressent_id": "0819601620927",
    "rel_dok_id": "H4C120170428ad",
    "replik": "N",
    "systemdatum": "2017-05-18 13:27:08"
  }
}