﻿{
  "anforande": {
    "dok_hangar_id": "4703370",
    "dok_id": "H409101",
    "dok_titel": "Protokoll 2016/17:101 Torsdagen den 27 april",
    "dok_rm": "2016/17",
    "dok_nummer": "101",
    "dok_datum": "2017-04-27 00:00:00",
    "avsnittsrubrik": "(forts. från § 8) Medborgarskap, Migration och asylpolitik, Anhöriginvandring och Arbetskraftsinvandring (forts. SfU14, SfU15, SfU16 och SfU17)",
    "underrubrik": null,
    "kammaraktivitet": null,
    "anforande_id": "2a7aecae-bb3b-e711-9452-00262d0d0c40",
    "anforande_nummer": "112",
    "talare": "Fredrik Malm (L)",
    "parti": "L",
    "anforandetext": "<p></p><p>Fru talman! Jag har inte tänkt stå i riksdagens talarstol och spekulera om orsaker till att enskilda människor har tagit sig hit. Men jag konstaterar att vi nu har en situation där vi har barnfamiljer här som har en eller två personer i familjen kvar i till exempel krigets Syrien. Oavsett vilka orsaker Sverigedemokraterna spekulerar om har dessa personer anhöriga i Sverige, och enligt våra regelverk och vår lagstiftning har de rätt till anhöriginvandring. Väntetiden för dessa anknytningssamtal till exempel på vår ambassad i Amman är nu uppemot ett år. I Beirut tror jag att den är ett år och ytterligare några månader. Det upplever jag som ett stort problem. Det är bekymmersamt. Det är problematiskt att den nya lagstiftningen har fått denna konsekvens. </p><p>Frågan om de humanitära hjälporganen tycker jag är mycket viktig. Det är inte nödvändigtvis en fråga för riksdagens socialförsäkringsutskott utan mer för utrikesutskottet, men den hänger ihop med detta. Så länge denna underfinansiering av Förenta nationernas hjälporgan fortgår kommer det att trigga nya flyktingströmmar. Därtill ser människor att de inte kan återvända dit de kom från. </p><p>I till exempel en stad som Kobane i Syrien, som befriades från Daish, ser man mycket tydligt att det inte finns någon ström, man har inte byggt några hus, det finns inga vägar, det finns ingen lokal ekonomi och det finns ingenting att återvända till. Det kommer att ta årtionden att åtgärda detta. Därför är det så oerhört viktigt att man ökar detta stöd. </p><p>Jag ska dock konstatera att Sverige är en ganska generös givare till dessa FN-organ. Det är därför även andra länder behöver ge mer. </p>",
    "intressent_id": "0766496753128",
    "rel_dok_id": null,
    "replik": "Y",
    "systemdatum": "2017-05-18 13:18:57"
  }
}