﻿{
  "anforande": {
    "dok_hangar_id": "4703370",
    "dok_id": "H409101",
    "dok_titel": "Protokoll 2016/17:101 Torsdagen den 27 april",
    "dok_rm": "2016/17",
    "dok_nummer": "101",
    "dok_datum": "2017-04-27 00:00:00",
    "avsnittsrubrik": "Frågestund",
    "underrubrik": "Omröstningen om Saudiarabiens inträde i FN:s kvinnokommission",
    "kammaraktivitet": "frågestund",
    "anforande_id": "dd79ecae-bb3b-e711-9452-00262d0d0c40",
    "anforande_nummer": "35",
    "talare": "Statsrådet Isabella Lövin (MP)",
    "parti": "MP",
    "anforandetext": "<p>Fru talman! Sveriges regering står upp för feminism och kvinnors jämställdhet i alla samtal, diskussioner och debatter - inte minst i den långa rad av initiativ som Sverige tar för att kvinnor ska delta i fredsprocesser, sitta med vid bordet och avgöra sitt eget öde och ha rätt till en egen röst i politiska sammanhang. Här är vi glasklara, och det är ingen som tvivlar på det. Vi tar starkt avstånd från regimer som förtrycker kvinnor.</p>",
    "intressent_id": "0911490574010",
    "rel_dok_id": "H4C120170427fs",
    "replik": "N",
    "systemdatum": "2017-05-18 13:18:57"
  }
}