﻿{
  "anforande": {
    "dok_hangar_id": "4703370",
    "dok_id": "H409101",
    "dok_titel": "Protokoll 2016/17:101 Torsdagen den 27 april",
    "dok_rm": "2016/17",
    "dok_nummer": "101",
    "dok_datum": "2017-04-27 00:00:00",
    "avsnittsrubrik": "Väg- och fordonsfrågor",
    "underrubrik": null,
    "kammaraktivitet": "ärendedebatt",
    "anforande_id": "487aecae-bb3b-e711-9452-00262d0d0c40",
    "anforande_nummer": "136",
    "talare": "Sten Bergheden (M)",
    "parti": "M",
    "anforandetext": "<p>Herr ålderspresident! Först och främst vill jag faktiskt framföra det jag tycker är bra. Det är att vi tillsammans har infört möjligheten att köra 64 ton på våra vägar - det tycker jag är bra. Jag tycker också att det är bra att det åtminstone ibland har funnits en vilja hos socialdemokratiska representanter runt om i landet att också införa 74 ton. Men där upphör det som är bra.</p><p>När vi kommer till det riktiga arbetet och den praktiska politiken här i riksdagen - det handlar om att verkligen ta beslut och införa det här med 74 ton - hittar nämligen den sittande regeringen på så många problem och så många undantag att det nästan blir omöjligt att införa detta över huvud taget.</p><p>Sverige har två av världens största lastbilstillverkare - Scania och Volvo Lastvagnar. Dessa företag sysselsätter tusentals personer i Sverige, både direkt i företagen och i företagens underleverantörer. Fordonsindustrin är viktig för Sverige, för vår tillväxt och för vår välfärd. Den ska vi vara rädda om. Vi ska också vara rädda om de jobb vi har i Sverige och se till att på bästa sätt stötta och utveckla lastbilsnäringen och vår fordonsindustri. Vi har ett stort kunnande och en lång historia och är bra på att bygga fordon här i Sverige. Det ska vi vara stolta över.</p><p>Herr ålderspresident! I detta betänkande behandlar vi proposition 112 om godstrafikfrågor och om hur vi kan göra det möjligt att köra tyngre fordon, upp till 74 ton, på våra vägar. I betänkandet tas också andra väg- och fordonsfrågor upp.</p><p>Vi moderater och Alliansen och SD vill göra det möjligt att köra tyngre lastbilar i Sverige. Det stärker vår konkurrenskraft, minskar miljöpåverkan och bidrar också till en utveckling för vår fordonsindustri.</p><p></p><p>Men vad försöker då regeringen, S, MP och V göra? Jo, de försöker begränsa möjligheten att köra tyngre lastbilar. Och det skulle inte vara tillåtet om de på något sätt kan konkurrera med sjöfart eller tåg.</p><p>Alliansregeringen gav Transportstyrelsen och Trafikverket i uppdrag redan den 10 april 2014 att se över hur vi kan höja bruttovikten till 74 ton. Transportstyrelsen skulle redovisa detta. Det handlade om vilka vägar som var lämpliga för dessa tyngre lastbilar. Detta redovisades för regeringen i augusti 2014. Man hade alltså redan tittat över den delen i verksamheten.</p><p>Vi bytte regering efter valet, och sedan hände ingenting. I april 2015 kom ändå beslutet om att det här med 64 ton skulle införas den 1 juni 2015. Det var, som jag inledningsvis sa, bra.</p><p>Det ska också nämnas att det under lång tid har pågått försöksverksamhet här i Sverige med både längre och tyngre lastbilar. Samtliga försök visar på tydligt positiva resultat.</p><p>Men så vaknade regeringen till den 13 maj 2015. Trafikverket fick i uppdrag av regeringen att se vilka vägar som var möjliga och utreda konsekvenserna.</p><p>Men sedan hade tydligen, herr ålderspresident, regeringen ett nytt samtal med samarbetspartiet Miljöpartiet. Då kom det plötsligt nya direktiv. Den 3 oktober ville man ha ett tillägg till utredningen. Det gällde att man inte fick köra på vägar som kunde konkurrera med järnväg eller sjöfart. Med detta tillägg minskade möjligheterna avsevärt att införa detta med att man skulle kunna köra med 74 tons lastbilar i Sverige på ett rimligt sätt. Det finns flera utredningar som visar på hur illa detta skulle kunna bli. Det är ett helt ogenomtänkt förslag utan någon form av konsekvensbeskrivning.</p><p>Trafikverket redovisar sedan uppdraget. Det är då bara 8 procent av det statliga vägnätet och 17 procent av den totala väglängden i de berörda länen som skulle kunna användas om man följde regeringens principer och villkor. Detta kunde självklart inte vi moderater och Alliansen acceptera.</p><p>Herr ålderspresident! Det som är möjligt i Finland sedan några år tillbaka ska tydligen vara omöjligt här i Sverige, med den sittande regeringen. Att köra med längre och tyngre lastbilar gynnar såväl miljön som konkurrenskraften. Vi har redan i dag undantag för att kunna köra längre lastbilar än övriga Europa. Men vi har också långa transporter i vårt stora och avlånga land som gör att lastbilen behövs och att detta transportsystem måste fortsätta att utvecklas.</p><p>I stället för att stärka konkurrenskraften för våra åkerier och för våra företag, som man gjort i Finland, försöker man använda propositionen till att ytterligare försvåra för lastbilsnäringen.</p><p>I dag för våra åkerier redan en tuff kamp mot såväl lagliga som olagliga transporter på våra vägar. Vi behöver fler yrkeskunniga trafikpoliser som kan stoppa den olagliga trafiken. Vi behöver fler kunniga åklagare som kan ta sig an dessa trafikmål. Vi behöver få upp alkobommarna i våra gränsstationer. Men ingenting händer.</p><p>Vi moderater vill ha fram längre och tyngre lastbilar och har prioriterat detta i vårt budgetförslag med 300 miljoner kronor årligen för att stärka vårt vägsystem. Vi vill också stärka konkurrenskraften för svensk åkerinäring och våra svenska företag. Vi vill helt enkelt behålla jobben i Sverige!</p><p></p><p>Vi vill också gå vidare med arbetet att elektrifiera våra vägar och därmed stärka konkurrenskraften ytterligare och samtidigt minska miljöbelastningen.</p><p>Därför har Moderaterna och en majoritet i trafikutskottet sagt nej till regeringens förslag på begränsningar av var 74-tonslastbilarna får köra. Vi säger att det är vägen och dess bärighet som måste avgöra detta och inte regeringen med Miljöpartiet vid ratten.</p><p>Vi riktar också ett tillkännagivande om att arbetet med längre lastbilar måste skyndas på. Alliansen riktade ett tillkännagivande om längre lastbilar den 1 maj 2015. Efter två år har fortfarande ingenting hänt, och därför blir det ett nytt tillkännagivande här i dag om att regeringen skyndsamt ska ta fram förslag på längre transporter och möjliggöra dem.</p><p>Det är dags att regeringen börjar jobba så att vi slipper stå här och köra över regeringen genom att fatta beslut direkt här i kammaren utan att gå via utredningar och det arbete en regering faktiskt ska göra.</p><p>Vi har en stor och viktig skogsindustri här i landet som är i stort behov av att kunna ta med sig en trave till ut ur skogen. Detta är bra för skogsägaren, det är bra för landsbygden, det är bra för åkerierna och det är bra för vår skogsindustri. Vår skog skapar stora delar av vårt välstånd och måste ha bra förutsättningar för att klara konkurrensen, inte minst från Finland.</p><p>Herr ålderspresident! Andra saker som vi tar strid för i detta betänkande är att det ska vara lättare även att köra längre bussar här i landet. I dag har vi en regel om max 18,75 meter. Vi vill förenkla hela processen för att kunna använda längre bussar.</p><p>Vi moderater och Alliansen trycker också på att vi vill ha fram en tydlig strategi och en försöksverksamhet när det gäller självkörande bilar. Självklart säger den bilfientliga regeringen nej även till detta förslag. Vad är det man försöker bromsa? Varför är man emot utvecklingen? Våra fordonsindustrier jobbar aktivt med att lösa detta, medan regeringen motarbetar det och vägrar att ta sitt ansvar för att utvecklingen ska gå framåt.</p><p>Teknikutvecklingen får ofta konsekvenser för transportsystemet, och det är viktigt att politiken tar hänsyn till ny teknik och utvecklar en lagstiftning som är anpassad därefter. Inom Alliansen är uppfattningen den att utvecklingen av autonoma fordon kan få en genomgripande effekt på hela vägtrafiksystemet. Såväl person- som godstransporter skulle gynnas av fler självstyrande fordon.</p><p>Den pågående testverksamheten med självkörande fordon i Göteborg visar att Sverige ligger i framkant av teknikutvecklingen, vilket är glädjande. Framtidens teknik för med sig såväl möjligheter som utmaningar för hur vi planerar transportinfrastrukturen. Samtidigt finns en rad juridiska och trafiksäkerhetsmässiga aspekter som måste beaktas. Utgångspunkten i frågan om självkörande fordon bör i grunden vara positiv när ny teknik ska testas.</p><p>Vi anser att pågående försök med självkörande fordon bör uppmuntras och utökas. För att säkerställa att Sverige även fortsättningsvis kan hävda sig på området, och att fördelarna som den tekniska utvecklingen erbjuder tas till vara, efterlyser vi därför att regeringen tar fram en heltäckande strategi för självkörande fordon.</p><p>Detta kan väl ingen vara emot. Detta är ju utvecklingen i våra fordonsindustrier i Sverige.</p><p></p><p>Herr ålderspresident! Jag gör en kort sammanfattning:</p><p>Vi moderater vill alltså kunna köra med lastbilar upp till 74 ton på de vägar som klarar av det.</p><p>Vi vill också att regeringen skyndar på arbetet med att kunna köra längre lastbilar för att därmed kunna öka konkurrenskraften och minska miljöbelastningen.</p><p>Vi vill också att man tar fram en tydlig strategi och försöksverksamhet för de självstyrande bilarna.</p><p>Vi vill att man underlättar för att kunna köra fler och längre bussar i Sverige.</p><p>Vi moderater vill också underlätta för våra veteranfordon och därför ha en översyn av dessa i syfte att underlätta verksamheten och detta intresse.</p><p>Vi vill också lyfta upp betydelsen av att det enskilda vägnätet fungerar och att man hjälps åt för att finansiera det finmaskiga vägsystemet. Det är här många av våra dagar börjar - just ute i det finmaskiga vägnätet i Sverige, på de enskilda vägarna.</p><p>Avslutningsvis står jag självklart bakom samtliga av Moderaternas reservationer, men för tids vinnande yrkar jag bifall endast till reservation 6.</p>",
    "intressent_id": "0828721176319",
    "rel_dok_id": "H401TU14",
    "replik": "N",
    "systemdatum": "2017-05-18 13:19:08"
  }
}