﻿{
  "anforande": {
    "dok_hangar_id": "4703370",
    "dok_id": "H409101",
    "dok_titel": "Protokoll 2016/17:101 Torsdagen den 27 april",
    "dok_rm": "2016/17",
    "dok_nummer": "101",
    "dok_datum": "2017-04-27 00:00:00",
    "avsnittsrubrik": "Skogspolitik",
    "underrubrik": null,
    "kammaraktivitet": "ärendedebatt",
    "anforande_id": "777aecae-bb3b-e711-9452-00262d0d0c40",
    "anforande_nummer": "182",
    "talare": "Jens Holm (V)",
    "parti": "V",
    "anforandetext": "<p>Fru ålderspresident! Jag instämmer vad gäller att bygga mer i trä. Jag tror att det behövs mer än bara utbildning och vad det nu var Isak From mer talade om - någon form av strategi eller handledning. Det behövs lite skarpare förslag än så, men allt är steg i rätt riktning. Jag hoppas dock att vi kan komma överens om fler åtgärder så att man kommer att börja bygga storskaligt i trä i Sverige.</p><p>Man kan beskriva nyckelbiotopsinventeringen bara som ett problem för skogsägaren. Men det är framför allt ett viktigt verktyg för att identifiera områden med höga naturvärden. Detta är någonting man har sysslat med sedan början av 1990-talet. Jag är den förste att hålla med om att man kanske behöver uppdatera metoderna och göra dem bättre, se till att ha bättre samarbete med skogsägare och så vidare.</p><p></p><p>Det jag tycker är märkligt är dock att man kastar en metod över bord utan att ha någon annan. Man säger: Nu slutar vi med det här - puts väck! Sedan har man ingenting nytt att ersätta eller på något vis komplettera det med. Jag tror att det var därför det blev ett sådant ramaskri i frågan. Om man inte vet vad som finns att skydda ute i skogen är det stor risk för att vi går miste om det också i framtiden.</p><p>Nu hoppas jag att man tar fram nya och ännu bättre metoder än man hade tidigare och att man gör det fort. Men fram till dess borde man fortsätta att inventera och registrera som tidigare. Det blir lite märkligt annars. Tycker inte Socialdemokraterna det?</p>",
    "intressent_id": "0216534495014",
    "rel_dok_id": "H401MJU13",
    "replik": "Y",
    "systemdatum": "2017-05-18 13:19:11"
  }
}