﻿{
  "anforande": {
    "dok_hangar_id": "4703370",
    "dok_id": "H409101",
    "dok_titel": "Protokoll 2016/17:101 Torsdagen den 27 april",
    "dok_rm": "2016/17",
    "dok_nummer": "101",
    "dok_datum": "2017-04-27 00:00:00",
    "avsnittsrubrik": "Medborgarskap, Migration och asylpolitik, Anhöriginvandring och Arbetskraftsinvandring",
    "underrubrik": null,
    "kammaraktivitet": "ärendedebatt",
    "anforande_id": "c479ecae-bb3b-e711-9452-00262d0d0c40",
    "anforande_nummer": "12",
    "talare": "Maria Ferm (MP)",
    "parti": "MP",
    "anforandetext": "<p>Fru ålderspresident! I dag debatterar vi flera av socialförsäkringsutskottets betänkanden som rör migrations- och asylpolitik. Detta är frågor som ständigt är aktuella och som Miljöpartiet arbetar oerhört mycket med.</p><p>Sverige gjorde under det stora flyktingåret 2015 mer än något annat EU-land för att hjälpa människor som sökte skydd. Vi gjorde det som resten av EU borde ha gjort. Vi tog ansvar.</p><p>Insatserna från kommuner, landsting och civilsamhälle har varit både avgörande och ovärderliga. Förra höstens erfarenheter visar dock att vi behöver göra mer för att förstärka kapaciteten i mottagningssystemet och förbättra etableringen så att det fungerar väl både i tider när det kommer många och i tider när det kommer få. Vi behöver också driva på för en ordning i EU där alla medlemsstater tar gemensamt ansvar för att ta emot asylsökande.</p><p>Miljöpartiet och regeringen arbetar hårt för att effektivisera mottagandet, förbättra etableringen och korta vägen till jobb och studier för nyanlända. Tidiga insatser är en nyckel i detta arbete.</p><p>Många insatser genomförs redan för att se till att de personer som har kommit till Sverige nu ska kunna lära sig svenska, utbilda sig eller få sin tidigare utbildning validerad för att komma in på arbetsmarknaden.</p><p>Det är inte en gemensam historia, hudfärg, religion eller etnicitet som förenar oss i Sverige, utan det är byggandet av vår gemensamma framtid.</p><p>Vi i Miljöpartiet står fast vid vår tro på ett öppet Sverige som välkomnar människor hit. Därför är det vår skyldighet att bygga ett samhälle som klarar av hur världen ser ut.</p><p>Sverige står nu bättre rustat för att klara av etableringen för dem som har kommit till Sverige under de senaste åren och för dem som kommer framöver. Vi har vidtagit många åtgärder som har förbättrat etableringen och höjt mottagandekapaciteten. Vi har också den starkaste arbetsmarknaden i hela EU.</p><p>Fler människor som kommer hit på flykt ska kunna lära sig svenska från dag ett och arbeta från dag ett. Ju tidigare vi underlättar för människor att lära sig svenska och få sina kvalifikationer och betyg validerade, desto tidigare ger vi dem möjligheter att skapa kontakter inom personers yrken och etablera privata kontakter och nätverk. Då kommer också människor tidigare i arbete eller startar företag.</p><p></p><p>Historiskt har Sverige klarat av att växa på ett bra sätt. Två årtionden efter Balkankriget ser vi att de som sökte en fristad i Sverige och gjorde det till sitt nya hemland har etablerat sig i den utsträckningen att det är fler av dem som läser vidare på högskola än infödda svenskar. Sverige växte och skapade möjligheter av en utmaning.</p><p>De senaste årens utveckling kring dessa frågor har varit dramatisk. Syrienkriget fortsätter. Kemiska vapen dödar civila och barn. Säkerhetsläget i Afghanistan försämras. Människor fortsätter att fly från diktaturen i Eritrea och från många andra krig och konflikter runt om i världen.</p><p>Samtidigt blir det allt svårare för människor på flykt att nå Europa. Inte bara Sverige har genomfört en mer restriktiv politik, utan det gäller många länder i Europa. Gränskontroller, stängda gränser mot Syrien och en större vilja att stänga människor på flykt ute präglar politiken i Europa. Därför är det oerhört viktigt att Sverige arbetar för att värna asylrätten, för att värna en rättssäker och effektiv asylprocess och goda mottagandevillkor i de förhandlingar om migration som nu pågår på EU-nivå.</p><p>Miljöpartiet arbetar för att den tillfälligt mer restriktiva politik som vi nu har i Sverige ska bli en så kortvarig parentes som möjligt i vårt lands historia. Lagen kom till i ett svårt politiskt läge för vårt land. EU abdikerade från sitt ansvar för människor på flykt. Oppositionen drev på en politik som gick långt utöver vad internationella konventioner tillåter. Mottagandekapaciteten i Sverige var mycket ansträngd.</p><p>Lagen upphör automatiskt 2019, och efter två år kommer en kontrollstation att avgöra huruvida det finns ett behov av lagstiftning eller inte under det sista året.</p><p>Vi tycker att det är viktigt att vi dels inom de förhandlingar som pågår på EU-nivå, dels i den diskussion som förs i Sverige om migrationspolitiken värnar om grundläggande rättigheter för människor på flykt. De som i dag inte har rätt att återförenas med sina nära och kära bör i framtiden få det.</p><p>Fler skyddsbehövande bör omfattas av den trygghet som det innebär att ha ett permanent uppehållstillstånd och veta att man kan bygga sin framtid här.</p><p>I dagsläget kommer relativt få personer till Sverige för att söka asyl. Det beror inte på att färre har ett skyddsbehov. Historiskt många människor är på flykt i världen.</p><p>Det beror inte heller främst på vilken lagstiftning som vi har i Sverige, utan det beror mer på andra omvärldsfaktorer. Gränskontroller finns runt om i Europa och EU:s samarbete med Turkiet gör att färre tar sig över Medelhavet därifrån.</p><p>Det är viktigt att vi värnar den nordiska passfriheten. När de tillfälliga id- och gränskontrollerna infördes såg verkligheten helt annorlunda ut än vad den gör i dag. Då sökte som mest ca 10 000 personer asyl i veckan, och situationen var väldigt ansträngd på socialtjänst och hos Migrationsverket.</p><p>Nu kommer det ytterst få asylsökande till Sverige varje vecka. De inre gränskontrollerna har sammantagit inneburit enorma svårigheter såväl för asylsökande utan giltiga id-handlingar som för gränspendlare i Öresundsregionen. Störst inverkan har ju id-kontrollerna som innebär tågbyte för resenärer som passerar Kastrups flygplats. Det hindrar asylsökande utan id-handlingar att komma in i Sverige.</p><p></p><p>Det är väl känt att målet för vårt parti är att återgå till fri rörlighet inom EU och att de praktiska svårigheter för asylsökande som id-kontrollerna innebär kan undanröjas så fort det är möjligt.</p><p>Vi tror att det är avgörande att vi under tiden som den tillfälliga lagen gäller också ökar mottagningskapaciteten och förbättrar etableringen.</p><p>Långa handläggningstider i asylprocessen är ett stort problem, i synnerhet för den enskilde som tvingas leva i ovisshet om sin framtid under lång tid, vilket i sin tur kan påverka den asylsökandes hälsa och etablering negativt. Att väntan på asylbeslut görs så kort som möjligt är det enskilt viktigaste för en bra start i Sverige</p><p>Att korta handläggningstiderna har varit en viktig prioritet för Miljöpartiet i regeringen. Under 2016 ökade regeringen kraftigt anslagen till Migrationsverket för att hantera det stora antalet asylsökande. Det handlade om både ökade kostnader för boenden och att myndigheten skulle kunna öka sin kapacitet att registrera och pröva fler ansökningar och anställa mer personal.</p><p>En av de största reformerna under denna mandatperiod som har genomförts är att alla Sveriges kommuner nu ska ta ansvar och hjälpa till med flyktingmottagandet. Syftet är att få till stånd en jämnare fördelning av mottagande av nyanlända mellan landets kommuner, och att kommuner som har goda förutsättningar för etablering ska ta emot nyanlända i större utsträckning än tidigare. Det är oerhört viktigt att följa upp detta så att det genomförts fullt ut och att alla kommuner verkligen deltar.</p><p>Vi har också genomfört extra satsningar på traumavård. Förekomsten av sjukdomar som kräver vård när man kommer till Sverige har i stor utsträckning påverkats av upplevelser, trauman och risker som den asylsökande har exponerats för under flykten. Detta tillsammans med separation från familjemedlemmar innebär en ökad risk för psykisk ohälsa. På Miljöpartiets initiativ har regeringen därför beslutat att satsa på vård och behandling för traumatiserade asylsökande och nyanlända med 40 miljoner kronor mellan 2017 och 2020.</p><p>År 2015 kom runt 35 000 ensamkommande minderåriga till Sverige. Sverige gjorde en enorm insats när så många asylsökande kom under kort tid. Människor ställde upp och blev gode män åt ensamkommande barn, och människor engagerade sig i idrottsföreningar som anordnade aktiviteter på boenden. Boendepersonal och lärare har gjort sitt yttersta för att välkomna de unga ensamma killarna till samhället.</p><p>Nu ser vi dock hur oron sprids bland dem som har kommit till Sverige som ensamkommande och bland dem som arbetar med ensamkommande på olika sätt. Åldersuppskrivningar verkar ske godtyckligt, avslagen kommer på löpande eftersom många som kom under 2015 och väntar på beslut nu får sina beslut. Återtagandeavtal med Afghanistan och runtflyttande mellan skolor och kommuner gör att situationen är mycket svår, och oron är stor. Under de senaste månaderna har det rapporterats om flera självmord bland asylsökande ensamkommande barn.</p><p>Därför är det positivt att flera viktiga förändringar för den här gruppen genomförts och är på väg att genomföras. Åldersbedömningarna blir mer rättssäkra och ska ske tidigare i asylprocessen. En ny lagstiftning som snart debatteras och voteras om i riksdagen kommer att göra att ensamkommande barn i stället för att få tillfälliga uppehållstillstånd och riskera att avvisas så fort de fyller 18 år, nu ska kunna gå klart gymnasiet i Sverige och därefter få tid på sig att söka arbete och i så fall kunna få stanna permanent. Detta är någonting som Miljöpartiet tycker är oerhört viktigt för tryggheten för och den psykiska hälsan hos dessa barn.</p><p></p><p>Regeringen har också nyligen beslutat om att inrätta ett nationellt kunskapscentrum för frågor kring ensamkommande barn vid Socialstyrelsen. Syftet är att sprida aktuell kunskap, framgångsrika metoder och effektiva processer till de kommuner, landsting och ansvariga myndigheter som genomför insatser för ensamkommande barn.</p><p>Vi arbetar ständigt för åtgärder som kan förbättra situationen för svårt utsatta grupper. Under den här mandatperioden har vi också stärkt kommunernas mottagande genom att skolschablonen för asylsökande har höjts, genom att boendeformen stödboende har inrättats och genom att tillföra mycket resurser till civilsamhällesorganisationer för att genomföra aktiviteter för asylsökande under asyltiden. Vi kommer att fortsätta arbeta för att förbättra situationen för ensamkommande barn, inte minst vad gäller den psykiska ohälsan och stressen kring att hela tiden bli runtflyttad mellan boenden, skolor och kommuner.</p><p>Att hitta ett arbete är nyckeln till en god och snabb etablering i samhället. Därför är det positivt att frågan om hur fler asylsökande kan arbeta från dag ett bereds på Regeringskansliet. Skatteverket har också på uppdrag av regeringen kommit med förslag som innebär att Migrationsverket ges möjlighet att rekvirera så kallade samordningsnummer för samtliga asylsökande. </p><p>De förändrade regler som ska träda i kraft den 1 juli 2017 kommer antagligen att underlätta Arbetsförmedlingens arbete med asylsökande väsentligt. Det är viktigt att fler asylsökande har rätt att arbeta och att hinder för asylsökandes möjligheter att arbeta undanröjs. Även situationen för arbetskraftsinvandrare behöver förbättras, inte minst så att handläggningstiderna går ned och så att arbetstagare inte blir av med sina uppehållstillstånd på grund av smärre fel som arbetsgivaren stått för.</p><p>Fru ålderspresident! Vi fortsätter nu att kämpa för att EU:s gemensamma migrationspolitik ska bygga på gemensamt ansvar och respekt för asylrätten. I höstas kunde vi presentera ett positivt förslag för många ensamkommande ungdomar. Det gällde möjligheten till längre uppehållstillstånd för gymnasiestudier. Detta kommer vi förhoppningsvis att kunna genomföra nästa vecka.</p><p>Vi har också arbetat för att underlätta för familjeåterförening genom att öppna upp för syrier att kunna ansöka om att återförenas på ambassaden i Khartoum, där inga visum krävs för syrier. Regeringen har också tillsatt en utredning om lagliga vägar för att söka asyl i EU. Dödsolyckorna på Medelhavet fortsätter, och högre murar eller uttalanden mot tredjeländer löser inte problemet utan förvärrar det snarast. Utredningen ska särskilt se över hur ett system med humanitära visum skulle kunna se ut.</p><p>Sveriges arbetsmarknad går mycket bra, Sveriges ekonomi likaså. Att många människor har kommit hit på kort tid är en historisk möjlighet om deras kompentens tas till vara. Då kan vi göra Sverige till ett ännu bättre land för fler. Flera viktiga steg har tagits, men mycket återstår.</p><p>Jag yrkar bifall till förslagen i betänkandena och till vår reservation 5 i SfU17.</p>",
    "intressent_id": "0462699892622",
    "rel_dok_id": "H401SfU14, H401SfU15, H401SfU16, H401SfU17",
    "replik": "N",
    "systemdatum": "2017-05-18 13:18:53"
  }
}