﻿{
  "anforande": {
    "dok_hangar_id": "4703963",
    "dok_id": "H409102",
    "dok_titel": "Protokoll 2016/17:102 Fredagen den 28 april",
    "dok_rm": "2016/17",
    "dok_nummer": "102",
    "dok_datum": "2017-04-28 00:00:00",
    "avsnittsrubrik": "Svar på interpellation 2016/17:367 om medicinsk åldersbedömning",
    "underrubrik": null,
    "kammaraktivitet": "interpellationsdebatt",
    "anforande_id": "0f999fe0-bc3b-e711-9452-00262d0d0c40",
    "anforande_nummer": "29",
    "talare": "Justitie- och migrationsministern Morgan Johansson (S)",
    "parti": "S",
    "anforandetext": "<p>Herr talman! Det här är ett gravt misskött område av den förra regeringen. När jag ser på hur frågan hanterades kan jag nästan bara gråta åt allt.</p><p>År 2012 kom Socialstyrelsen med nya riktlinjer. I praktiken gavs barnläkarna vetorätt. Ni visste redan då - det var ni som styrde Sverige då - att det fanns en över huvud taget stor misstro mot metoderna, och därmed skulle det bli svårare och svårare att få bedömningarna gjorda. Mycket riktigt blev utgången att det blev svårare och svårare att över huvud taget genomföra några medicinska åldersbedömningar.</p><p>Vad gjorde då den borgerliga regeringen? I ett ord: ingenting. År 2012 kom riktlinjerna. Då gjorde man ingenting. År 2013 gjorde man ingenting. År 2014 gjorde man ingenting. Det blev i stället upp till den nya regeringen att försöka skapa en ordning där det fanns förtroende hos alla parter. Det är precis det ansvaret som vi tog. Vi gav Rättsmedicinalverket uppdraget. Det finns nu på plats en ordning som åtnjuter förtroende hos alla parter. Nu genomförs dessa medicinska åldersbedömningar på ett mycket professionellt sätt. Hittills i år är det fråga om 2 200 ärenden.</p><p>För dem som redan har fått sina beslut, och där besluten har överklagats på grund av att åldersbedömningen ifrågasätts, kan domstolen begära in från Migrationsverket den typen av medicinska åldersbedömningar. Det har hittills i år skett i ett tjugotal ärenden.</p><p>Om dåvarande regeringen hade gjort saker och ting hade situationen varit bättre när det 2015 kom 35 000 ensamkommande ungdomar. Så blir det när regeringen inte orkar ta i de svåra frågorna utan lämnar över till någon annan. Då blir det svåra situationer.</p><p>Jag ställer frågorna till Johanna Jönsson: Varför agerade inte Centerpartiet under er regeringsperiod för att få till stånd fungerande medicinska åldersbedömningar? Varför valde ni att titta åt ett annat håll?</p><p>Åldersbedömning är ett nytt bevismedel, men jag vill samtidigt understryka att det faktiskt är den enskilde som söker som ska göra sin ålder sannolik. Det är så bevisbördan faktiskt ligger. Detta är bara ytterligare ett bevismedel. Om man inte lyckas bevisa sin ålder finns numera denna möjlighet. Men det finns andra sätt som många som lyckas göra sin ålder trolig använder, till exempel någon typ av handlingar.</p><p> STYLEREF Kantrubrik \\* MERGEFORMAT Svar på interpellationer</p><p>Åldersbedömningar är viktiga i förhållande till bedömningsprocessen i asylärenden, men det handlar också om rena barnsäkerhetsfrågor. Det är därför som regeringen, som Johanna Jönsson vet, nu har lagt fram förslag om att göra dessa åldersbedömningar så tidigt som möjligt. I stället för att vänta tills att själva prövningen sker efter ett år eller så, säger vi att åldersbedömningarna ska göras så fort som möjligt från det att den sökande har kommit till Sverige. Det handlar bland annat om att skapa en ordning där dessa ungdomar kan ges ett säkert boende. Vi vill inte blanda vuxna och barn i samma boende. Det har också varit en stor brist.</p><p>Låt mig ändå ställa frågan till Johanna Jönsson: Om ni tycker att denna fråga är så angelägen, varför drev ni inte frågan under er regeringstid?</p>",
    "intressent_id": "0473783431010",
    "rel_dok_id": "H410367",
    "replik": "N",
    "systemdatum": "2017-05-18 13:27:15"
  }
}