﻿{
  "anforande": {
    "dok_hangar_id": "4702552",
    "dok_id": "H409100",
    "dok_titel": "Protokoll 2016/17:100 Onsdagen den 26 april",
    "dok_rm": "2016/17",
    "dok_nummer": "100",
    "dok_datum": "2017-04-26 00:00:00",
    "avsnittsrubrik": "Nya utstationeringsregler",
    "underrubrik": null,
    "kammaraktivitet": "ärendedebatt",
    "anforande_id": "f1a791a8-413a-e711-9452-00262d0d0c40",
    "anforande_nummer": "12",
    "talare": "Raimo Pärssinen (S)",
    "parti": "S",
    "anforandetext": "<p>Herr ålderspresident! Det är alltid trivsamt att debattera med Désirée Pethrus eftersom hon är mycket saklig.</p><p>Vi är överens om att det finns företag som dumpar. Vi är överens om att det förekommer oseriösa inslag. Vi är överens om att det finns svenska firmor som slås ut av det som är oseriöst.</p><p>Désirée Pethrus undrar vad bekymret är; det finns ju en lagstiftning. Då hade jag önskat att det fanns ett förslag från Kristdemokraterna om att ni inte accepterar detta utan vill gå vidare och stoppa det oseriösa.</p><p>Det är precis det vi gör, för vi utökar möjligheterna till kontroll och ställer större krav på utländska firmor. Vi ställer även krav på att facken ska in med sina avtal så att det blir en transparens i detta. Det här kommer upp för att det är ett bekymmer.</p><p>Moderaterna hävdar ofta att det inte är något bekymmer. Det har ju inte varit några stora stridigheter. Nej, men 2009 kom ju den våta filten med lex Laval. Det blev ju en konflikt därefter. Ska vi då säga att problemet är löst? Nej, problemet finns uppenbarligen kvar.</p><p>Jag är säker på att Désirée Pethrus också har blivit kontaktad av något företag som tycker sig vara osjyst behandlat gentemot konkurrenter.</p><p>Regeringen lägger fram detta förslag för att komma till rätta med det här. Vi värnar den svenska modellen och stärker den så det blir samma villkor för svenska och utländska företag. Vi tycker att det är bra, och jag är övertygad om att en majoritet i Sverige också tycker att det är bra. Med vårt förslag sätter vi stopp för dem som försöker smita undan och underminera systemet.</p>",
    "intressent_id": "0113077554312",
    "rel_dok_id": "H401AU9",
    "replik": "Y",
    "systemdatum": "2017-05-16 16:12:45"
  }
}