﻿{
  "anforande": {
    "dok_hangar_id": "4703370",
    "dok_id": "H409101",
    "dok_titel": "Protokoll 2016/17:101 Torsdagen den 27 april",
    "dok_rm": "2016/17",
    "dok_nummer": "101",
    "dok_datum": "2017-04-27 00:00:00",
    "avsnittsrubrik": "Frågestund",
    "underrubrik": "Venezuela och Sveriges agerande i FN:s säkerhetsråd",
    "kammaraktivitet": "frågestund",
    "anforande_id": "1c7aecae-bb3b-e711-9452-00262d0d0c40",
    "anforande_nummer": "98",
    "talare": "Cecilie Tenfjord-Toftby (M)",
    "parti": "M",
    "anforandetext": "<p>Fru talman! Min fråga går till statsrådet Isabella Lövin.</p><p>Situationen i Venezuela förvärras dag för dag. Från att det tidigare har varit rätt tyst om Venezuela i medierna och från den svenska regeringen fylls nu tv-rutorna med bilder på konfrontationer mellan det hårt prövade venezuelanska folket och polisen medan den svenska regeringen fortfarande är tyst.</p><p>Jag har tidigare interpellerat om Venezuela och hur den svenska regeringen avser att agera. Utrikesminister Margot Wallström uttryckte då att hon delade min åsikt att situationen i Venezuela är mycket oroande. Sedan dess har Sverige tagit plats i FN:s säkerhetsråd.</p><p>Mina frågor till statsrådet Lövin är: Har den oro som utrikesministern uttryckte resulterat i något agerande från den svenska regeringen? Hur avser den svenska regeringen att använda sin plats i FN:s säkerhetsråd för att sätta press på Maduro så att han lättar på förtrycket av sina egna invånare?</p>",
    "intressent_id": "010343930918",
    "rel_dok_id": "H4C120170427fs",
    "replik": "N",
    "systemdatum": "2017-05-18 13:18:59"
  }
}