﻿{
  "anforande": {
    "dok_hangar_id": "4703370",
    "dok_id": "H409101",
    "dok_titel": "Protokoll 2016/17:101 Torsdagen den 27 april",
    "dok_rm": "2016/17",
    "dok_nummer": "101",
    "dok_datum": "2017-04-27 00:00:00",
    "avsnittsrubrik": "Skogspolitik",
    "underrubrik": null,
    "kammaraktivitet": "ärendedebatt",
    "anforande_id": "7e7aecae-bb3b-e711-9452-00262d0d0c40",
    "anforande_nummer": "189",
    "talare": "Johan Hultberg (M)",
    "parti": "M",
    "anforandetext": "<p>Fru ålderspresident! Det var intressant att lyssna även på Stina Bergström.</p><p>För åhörarna i den här debatten vill jag komma med en liten upplysning: Stina Bergström är inte i opposition, utan hon företräder ett regeringsparti. Det lät nämligen på Stina Bergström som om Miljöpartiet inte sitter i regeringen. Det var en väldigt lång lista på allt som Miljöpartiet vill och driver.</p><p>Stina Bergström! Varför händer då inte detta när ni nu sitter i regeringen? Är det kanske så att ni är oense med Socialdemokraterna? Varför inför ni inte till exempel mål för hur mycket hyggesfritt som ska bedrivas av Sveaskog? Ni har möjligheten när ni sitter i regeringsställning att till exempel utforma ägardirektiv till ett statligt bolag.</p><p>Fru ålderspresident! Jag blev uppriktigt glad när jag hörde Stina Bergström säga att Miljöpartiet vill försöka höja lönsamheten för den som sköter sin skog med stor miljöhänsyn. Jag tänkte att Stina Bergström och Miljöpartiet kanske äntligen har insett att dagens hantering av artskyddsförordningen och nyckelbiotopsinventeringen och det begreppet tyvärr får negativa konsekvenser. Många gånger leder det till en helt omvänd incitamentsstruktur, där den skogsägare som i sitt brukande har tagit stort ansvar för och stor hänsyn till miljön och den biologiska mångfalden får ta en väldigt stor ekonomisk risk. Men senare lät det som att Stina Bergström inte såg några problem alls med nyckelbiotopsinventeringen utan tyckte att tempot skulle höjas och så vidare.</p><p>Jag skulle vilja fråga Stina Bergström om Miljöpartiet inte ser några som helst problem med dagens hantering av artskyddsförordningen och nyckelbiotopbegreppet.</p>",
    "intressent_id": "069309987221",
    "rel_dok_id": "H401MJU13",
    "replik": "Y",
    "systemdatum": "2017-05-18 13:19:12"
  }
}