﻿{
  "anforande": {
    "dok_hangar_id": "4546972",
    "dok_id": "H40910",
    "dok_titel": "Protokoll 2016/17:10 Onsdagen den 28 september",
    "dok_rm": "2016/17",
    "dok_nummer": "10",
    "dok_datum": "2016-09-28 00:00:00",
    "avsnittsrubrik": "Riksrevisionens rapport om ekonomiska risker för staten i fråga om gruvavfall",
    "underrubrik": null,
    "kammaraktivitet": null,
    "anforande_id": "35d5f233-e195-e611-9441-00262d0d7125",
    "anforande_nummer": "42",
    "talare": "Maria Strömkvist (S)",
    "parti": "S",
    "anforandetext": "<p>Fru talman! Jag börjar med att yrka bifall till förslaget i betänkandet i dess helhet.</p><p>Vi diskuterar nu gruvnäringen. Gruvnäringens villkor är en fråga där tre viktiga politikområden möts, nämligen politiken om att landsbygden ska leva, näringspolitiken och miljöpolitiken.</p><p>Sverige är ett fantastiskt land med en storslagen natur och enorma kontraster. I dag bor drygt var tredje person på landsbygden. En växande landsbygd med goda möjligheter till jobb och välfärd är en grundförutsättning för tillväxt i hela landet. Och det finns en vilja och potential i den svenska landsbygden. Här finns starka positiva krafter som vi måste ta till vara. Detta var Socialdemokraternas inriktning före valet 2014, och det är regeringens inriktning efter valet.</p><p>Arbetslösheten på landsbygden är högre än i städerna. Människor tvingas söka sig bort från de mindre orterna för att söka jobb. Detta känner vi alla till, men vi vet också att politik kan göra skillnad. Regeringen gör nu ansträngningar för att ta fram en samlad landsbygdspolitik, brett och politiskt förankrad.</p><p> STYLEREF Kantrubrik \\* MERGEFORMAT Riksrevisionens rapport om ekono-miska risker för staten i fråga om gruvavfall</p><p>Vi socialdemokrater vill se ett Sverige där vi samlas för att bygga samhället och utveckla den svenska modellen. I den ställer vi krav på varandra och hjälps åt över hela landet. Där går konkurrenskraft och anständighet hand i hand.</p><p>Regeringen har som mål att Sverige ska ha lägst arbetslöshet i EU år 2020. Då behövs landsbygden. Regeringen arbetar med en strategi för en nyindustrialisering av Sverige. Vi satsar på vägar, järnvägar och bredband. Vi vill säkra kunskapsförsörjningen till företag på landsbygd genom fler platser på vuxenutbildning samt universitet och högskolor i hela landet. Vi socialdemokrater har en politik för att hela landet ska bli bättre att leva i. Vårt fokus riktas på mer samarbete och investeringar för framtiden så att svenska företag kan växa och anställa. Med fler jobb får vi också råd med en välfärd att vara stolta över.</p><p>Gruvnäringen är en strategiskt viktig framtidsbransch med stor utvecklingspotential. Mineralutvinning är en stor del av Sveriges exportvärde och finns främst på landsbygd. Sverige är en ledande gruvnation i Europa. Dessutom är en stor del av den avancerade teknologi som används av näringen utvecklad av svenska bolag och forskare.</p><p>För att möjliggöra fortsatt expansion och fler jobb krävs en rad åtgärder. Regeringens ambition är att Sverige ska fortsätta att stå starkt som gruvnation och vara ett föregångsland för en miljömässigt hållbar gruvnäring och avfallshantering. Vi behöver bygga ut infrastrukturen, ge mer utbildning och förbättra forskningsresurserna. Detta är några områden där det behövs insatser, och där har regeringen börjat leverera.</p><p>Vi socialdemokrater anser att om Sverige ska kunna tillgodogöra sig utvecklingen i gruvnäringen krävs ett helhetsgrepp, vilket också innefattar berörda kommuners förutsättningar att hantera de väldiga möjligheter men också tuffa utmaningar som detta innebär. </p><p>Det vi behandlar här i dag är alltså det svar som regeringen lämnat på Riksrevisionens granskning av om det nuvarande systemet med ekonomiska säkerheter för gruvverksamhet minimerar risken för att staten ska behöva bekosta efterbehandling av nedlagda gruvverksamheter. Det handlar om grundprincipen att förorenaren ska betala och, i det här fallet, inte skattebetalarna. I grunden är det också en fråga om den fria företagsamheten och den fria konkurrensen. Staten och skattebetalarna ska inte subventionera företagsverksamhet eftersom den fria marknaden då blir rubbad. Men det handlar som sagt också om landsbygdens överlevnad och om näringspolitik. Vi måste ju ha ett system som hjälper, inte stjälper.</p><p>Fru talman! Riksrevisionen har kommit med en del kritik, och regeringen håller faktiskt med på det stora hela. Riksrevisionen säger att det finns problem när man slår fast storleken på de ekonomiska säkerheterna, i bevakningen av säkerheter och i miljötillsynen över gruvverksamheter.</p><p>Enligt Riksrevisionen får dessa problem tillsammans effekten att det nuvarande systemet med ekonomiska säkerheter för gruvverksamhet inte minimerar riskerna tillräckligt. Risken är att staten, och därmed skattebetalarna, får stå för efterbehandlingen av nedlagda gruvor.</p><p>Vi kan konstatera att gruvorna står för en mycket stor del av avfallet i Sverige och att mängden gruvavfall har ökat kraftigt i Sverige de senaste åren. Det här beror ju på både ökad brytning och minskade metallkoncentrationer i de malmer som bryts. Trots stora mängder avfall och betydande miljöpåverkan saknas det, enligt Riksrevisionen, en långsiktig strategi för hantering av gruvavfall och bedömning av åtgärder för efterbehandling.</p><p> STYLEREF Kantrubrik \\* MERGEFORMAT Riksrevisionens rapport om ekono-miska risker för staten i fråga om gruvavfall</p><p>Fru talman! Jag tänker inte använda min talartid till att gå igenom de tekniska detaljerna i Riksrevisionens granskning. Jag kan dock konstatera att de motioner som har kommit in med anledning av den här granskningen faller ganska platt när man läser regeringens svar.</p><p>Regeringen har ju sagt att den i de stora delarna ska göra precis det som Riksrevisionen har krävt. I några delar menar regeringen att Riksrevisions analys inte är helt uppdaterad.</p><p>När det gäller Kristdemokraternas motionsyrkanden genomförde ju den tidigare borgerliga regeringen en stor förändring av minerallagen som trädde i kraft så sent som den 1 augusti 2014. Jag har ingen större insyn - faktiskt ingen alls - i hur processen mellan de borgerliga partierna gick till, men det känns lite märkligt att Kristdemokraterna nu lägger fram yrkanden som borde ha tagits om hand i processen mellan de fyra partierna</p><p>Fru talman! Vi har att ta ställning till ett svar från regeringen på Riksrevisionens kritik till handlingarna. Regeringen håller i stora stycken med Riksrevisionen. Regeringen har bland annat i budgetpropositionen konstaterat att den avser att se över finansieringen av hanteringen av gruvavfall och efterbehandling vid nedlagda gruvor.</p><p>Det är så det ska gå till när det fungerar som bäst. Revisorerna hittar ett problem. Regeringen håller med och gör något åt det.</p><p>(Applåder)</p>",
    "intressent_id": "0136801772915",
    "rel_dok_id": null,
    "replik": "N",
    "systemdatum": "2016-10-19 11:49:08"
  }
}