﻿{
  "anforande": {
    "dok_hangar_id": "4703370",
    "dok_id": "H409101",
    "dok_titel": "Protokoll 2016/17:101 Torsdagen den 27 april",
    "dok_rm": "2016/17",
    "dok_nummer": "101",
    "dok_datum": "2017-04-27 00:00:00",
    "avsnittsrubrik": "Väg- och fordonsfrågor",
    "underrubrik": null,
    "kammaraktivitet": "ärendedebatt",
    "anforande_id": "4f7aecae-bb3b-e711-9452-00262d0d0c40",
    "anforande_nummer": "143",
    "talare": "Karin Svensson Smith (MP)",
    "parti": "MP",
    "anforandetext": "<p>Herr ålderspresident! Jag fick inget svar på huruvida Moderaterna eller Sten Bergheden anser att USA är ett bilfientligt land. Jag tror ingen skulle påstå det. Där är maxgränsen för lastbilar 36 ton. Det är för att man vill att vägarna ska förbli i ett sådant skick att personbilarna också kan komma fram utan att mötas av skador i vägen. Man anser inte att det finns ett intresse att höja skatterna för att kunna reparera vägarna. Det borde vara något som faller Moderaterna på läppen. </p><p>Det borde rimligen vara så att vi kan förvänta oss att Moderaterna värnar svensk åkerinäring. Men om vi skulle tillåta de längre lastbilarna som ni föreslår, åka över gränsen och hänga på extra ekipage och köra runt i det svenska vägsystemet, vem skulle vinna och förlora på det? Såvitt jag förstår är det de svenska åkerier som följer de bestämmelser som finns nu som skulle förlora. Vi vill värna den näringen och inte utsätta den för osjyst konkurrens.</p><p>Jag har en fråga till. Om Sten Bergheden nu inte vill uttala sig om USA kanske han kan svara på frågan: Är Schweiz ett näringslivsfientligt land? Där har man nämligen ännu lägre maxgräns för lastbilar, och det beror på att de vill värna om sitt alplandskap.</p><p>Sten Bergheden tycks ha missat att man i näringslivet nu är ganska intresserad av att hoppa på tåget när det gäller den stora utmaning det innebär att ha fossilfria och klimatvänliga transporter. Kalifornien var inte nödbett när det gäller att skriva på ett avtal med den svenska regeringen om utbyte mellan handel, näringsliv och teknik, eftersom framtiden ligger där. Det är anledningen till att regeringen står på denna sida.</p><p>Om Alliansen föredrar att titta i historieböckerna - à la bonheur! Vi satsar på framtiden och en klimatvänlig och fossilfri transportsektor.</p><p>(Applåder)</p>",
    "intressent_id": "0457308547314",
    "rel_dok_id": "H401TU14",
    "replik": "Y",
    "systemdatum": "2017-05-18 13:19:09"
  }
}