﻿{
  "anforande": {
    "dok_hangar_id": "4702552",
    "dok_id": "H409100",
    "dok_titel": "Protokoll 2016/17:100 Onsdagen den 26 april",
    "dok_rm": "2016/17",
    "dok_nummer": "100",
    "dok_datum": "2017-04-26 00:00:00",
    "avsnittsrubrik": "Nya utstationeringsregler",
    "underrubrik": null,
    "kammaraktivitet": "ärendedebatt",
    "anforande_id": "eaa791a8-413a-e711-9452-00262d0d0c40",
    "anforande_nummer": "5",
    "talare": "Ali Esbati (V)",
    "parti": "V",
    "anforandetext": "<p>Herr ålderspresident! Fredrik Malm har ganska ofta svårt att hålla tillbaka det förakt som han uppenbarligen känner för arbetstagarorganisationer och fackliga organisationer när de försöker göra det som är deras viktiga uppgift, nämligen upprätthålla lika lön för lika arbete. Det kommer fram i tid och otid, nästan oavsett vad man debatterar.</p><p>Nu kanske det är mer begripligt att Fredrik Malm kommer att tänka på sin antipati mot de fackliga organisationerna, när vi diskuterar facket, så att säga. Men det är ändå viktigt att fråga Fredrik Malm om något som inte blev helt tydligt: Varför är Fredrik Malm motståndare till lika lön för lika arbete på svensk arbetsmarknad? Varför ska det finnas större möjligheter att behandla arbetare från utlandet sämre när de arbetar i Sverige, till exempel på ett bygge eller i något annat sammanhang?</p>",
    "intressent_id": "014386615025",
    "rel_dok_id": "H401AU9",
    "replik": "Y",
    "systemdatum": "2017-05-16 16:12:45"
  }
}