﻿{
  "anforande": {
    "dok_hangar_id": "4703370",
    "dok_id": "H409101",
    "dok_titel": "Protokoll 2016/17:101 Torsdagen den 27 april",
    "dok_rm": "2016/17",
    "dok_nummer": "101",
    "dok_datum": "2017-04-27 00:00:00",
    "avsnittsrubrik": "Skogspolitik",
    "underrubrik": null,
    "kammaraktivitet": "ärendedebatt",
    "anforande_id": "877aecae-bb3b-e711-9452-00262d0d0c40",
    "anforande_nummer": "198",
    "talare": "Lars-Axel Nordell (KD)",
    "parti": "KD",
    "anforandetext": "<p>Fru ålderspresident! Den svenska skogen, som brukar kallas för det gröna guldet, är en mycket viktig resurs med många olika användningsområden. Det tycker vi alla i den här debatten, och det vill vi framföra.</p><p>Först och främst svarar skogen för en viktig del i vår planets ekosystem. Träden tar upp koldioxid och avger syre, som vi alla behöver för att kunna andas. Därmed fungerar skogen som naturens egen lunga. Skogen är också ett hem för ett stort antal arter och skyddar därmed den biologiska mångfalden.</p><p>Som vi har hört flera nämna är skogen viktig för rekreation. Den ger också ro och stillhet till oss människor. Den är inte minst en outsinlig inspirationskälla för många skapare av konst, musik och sång. Den är även en inspirationskälla till sagor och sägner.</p><p>Skogen har sedan urminnes tider tillhört de viktigaste basindustrierna i vårt land och är ännu i dag en av Sveriges främsta källor till exportinkomster. Exportvärdet uppgick år 2016 till 125 miljarder kronor. Skogsindustrin ger dessutom sysselsättning till ungefär 100 000 personer i Sverige.</p><p>Skogen utgör redan i dag en viktig förnybar energikälla, och dess betydelse för en klimatneutral energiförsörjning väntas öka i framtiden. I Miljömålsberedningens betänkande lyfter man också fram den svenska skogens potential ur ett klimatpolitiskt perspektiv.</p><p>Sverige måste tydligt säga nej till att EU sätter ett tak för skogsavverkning i medlemsländerna. Självklart måste skogspolitiken förbli en nationell angelägenhet.</p><p>Ska vi lyckas klara klimatmålen måste vi kunna fasa ut den fossila ekonomin till förmån för den biobaserade och den cirkulära. Då måste vi få EU att acceptera att vi kan behålla skattebefrielsen för biodrivmedel också efter 2018. Det finns hur mycket grenar, trädtoppar och bark som helst i skogen, som med fördel kan användas till biobränsle.</p><p>Fru ålderspresident! Kristdemokraterna står bakom en skogspolitik som bygger på balans mellan produktionsmål och miljömål. Det är en rimlig hållning.</p><p>Nyligen arrangerade Kristdemokraterna, genom min riksdagskollega Magnus Oscarsson, i samarbete med Föreningen Skogen det som kallas Skogens dag här i riksdagen. Det var andra året i rad som detta gjordes. Det var ett mycket välbesökt och uppskattat seminarium med omkring 140 deltagare från hela landet. Den fråga som tilldrog sig störst engagemang rörde äganderätten. Flera trender tyder i dag på ett växande hot mot just äganderätten.</p><p>Fru ålderspresident! Sedan början av 2016 lägger Skogsstyrelsen ut avverkningsanmälningar på nätet. Dessa publiceringar innebär att många skogsägare känner sig uthängda och oroliga. Dessutom ökar antalet överklaganden, vilket orsaker merarbete för skogsbrukaren. Det berättar många om.</p><p></p><p>Det är dessutom allvarligt om förtroendeklyftan mellan skogsägare och myndigheter riskerar att vidgas när engagerade och kunniga tjänstemän vid statliga myndigheter ibland agerar närmast som aktivister snarare än som opartiska ämbetsmän. Detta innebär att tillämpningen av lagar kan glida iväg utan föregående politiska beslut. Detta är en hotbild inte bara mot äganderätten utan också mot demokratin.</p><p>Mark- och miljööverdomstolen har nyligen dömt till äganderättens fördel i det uppmärksammade fallet om bombmurklan i Värmland, medan särskilda skyddsregler gäller för fåglar och däggdjur. Därför väntar nu många på Mark- och miljööverdomstolens utslag i fallet med kråkfågeln lavskrikan.</p><p>För att skapa tydlighet och trygghet för skogsägare bör regeringen genomföra förändringar i artskyddsförordningen så att misstolkningar kan undvikas.</p><p>Fru ålderspresident! Jag antar att jag inte är den enda riksdagsledamoten som blivit kontaktad av förtvivlade skogsägare som i praktiken blivit stoppade från att bedriva skogsbruk på grund av nyckelbiotoper i området.</p><p>Det var ett välkommet besked att Skogsstyrelsen beslutat att göra en paus, som vi har hört tidigare, även om man nu fortsätter med inventeringen. Samtidigt kvarstår problematiken kring att nyckelbiotoper inte är tänkta att vara ett instrument för att stoppa avverkning, även om det ofta upplevs så. Här behövs en fortsatt dialog mellan skogens olika aktörer.</p><p>Skogen är en viktig resurs, som behöver brukas ansvarsfullt. Historien visar att det är just äganderätten som kunnat leverera ett sådant ansvarsfullt brukande.</p><p>Sammantaget finns det all anledning till samling kring skogen, det enskilda skogsägandet och det ansvarsfulla skogsbruket. Jag och Kristdemokraterna kommer att fortsätta att vara en röst i riksdagen för skogsägare och skogsbrukare som vill arbeta ansvarsfullt.</p><p>Fru ålderspresident! Jag yrkar bifall till utskottets förslag i betänkandet.</p><p>(Applåder)</p>",
    "intressent_id": "0125056691517",
    "rel_dok_id": "H401MJU13",
    "replik": "N",
    "systemdatum": "2017-05-18 13:19:12"
  }
}