﻿{
  "anforande": {
    "dok_hangar_id": "4702552",
    "dok_id": "H409100",
    "dok_titel": "Protokoll 2016/17:100 Onsdagen den 26 april",
    "dok_rm": "2016/17",
    "dok_nummer": "100",
    "dok_datum": "2017-04-26 00:00:00",
    "avsnittsrubrik": "Nya utstationeringsregler",
    "underrubrik": null,
    "kammaraktivitet": "ärendedebatt",
    "anforande_id": "eca791a8-413a-e711-9452-00262d0d0c40",
    "anforande_nummer": "7",
    "talare": "Ali Esbati (V)",
    "parti": "V",
    "anforandetext": "<p>Herr ålderspresident! Jag har inte personligen konsulterat vare sig Le Pen eller Donald Trump när det gäller vad de anser om den svenska kollektivavtalsmodellen - jag tror inte att de har några starka synpunkter angående det. Jag själv tycker att den är väldigt bra, för den leder till en god utveckling på svensk arbetsmarknad. Och en viktig princip om lika lön för lika arbete kan då hävdas.</p><p> STYLEREF Kantrubrik \\* MERGEFORMAT Nya utstationerings-regler</p><p>Jag tror att Fredrik Malm har missförstått begreppet protektionism. Han använder det också i betydelsen att skydda arbetstagares rättigheter när de är i Sverige, oavsett var de kommer ifrån. Den sortens protektionism står jag gärna för, men inte någon protektionism som handlar om att människor inte ska röra sig över gränserna. Det känner Fredrik Malm ganska väl till. Vi kan diskutera frågan om till exempel asylrätt vid något annat tillfälle. Där har vi tyvärr lite olika åsikter i dag.</p><p>Men det är ändå intressant att Fredrik Malm pratar om att den nuvarande lösningen är en kompromiss. Ja, det är möjligt att den är en kompromiss mellan viljan att skydda arbetstagare på svensk arbetsmarknad och det förakt, närmast hat, gentemot de fackliga organisationerna som kommer till uttryck i det som Fredrik Malm säger här. Men det är i så fall en dålig kompromiss.</p><p>Vi föreslår en bättre kompromiss, som naturligtvis fortfarande håller sig inom ramen för EU-rätten i och med att man måste gå på den hårda kärnan och inte kan kräva ett kollektivavtal som fullt ut har samma rättsverkningar på svensk arbetsmarknad. Men den har ändå den viktiga fördelen att den värnar rätten att alltid ta konflikt för sina rättigheter. Det är en grundläggande mänsklig rättighet som en liberal borde kunna ställa upp på.</p><p>Sedan gäller det den marxistiska kritiken om att man ska förena sig över landgränserna. Det är precis det som sker när man hävdar rätten till lika lön för lika arbete i Sverige.</p>",
    "intressent_id": "014386615025",
    "rel_dok_id": "H401AU9",
    "replik": "Y",
    "systemdatum": "2017-05-16 16:12:45"
  }
}