﻿{
  "anforande": {
    "dok_hangar_id": "4706363",
    "dok_id": "H409103",
    "dok_titel": "Protokoll 2016/17:103 Tisdagen den 2 maj",
    "dok_rm": "2016/17",
    "dok_nummer": "103",
    "dok_datum": "2017-05-02 00:00:00",
    "avsnittsrubrik": "Svar på interpellation 2016/17:441 om Centralbron i Stockholm",
    "underrubrik": null,
    "kammaraktivitet": "interpellationsdebatt",
    "anforande_id": "da1f8197-5344-e711-9450-00262d0d7125",
    "anforande_nummer": "111",
    "talare": "Erik Ottoson (M)",
    "parti": "M",
    "anforandetext": "<p>Herr talman! Tack, statsrådet för det kompletterande svaret som innehöll ett viktigt förtydligande!</p><p>Länsplaneupprättarna - länsstyrelsen och landshövdingen - har ju en god kännedom om området. Det pågår säkert många diskussioner om vad som behöver göras i det aktuella länet.</p><p>Även om jag håller med om att grundvalarna i regelverket helt är i enlighet med det som statsrådet säger finns det fler och fler initiativ i olika sammanhang som luckrar upp gränserna mellan vad som är statligt, vad som är kommunalt och vad som är regionalt. Ett exempel på det är någonting som den här regeringen har initierat, de så kallade stadsmiljöavtalen med statlig medfinansiering för att vidta stadsmiljöåtgärder som på olika sätt skapar nyttor, till exempel genom kollektivtrafik och cykelstråk. Riktigt så svartvitt är det ändå inte.  </p><p>I det här fallet är det svartvitt, om jag tolkar statsrådet korrekt och att det inte blir aktuellt med någon form av hjälp eller stöd i den nationella planen.</p><p>Det ska även tilläggas att åtgärder inom Sverigeförhandlingen och Stockholmsförhandlingen, som i grunden är landstingsansvar, har fått hjälp genom både statlig och kommunal medfinansiering. Gränserna luckras dock upp och avtal sluts, eller hur man nu väljer att beskriva det. Men jag tolkar det som att det inte finns någon öppning att i det här fallet inleda dialog eller samtal om avtal om en tunnelförläggning. Är det korrekt uppfattat?</p>",
    "intressent_id": "0832311880029",
    "rel_dok_id": "H410441",
    "replik": "N",
    "systemdatum": "2017-05-29 11:46:43"
  }
}