﻿{
  "anforande": {
    "dok_hangar_id": "4702552",
    "dok_id": "H409100",
    "dok_titel": "Protokoll 2016/17:100 Onsdagen den 26 april",
    "dok_rm": "2016/17",
    "dok_nummer": "100",
    "dok_datum": "2017-04-26 00:00:00",
    "avsnittsrubrik": "Nya utstationeringsregler",
    "underrubrik": null,
    "kammaraktivitet": "ärendedebatt",
    "anforande_id": "06a891a8-413a-e711-9452-00262d0d0c40",
    "anforande_nummer": "33",
    "talare": "Annika Qarlsson (C)",
    "parti": "C",
    "anforandetext": "<p>Fru talman! Vi politiker har i uppdrag och som uppgift att väga olika intressen för och emot varandra, och att hitta någon form av balans som våra politiska parter kan stå för. Vi ska inte gå någon enskilds ärende. I det här fallet kan det många gånger upplevas som att det finns ett beställningsjobb som nu ska levereras, för en av parterna.</p><p>När vi gjorde hela den utredning som sedan resulterade i lex Laval var syftet att väga olika delar mot varandra och hitta någon form av kompromiss som följde den svenska modellen och som också tog hänsyn till att vi hade att förhålla oss till EU-rätten.</p><p>Politikens uppgift är inte att gå enskildas ärenden. Politikens uppgift är att sammanväga olika värden för att se till att skapa ett bra samhälle.</p><p>När Magnus Manhammar säger att man tycker att det är bra och att man därför gör så här, då har Magnus Manhammar inte tagit med någon del som berör resten av arbetsmarknaden, som berör rörligheten inom EU och som berör andra typer av frågor som också är av stor vikt. Det känns lite naivt.</p><p> STYLEREF Kantrubrik \\* MERGEFORMAT Nya utstationerings-regler</p><p>Återkommande sägs det: Jaja, det låter som att de andra inte fattar hur det funkar. Det är också ett sätt att slippa ta diskussionen.</p><p>I förslaget om lex Laval fanns det en möjlighet att följa upp och se till att göra sitt jobb och att granska att de löner som angavs också utbetalades. Kritiken mot att det inte har fungerat under dessa år faller mycket tillbaka på parterna som inte har sett till att fullfölja sitt ansvar att granska och kontrollera svensk arbetsmarknad.</p>",
    "intressent_id": "0962841101917",
    "rel_dok_id": "H401AU9",
    "replik": "Y",
    "systemdatum": "2017-05-16 16:12:46"
  }
}