﻿{
  "anforande": {
    "dok_hangar_id": "4702552",
    "dok_id": "H409100",
    "dok_titel": "Protokoll 2016/17:100 Onsdagen den 26 april",
    "dok_rm": "2016/17",
    "dok_nummer": "100",
    "dok_datum": "2017-04-26 00:00:00",
    "avsnittsrubrik": "Policyramverk för svenskt utvecklingssamarbete och humanitärt bistånd",
    "underrubrik": null,
    "kammaraktivitet": "ärendedebatt",
    "anforande_id": "61a891a8-413a-e711-9452-00262d0d0c40",
    "anforande_nummer": "112",
    "talare": "Margareta Cederfelt (M)",
    "parti": "M",
    "anforandetext": "<p>Herr ålderspresident! Då har jag fått <em>ett</em> svar om prioriteringar: konflikter, konfliktcirkeln, förbygga pågående konflikter och postkonflikter. Då hoppas jag att regeringen är överens om detta. Jag ser fram emot att höra vad också biståndsministern kommer att säga. Ni är visserligen partikollegor, men jag utgår från att biståndsministern talar för hela regeringen.</p><p>Jag beklagar att jag tyvärr inte hörde Maria Andersson Willner säga något om att konfliktcirkeln är prioriterad.</p><p>Men jag har en fråga som Pernilla Stålhammar kanske kan svara på: Finns det någon geografisk tanke i detta? Finns det någon tanke kring samarbetspartner när det gäller insatser för att minska konfliktspänningen? Finns det någon tanke på uppföljning? Jag saknar fortfarande de bitarna. Jag saknar fortfarande svar på om regeringen är överens om denna prioritering eller om det är Pernilla Stålhammars prioritering.</p>",
    "intressent_id": "0970259744617",
    "rel_dok_id": "H401UU11",
    "replik": "Y",
    "systemdatum": "2017-05-16 16:13:00"
  }
}