﻿{
  "anforande": {
    "dok_hangar_id": "4703370",
    "dok_id": "H409101",
    "dok_titel": "Protokoll 2016/17:101 Torsdagen den 27 april",
    "dok_rm": "2016/17",
    "dok_nummer": "101",
    "dok_datum": "2017-04-27 00:00:00",
    "avsnittsrubrik": "(forts. från § 11) Tillgång till betalkonto med grundläggande funktioner (forts. FiU33)",
    "underrubrik": null,
    "kammaraktivitet": null,
    "anforande_id": "3c7aecae-bb3b-e711-9452-00262d0d0c40",
    "anforande_nummer": "125",
    "talare": "Anette Åkesson (M)",
    "parti": "M",
    "anforandetext": "<p>Herr ålderspresident! Det är som sagt en viktig fråga, och många aktörer är involverade. Däremot vore det besynnerligt om vi bara en månad efter att vi hänvisade till Riksbanksutredningen skulle ändra oss på den punkten. Det hade varit mycket besynnerligt.</p><p>Men nu när Håkan Svenneling har begärt replik har jag ju chans att även ställa en fråga till Håkan Svenneling. Den gäller frågan om kontanthanteringen, som är mycket viktig. Det är vi alla överens om. Samtidigt vill Vänsterpartiet att bankerna ska få ett större åtagande. Vi vet alla att det är en viktig samhällsfunktion, och då är det kanske lite udda att Vänsterpartiet anser att bankerna ska få betalt och även göra vinster.</p><p>Jag tänkte fråga Håkan Svenneling: Hur har man tänkt när man vill att bankerna ska få ett större ansvar för en så samhällsviktig funktion som kontanthantering?</p>",
    "intressent_id": "0198031297912",
    "rel_dok_id": null,
    "replik": "Y",
    "systemdatum": "2017-05-18 13:19:08"
  }
}