﻿{
  "anforande": {
    "dok_hangar_id": "4702552",
    "dok_id": "H409100",
    "dok_titel": "Protokoll 2016/17:100 Onsdagen den 26 april",
    "dok_rm": "2016/17",
    "dok_nummer": "100",
    "dok_datum": "2017-04-26 00:00:00",
    "avsnittsrubrik": "Policyramverk för svenskt utvecklingssamarbete och humanitärt bistånd",
    "underrubrik": null,
    "kammaraktivitet": "ärendedebatt",
    "anforande_id": "5ea891a8-413a-e711-9452-00262d0d0c40",
    "anforande_nummer": "109",
    "talare": "Pernilla Stålhammar (MP)",
    "parti": "MP",
    "anforandetext": "<p>Herr ålderspresident! Nu vill jag ge mig direkt in debatten. Men jag ska hålla ett anförande först.</p><p>När vi stod här i kammaren för ett år sedan hade världen precis gått igenom en revolutionerande period för hållbar utveckling. Vi hade fått ett nytt bindande klimatavtal i Paris, 17 nya globala mål för hållbar utveckling och även en gemensam plan för hur det ska finansieras.</p><p>Mina vänner! Tillsammans har vi varit med om att skriva internationell politisk historia.</p><p>I dag befinner vi oss i en osäkrare värld, en farligare värld på många olika sätt. På bara ett år har Storbritannien bestämt sig för att lämna ett EU med existentiella bekymmer. USA har fått en ny och ganska oberäknelig president. Turkiet har tagit stora steg bort från demokratin. Man talar nu till och med om att återinföra dödsstraffet. Och Ryssland har bevisat sin förmåga att påverka den västerländska politiska agendan från grunden, genom att hacka sig in och påverka val i Europa.</p><p>Allt det här har tyvärr lett till att världens samlade vilja till bistånd och utvecklingssamarbete har börjat halta lite. Allt fler länder tycks vilja rikta in insatserna på kortsiktiga åtgärder som kan ge snabba inrikespolitiska poänger. Allt oftare ser vi tyvärr att man glider bort från utvecklingssamarbetets huvudsyfte - fattigdomsbekämpning och arbete för demokrati och mänskliga rättigheter.</p><p> STYLEREF Kantrubrik \\* MERGEFORMAT Policyramverk för svenskt utvecklings-samarbete och humanitärt bistånd</p><p>Vi ser att stora och viktiga biståndsgivare, som USA, nu vänder ryggen åt klimatet. Man stänger ned hemsidor. Man säger att klimathotet inte existerar. Man vänder sig mot jämställdheten, mänskliga rättigheter och kommande generationers framtid.</p><p>Vi ser att många av världens rikaste länder börjar skära ned på biståndet. Och man har börjat upphöra med viktiga stöd till FN-organen, det som vi verkligen tror på, det som är navet i vårt gemensamma fredssamarbete - ett fungerande FN och ett fungerande multilateralt system.</p><p>Kort sagt har vi sett många fatta beslut som inte har varit grundade i den forskning som vi har i ryggen när det gäller utvecklingssamarbetet. I stället har man grundat besluten på ideologiska övertygelser och hopp om kortsiktiga politiska vinster. Vi vet att ett långsiktigt utvecklingssamarbete som bygger på ett ägarskap med våra partnerländer är det som fungerar.</p><p>Herr ålderspresident! Därför ställer jag mig lite frågande till hur Alliansen resonerar. De har valt att reservera sig mot regeringens biståndspolitiska skrivelse och står fast vid att det är den biståndsplattform som de hade under sina åtta år vid regeringsmakten som ska gälla. Den var ganska omdiskuterad. Det finns en stor skillnad mellan hur den nuvarande regeringen ser på hur utvecklingssamarbete ska bedrivas och hur alliansregeringen såg på det.</p><p>Forskning har som sagt visat att man ska arbeta långsiktigt, att man ska ha lite större programstöd och ibland budgetstöd och att man inte ska gå tillbaka till projektifiering bara för att man tycker att man måste mäta exakt vad Sveriges pengar har gått till i det enskilda projektet. Utvecklingssamarbete är svårt. Det tar tid. Och man måste våga ta vissa risker. Därför är det viktigt att man håller fast vid givarsamordningen, långsiktigheten och sammansatta program och inte går in i en projektifiering, vilket jag skulle vilja säga att Alliansen ägnade sig åt i sin biståndsplattform.</p><p>Jag förstår inte hur Alliansen tänker när vi nu har haft den här revolutionerande tiden och när vi har ingått alla överenskommelser om klimatet i Paris och Agenda 2030. Det finns inte med i biståndsplattformen. Hur har Alliansen tänkt sig att det ska integreras? Och varför ska inte den plattform som man anser att en regering ska stödja sig på vara i linje med det som vi har beslutat om internationellt? Det är frågor som jag ställer mig i den här debatten.</p><p>Herr ålderspresident! Jag är glad och stolt över att regeringen nu lägger fram ett ramverk för det svenska biståndet, som vågar både gå i framkant och arbeta i motvind. I dag är det tyvärr ett faktum att biståndspolitik som vågar ta ställning för just det som världen enades om för bara två år sedan nu blir svårare och kämpigare.</p><p>Det är ett ramverk som i god svensk biståndstradition fokuserar på långsiktighet, transparens, lokalt ägarskap och givetvis på att alltid vara i framkant när det gäller arbetet med demokrati och mänskliga rättigheter. Det är ett bistånd som fokuserar på klimat, jämställdhet, konfliktförebyggande och fredsfrämjande arbete. Där är lite av det svar som jag vill ge till Margareta Cederfelt på föregående frågeställning.</p><p> STYLEREF Kantrubrik \\* MERGEFORMAT Policyramverk för svenskt utvecklings-samarbete och humanitärt bistånd</p><p>Det här är också ett biståndsramverk som ligger helt i linje med Agenda 2030, Parisavtalet och Addis Ababa Action Agenda. Och det behövs faktiskt. Världen utanför Europa står inte och väntar på oss. Kriget i Syrien har inte tagit slut. Konflikterna har inte lämnat Afghanistan, Kongo eller Mali. Och svältkatastrofen som har drabbat den afrikanska kontinenten, och som nu är värre än någonsin, kommer inte att bli den sista.</p><p>Vi förutsätter att det ihärdiga arbetet med att minska fattigdomen och fördela våra resurser på ett mer rättvist sätt ska fortsätta.</p><p>Klimatet kommer inte att bli gynnsammare för oss människor bara för att vi låtsas som att det inte förändras.</p><p>Kvinnor, barn och utsatta minoriteter får det inte bättre bara för att tekniken utvecklas och för att tillväxten i ett land ökar. Vi behöver hela tiden påminna oss om att demokrati är någonting som man såväl här i Sverige som i det internationella samfundet behöver arbeta taktiskt och stadigt för att få och för att bevara när man har det.</p><p>Mina vänner! Allt detta gör den nuvarande regeringen. Och genom den här biståndsstrategin slår vi nu fast ett framåtsyftande bistånd som vågar ta ställning.</p><p>Jag yrkar bifall till utrikesutskottets förslag i betänkandet och avslag på reservationerna.</p><p>(Applåder)</p>",
    "intressent_id": "0704744533715",
    "rel_dok_id": "H401UU11",
    "replik": "N",
    "systemdatum": "2017-05-16 16:13:00"
  }
}