﻿{
  "anforande": {
    "dok_hangar_id": "4703370",
    "dok_id": "H409101",
    "dok_titel": "Protokoll 2016/17:101 Torsdagen den 27 april",
    "dok_rm": "2016/17",
    "dok_nummer": "101",
    "dok_datum": "2017-04-27 00:00:00",
    "avsnittsrubrik": "Medborgarskap, Migration och asylpolitik, Anhöriginvandring och Arbetskraftsinvandring",
    "underrubrik": null,
    "kammaraktivitet": "ärendedebatt",
    "anforande_id": "c679ecae-bb3b-e711-9452-00262d0d0c40",
    "anforande_nummer": "14",
    "talare": "Maria Ferm (MP)",
    "parti": "MP",
    "anforandetext": "<p>Fru ålderspresident! Det här är en fråga som är jätteviktig. Det är oerhört viktigt att Sverige har ett öppet arbetskraftsinvandringssystem som fungerar väl, där handläggningstiderna är korta och där människor som får erbjudande om arbete med lika goda villkor som andra som arbetar i Sverige också kan komma hit och bidra till samhället. Det är någonting som är positivt för Sveriges ekonomi och för den enskilde person som får en möjlighet. Det är också någonting som historiskt har bidragit till att bygga vårt land och kommer att fortsätta göra det. Då är det såklart viktigt att vi undanröjer eventuella hinder som drabbar den enskilde på ett orimligt sätt och för den delen undanröjer hinder för företagen att snabbt kunna få hit arbetskraft som de har behov av.</p><p>Jag skulle vilja säga att Johan Forssell målar upp en konflikt som inte riktigt finns. Vi var överens i utskottet i höstas om att vi ska komma till rätta med de här problemen. Vi har också varit tydliga med att vi dels bereder förslag på Regeringskansliet som handlar om den utredning som kom i december, dels kommer att gå vidare med en utredning för att komma till rätta med de situationer som Johan Forssell tar upp, där enskilda personer drabbas för att arbetsgivaren har begått smärre fel som sedan upptäcks vid efterkontrollerna. Det är klart att det här är någonting som vi behöver rätta till.</p><p></p><p>Den vanliga ordningen är inte att förslag blir verklighet bara för att man röstar igenom någon motion i riksdagen, utan man måste göra ett gediget beredningsarbete genom att utreda frågan. Här är det många avvägningar som behöver göras. Det gäller att hitta ett system som kan lösa detta men som samtidigt inte kan missbrukas. Det är precis det vi planerar att göra. Jag hoppas verkligen att det kommer på plats så snart som möjligt, för det här är en jätteviktig fråga.</p>",
    "intressent_id": "0462699892622",
    "rel_dok_id": "H401SfU14, H401SfU15, H401SfU16, H401SfU17",
    "replik": "Y",
    "systemdatum": "2017-05-18 13:18:53"
  }
}