﻿{
  "anforande": {
    "dok_hangar_id": "4702552",
    "dok_id": "H409100",
    "dok_titel": "Protokoll 2016/17:100 Onsdagen den 26 april",
    "dok_rm": "2016/17",
    "dok_nummer": "100",
    "dok_datum": "2017-04-26 00:00:00",
    "avsnittsrubrik": "Bostadspolitik och Planering och byggande",
    "underrubrik": null,
    "kammaraktivitet": "ärendedebatt",
    "anforande_id": "4ca891a8-413a-e711-9452-00262d0d0c40",
    "anforande_nummer": "96",
    "talare": "Nooshi Dadgostar (V)",
    "parti": "V",
    "anforandetext": "<p>Fru ålderspresident! Vi debatterar i dag betänkandena CU14 och CU15, <em>Bostadspolitik</em> och <em>Planering och byggande</em>. Jag står naturligtvis bakom samtliga Vänsterpartiets motioner, men för tids vinning yrkar jag bifall bara till reservation 4 i CU14 och reservation 18 i CU15.</p><p>Det var länge sedan det byggdes så här många bostäder. Nu behöver vi bara se till att det håller i sig över tid, mina vänner! Vi kommer att behöva bygga många fler hyresrätter som folk faktiskt har råd med. Vi kan inte fortsätta att ha hyres- och prisnivåer som inte hänger ihop med människors löneutveckling.</p><p>Jag minns själv den frihetskänsla det innebar att sätta nyckeln i låset på min alldeles egna lägenhet - att få starta sitt nya, vuxna liv, dessutom i en helt ny och spännande stad. Jag var 21 år gammal. Men för allt fler blir det en flytt som kommer allt senare i livet, kanske när de är 25 eller rent av 30. Det var visserligen inte helt smärtfritt för mig att få ett förstahandskontrakt, men i dag är det ännu svårare. Andrahandshyrorna är ofta alldeles för höga, och man orkar knappast betala de bostadspriser som i dag erbjuds. Vi tycker att varje kille och tjej ska kunna känna den där friheten att sätta nyckeln i låset till ett helt självständigt liv. Vi kommer därför att arbeta för att fler hyresrätter byggs i alla svenska kommuner.</p><p> STYLEREF Kantrubrik \\* MERGEFORMAT Bostadspolitik och Planering och byggande</p><p>Trots att vi bygger stora mängder bostäder nu är Vänsterpartiet mycket noga med att vi ska ha regelverk som förhindrar att kortsiktig vinstmaximering i byggandet leder till dåligt materialval och tekniska lösningar som inte är hållbara. Ett byggande som bara ser snyggt ut men inte håller måttet blir på sikt ett jätteproblem för våra städer. Då kommer vi att behöva stå här om 10-15 år och behöva genomföra stora renoveringar. Därför måste kvaliteten upprätthållas och hårda krav ställas.</p><p>För att få fram fler hyresrätter krävs också ett ökat stöd för byggande av hyresrätter och att skillnaden i skattevillkor och finansieringsvillkor mellan upplåtelseformerna utjämnas - det är inte långsiktigt hållbart att vi bara subventionerar privatbostäder och inte hyresrätter. Det ska inte vara staten utan varje enskild person som ska få välja hur hen vill bo. Därför behöver villkoren vara lika. Det kan inte, som i dag, skilja 4 000 kronor i månaden mellan en nyproducerad bostadsrätt och en hyresrätt. För Vänsterpartiet är detta den enskilt viktigaste frågan när det gäller att få fram fler bra bostäder till överkomliga hyror.</p><p>Det är bra att regeringens målsättning nu är att hälften av nyproduktionen ska vara hyresrätter. Det gör arbetet med ytterligare stöd till byggande av hyresrätter än mer angeläget. Vi ser naturligtvis fram emot den utredning om förmånliga statliga lån till byggande som kommer i höst och det stora bostadspaket som regeringen och Vänsterpartiet lagt fram och som i huvudsak innehåller resurser som riktas mot byggande av hyresrätter och renovering av hyresrätter. Det är ett litet steg för få mer jämlika villkor mellan upplåtelseformerna.</p><p>Investeringsstödet kommer att möjliggöra för många fler 20-åringar att flytta hemifrån. Vi är därför måna om att gå vidare och ytterligare satsa på byggandet av hyresrätter.</p><p>Hundratals sökande av investeringsstödet kommer nu därför att bygga hyresrätter med lägre hyror. Det pressar ned hyrorna på hela marknaden.</p><p>Fru talman! Före dagens debatt ägnade jag mig åt att gå igenom den utvärdering som har gjorts av den typ av investeringsstöd som vi har i dag. Den var ganska tydlig. I utvärderingen sägs det att investeringsstödet har god träffsäkerhet. Nu citerar jag: Investeringsstöden har haft effekt på såväl omfattningen och inriktningen på bostadsbyggandet som på hyresnivåerna.</p><p>Det står att investeringsstimulansen har styrt mot små och medelstora lägenheter. Det skulle man kunna ha synpunkter på. I utvärderingen slår man fast att hyresnivåerna har blivit märkbart lägre än de annars skulle ha varit, vilket enligt dokumentet har gjort att personer med ordinära inkomster kan efterfråga dessa hyresrätter.</p><p>Trots att investeringsstöden naturligtvis inte ställer krav på något sådant kunde man i utvärderingen se att de som har flyttat in i bostäderna i förhållandevis hög grad har varit hushåll med en relativt svag ställning på bostadsmarknaden. Det är ensamföräldrar, unga hushåll, enboende och hushåll med låga inkomster.</p><p> STYLEREF Kantrubrik \\* MERGEFORMAT Bostadspolitik och Planering och byggande</p><p>En effekt av investeringsstödet blev också att länsstyrelsernas granskning av samhällskraven enligt plan- och bygglagen har haft en positiv effekt på kvaliteten i nyproduktionen.</p><p>När det gäller stödet till studentbostäder noterades det i utvärderingen att det kraftigt ökande byggandet av studentbostäder var en direkt följd av stödet till studentbostäder.</p><p>Ungefär två tredjedelar av hyresrätterna hade aldrig byggts utan investeringsstödet. Nästan alla byggherrar svarar att de aldrig genomfört byggprojekten om det inte vore för investeringsstimulanserna.</p><p>Stödet lockade även fram fler aktörer som startade byggprojekt som aldrig blivit av utan stimulanserna. Andelen privata byggherrar var mycket hög bland dem som sökt investeringsstöd till hyresbostäder. Stödet lockade även fram nya byggherrar, och konkurrensens ökade - den bedömningen görs i utvärderingen. Intresset för att bygga hyresbostäder för hushåll med vanliga inkomster ökade generellt på marknaden.</p><p>Nu är det mängder av aktörer som har sökt nuvarande investeringsstöd. Det som gör mig bekymrad, fru talman, är att det finns partier i riksdagen som är så intresserade av att vi inte ska bygga billiga hyresrätter att de helt vill utradera satsningen på nyproduktion av hyresrätter. Jag skulle vilja säga att det är en ganska elak gest mot de närmare 400 000 unga människor som inte vill annat än att få ett förstahandskontrakt.</p><p>Vad säger de borgerliga partierna till de privata byggherrar som ska bygga nya billiga hyresrätter i Linköping, i Kalmar eller i Lidköping? Hur kan det finnas partier som på allvar vill ta ifrån unga människor möjligheten att flytta hemifrån till nya hyresrätter med rimliga hyror på platser som Karlskrona, Mora, Hudiksvall, Jönköping, Västervik, Gotland, Lund, Malmö, Tyresö, Katrineholm, Skellefteå, Umeå, Göteborg, Västerås, Sundsvall?</p><p>Fru talman! Jag kan inte fortsätta med listan över dem som har sökt, för då skulle jag behöva stå här hela kvällen.</p><p>Jag läste en artikel om Josefine Andersson och hennes sambo, som har flyttat in i en sprillans ny trea i Ulricehamn, som byggts med stöd av investeringsstödet. Hon uttrycker att hon är jätteglad över att hyran är relativt okej trots att det är nyproduktion.</p><p>Martin Gunnardo, som är både delägare och projektledare i fråga om bygget som Josefine nu bor i, säger att det finns ett tydligt värde i stödet. Genom att kunna hyra ut nyproducerade lägenheter till relativt låga hyror har de lyckats få en mix av människor i husen som annars hade varit svår att uppnå.</p><p>Han säger: I och med stödet kan vi hålla hyrorna nere. Det ger människor som annars skulle ha svårt att ta sig in på bostadsmarknaden en chans. Vi ser allt från det nykära paret, som har sin första lägenhet, till den ensamma pensionären, som har sålt sitt hus.</p><p>Investeringsstödet gör det möjligt för 20-åringar, 22-åringar och 75åringar att sätta nyckeln i låset och öppna en dörr till en bostad de kan kalla sin egen. Jag hoppas att vi gemensamt ska arbeta för att ännu fler ska kunna göra samma sak, inte färre.</p><p> STYLEREF Kantrubrik \\* MERGEFORMAT Bostadspolitik och Planering och byggande</p><p>Jag är också glad över att Boverket nu har fått i uppdrag att titta på hur det ser ut med de inkomstkrav som hyresvärdarna ställer på nya hyresgäster. Det är bra att utskottet uttrycker att dessa krav sätter orimligt och onödigt höga hinder i vägen för bostadssökande som vill få ett förstahandskontrakt eller, för den delen, för en person som till exempel vill byta till ett mindre och mer anpassat boende.</p><p>Vänsterpartiet föreslår också att det arbete mot segregation som regeringen just nu bedriver ska utökas. Segregationen är en ekonomisk fråga, men det är också en gestaltningsfråga. En del handlar om att skapa jämlikhet i samhället, att alla ska ha löner som det går att leva på, att ett lika stort samhällsstöd ska ges till både hyrt och ägt boende och att välfärden ska fungera lika bra i alla bostadsområden. Men det kan också ha att göra med hur vi bygger våra städer. Områden som helt saknar hyresrätter riskerar att fungera utestängande för många människor. En innerstad helt utan prisvärda hyresrätter gör att den nästan bara blir en besöksplats för många, inte en plats där man skulle kunna bo. Vi tycker att det är fel. Bostadspolitiken ska jobba för att öppna fler dörrar, inte stänga dem.</p><p>Vi är därför glada över att regeringen nu ska arbeta för att förhindra utestängning och gentrifiering i stadsrummet. Dessutom kommer regeringen, som vi har föreslagit, att titta på hur vi skapar goda boende- och utomhusmiljöer. På en bostadsmarknad som drivs av vinstmaximering och snabba pengar är det oerhört viktigt att kvalitet, hög standard och långsiktig hållbarhet inte sätts på undantag.</p><p>Vi är dock missnöjda över att vi inte har fått gehör för vårt krav om bostadsförmedling i våra kommuner för att bostadssökande ska slippa springa runt, stå i flera köer, ta reda på vilka hyresvärdar som finns på orten och ha kontakter. Det hade varit mycket lättare att samla allt på en och samma plats. Det skulle bli mycket lättare att finna den lägenhet som blir ledig. Diskriminering och svarthandel med hyreskontrakt skulle kunna utraderas helt.</p><p>Vänsterpartiet tycker att alla kommuner skulle behöva ha ett allmännyttigt bostadsbolag. Utan ett allmännyttigt bostadsbolag riskerar bostadsförsörjningsansvaret att bli en pappersprodukt.</p><p>Vidare har vi sagt att vi skulle vilja ge våra folkvalda mycket större utrymme att ställa krav på centrumanläggningar i våra städer. De ska vara snygga och fräscha och fungera som den samlingspunkt för medborgarna som de bör fungera som. De centrala delarna i våra städer och stadsdelar är viktiga. De är demokratiska samlingspunkter. Där finns ofta viktig offentlig service, samlingslokaler och butiker. Ibland är centrumanläggningarna privatiserade och nedgångna. Vi menar att kommunpolitiker i det läget ska kunna få verktygen att ställa krav på en sådan aktör, så att folk kan få ett bra centrum.</p>",
    "intressent_id": "0721509806321",
    "rel_dok_id": "H401CU14, H401CU15",
    "replik": "N",
    "systemdatum": "2017-05-16 16:12:54"
  }
}