﻿{
  "anforande": {
    "dok_hangar_id": "4702552",
    "dok_id": "H409100",
    "dok_titel": "Protokoll 2016/17:100 Onsdagen den 26 april",
    "dok_rm": "2016/17",
    "dok_nummer": "100",
    "dok_datum": "2017-04-26 00:00:00",
    "avsnittsrubrik": "Bostadspolitik och Planering och byggande",
    "underrubrik": null,
    "kammaraktivitet": "ärendedebatt",
    "anforande_id": "4ba891a8-413a-e711-9452-00262d0d0c40",
    "anforande_nummer": "95",
    "talare": "Ola Johansson (C)",
    "parti": "C",
    "anforandetext": "<p>Fru ålderspresident! Att följa lagen är inget man ska uppmuntra genom att betala pengar. Det är som om man skulle betala en tjuv för att vederbörande inte ska stjäla. Det är en märklig logik som i så fall används.</p><p>I Stockholms län är det tolv kommuner som har erhållit byggbonus. Jag har också noterat att det finns en blandning av kommuner, men den absoluta majoriteten och de stora summorna hamnar i de stora kommunerna - i tillväxtkommuner och kommuner där man redan från början har ambitionen att ha bostadsförsörjningsprogram och översiktsplaner. Där måste man ha det eftersom man redan tidigare har haft planer på att bygga och expandera. Det kan ha många olika skäl. Läget kan innebära att man har förväntningar på en ökad inflyttning. Det gör att kommuner har tagit fram den här typen av planer. </p><p>Men om ambitionen är att små kommuner som inte har dessa förutsättningar och som har en tuff belastning med många nyanlända samtidigt som man inte har fördelen att kunna dra till sig den kunskap och kompetens som det innebär att ha planarkitekter anställda ska få del av dessa miljarder menar jag att även detta stöd är missriktat. I stället för att skapa bättre förutsättningar för bostadsbyggande i hela landet bidrar det till att öka klyvningen, eftersom man skiljer mellan kommuner som har och kommuner som inte har. Den klyvningen vill jag att Sverige ska komma till rätta med. Detta är ett mycket tydligt budskap i Centerpartiets budgetmotion, som presenterades i dag.</p>",
    "intressent_id": "0934639939611",
    "rel_dok_id": "H401CU14, H401CU15",
    "replik": "Y",
    "systemdatum": "2017-05-16 16:12:54"
  }
}