﻿{
  "anforande": {
    "dok_hangar_id": "4702552",
    "dok_id": "H409100",
    "dok_titel": "Protokoll 2016/17:100 Onsdagen den 26 april",
    "dok_rm": "2016/17",
    "dok_nummer": "100",
    "dok_datum": "2017-04-26 00:00:00",
    "avsnittsrubrik": "Bostadspolitik och Planering och byggande",
    "underrubrik": null,
    "kammaraktivitet": "ärendedebatt",
    "anforande_id": "42a891a8-413a-e711-9452-00262d0d0c40",
    "anforande_nummer": "86",
    "talare": "Roger Hedlund (SD)",
    "parti": "SD",
    "anforandetext": "<p>Fru ålderspresident! Tack, Ola Johansson, för dina frågor om vår bostadspolitik! Som jag nämnde tidigare har vi diskuterat flera av frågorna i de här betänkandena i tidigare debatter. Att diskutera dem en gång till kändes lite irrelevant i det här läget.</p><p>Därför valde vi att i stället lyfta fram nya frågor i betänkandet, till exempel att kommuner tvingas ge förtur till nyanlända invandrare. Det är någonting som Ola Johansson verkar tycka är ett väldigt bra förslag men som skulle sätta käppar i hjulen för alla andra som väntar på en bostad och en möjlighet att ta ett jobb och flytta hemifrån.</p><p>Gällande besked om Sverigedemokraternas bostadspolitik tycker jag att vi har gett ganska mycket av det. Det är svårt att här på kanske två minuter lägga fram alla förslagen på ett bräde.</p><p>Däremot skulle det vara intressant att höra från Ola Johanssons sida, fru ålderspresident, hur man tänkte när det gällde framförhållningen innan man skapade denna bostadskris. I och med den extremt höga invandringen till Sverige kanske man i första hand hade kunnat titta på om det fanns bostäder till alla dessa nyanlända invandrare innan man skapade möjligheten att komma till Sverige. Var var framförhållningen på det området? Det är en fråga som jag har ställt många gånger i den här kammaren men aldrig fått något riktigt konkret svar på. Framförhållning är oerhört viktig, framför allt på det bostadspolitiska området.</p><p>När det gäller detaljplaner som har gått ut och att man vill kunna gå in och göra förändringar efter detaljplanens utgång menar vi att det är viktigt att man från början planerar att inte gå in och dutta i en detaljplan i ett senare skede. Det är viktigt att man har den breda överblicken över hur man planerar samhället i stället för att i efterhand låta en annan instans gå in och styra.</p>",
    "intressent_id": "0773497241728",
    "rel_dok_id": "H401CU14, H401CU15",
    "replik": "Y",
    "systemdatum": "2017-05-16 16:12:54"
  }
}