﻿{
  "anforande": {
    "dok_hangar_id": "4703370",
    "dok_id": "H409101",
    "dok_titel": "Protokoll 2016/17:101 Torsdagen den 27 april",
    "dok_rm": "2016/17",
    "dok_nummer": "101",
    "dok_datum": "2017-04-27 00:00:00",
    "avsnittsrubrik": "Skogspolitik",
    "underrubrik": null,
    "kammaraktivitet": "ärendedebatt",
    "anforande_id": "8f7aecae-bb3b-e711-9452-00262d0d0c40",
    "anforande_nummer": "206",
    "talare": "Stina Bergström (MP)",
    "parti": "MP",
    "anforandetext": "<p>Fru ålderspresident! Det var en intressant reflektion om en snål skogsägare. Det är väl inte så vi brukar diskutera. Debatten om det hyggesfria skogsbruket handlar mer om att det skulle vara svårare, krångligare och kosta mer. </p><p>Jag håller inte riktigt med om verklighetsbeskrivningen att det skulle vara snåla skogsägare som ägnar sig åt hyggesfria skogsbruksmetoder. Jag tror inte det. De skogsägare jag möter vill ägna sig åt en modern form av skogsbruk. De vill inte ägna sig åt trakthyggesbruk eftersom de har många andra intressen i skogen.</p><p>Jag nämnde i mitt anförande att rådgivning är bra. Det ägnar sig Skogsstyrelsen åt redan i dag, men den behöver utökas och skärpas. Man behöver ägna sig åt metodutveckling. De statliga bolagen kan göra en hel del av den utvecklingen. Skogsstyrelsen skulle kunna ge ett slags omställningsstöd till skogsägare som vill gå över från trakthyggesbruk till hyggesfritt skogsbruk, precis som när man går över från konventionellt jordbruk till ekologiskt jordbruk.</p><p>Tycker Vänsterpartiet att det är en bra idé?</p>",
    "intressent_id": "0401968752713",
    "rel_dok_id": "H401MJU13",
    "replik": "Y",
    "systemdatum": "2017-05-18 13:19:12"
  }
}