﻿{
  "anforande": {
    "dok_hangar_id": "4703370",
    "dok_id": "H409101",
    "dok_titel": "Protokoll 2016/17:101 Torsdagen den 27 april",
    "dok_rm": "2016/17",
    "dok_nummer": "101",
    "dok_datum": "2017-04-27 00:00:00",
    "avsnittsrubrik": "Frågestund",
    "underrubrik": "Livsmedelsstrategins mål",
    "kammaraktivitet": "frågestund",
    "anforande_id": "eb79ecae-bb3b-e711-9452-00262d0d0c40",
    "anforande_nummer": "49",
    "talare": "Statsrådet Sven-Erik Bucht (S)",
    "parti": "S",
    "anforandetext": "<p>Fru talman! Tack, Lars Tysklind, för frågan! </p><p>Konsumenterna efterfrågar väldigt mycket ekologiska produkter. Vi hade två år i följd närapå 40 procents ökning, och det senaste året hade vi 18 procents ökning. Vi är i Sverige långt ifrån självförsörjande på livsmedel totalt sett. Vi har knappt en 50-procentig försörjningsgrad, och inom ekologiskt saknar vi mycket produktion.</p><p>Den här regeringen vill ju svara upp mot den efterfrågan som konsumenter har, inte minst när det gäller det ekologiska. Totalt sett handlar ju livsmedelsstrategin om att öka produktionen av livsmedel. </p><p>Vår befolkning ökar, och efterfrågan ökar. Det behövs inte mindre livsmedel utan mer. Den här regeringen vill - och jag vet att oppositionen också vill det - att livsmedel produceras mer på svensk landsbygd, både konventionellt och ekologiskt.</p>",
    "intressent_id": "0781357446917",
    "rel_dok_id": "H4C120170427fs",
    "replik": "N",
    "systemdatum": "2017-05-18 13:18:57"
  }
}