﻿{
  "anforande": {
    "dok_hangar_id": "4546972",
    "dok_id": "H40910",
    "dok_titel": "Protokoll 2016/17:10 Onsdagen den 28 september",
    "dok_rm": "2016/17",
    "dok_nummer": "10",
    "dok_datum": "2016-09-28 00:00:00",
    "avsnittsrubrik": "Regional anpassning av arbetsmarknadsutbildning",
    "underrubrik": null,
    "kammaraktivitet": "ärendedebatt",
    "anforande_id": "0ad5f233-e195-e611-9441-00262d0d7125",
    "anforande_nummer": "3",
    "talare": "Raimo Pärssinen (S)",
    "parti": "S",
    "anforandetext": "<p>Herr talman! Låt mig först yrka bifall till utskottets förslag.</p><p>Riksrevisionen har under sin granskning identifierat problem och utifrån detta lämnat rekommendationer och förslag till regeringen och Arbetsförmedlingen. I regeringens skrivelse kan vi läsa att regeringen håller med om många av Riksrevisionens påpekanden.</p><p>En aktiv arbetsmarknadspolitik, där arbetsmarknadsutbildningar ingår som ett viktigt inslag, är en förutsättning för att man ska kunna uppnå regeringens mål om att minska arbetslösheten och öka sysselsättningen. Vi i utskottsmajoriteten anser likt regeringen att det är viktigt att de insatser som görs är både träffsäkra och kostnadseffektiva. Därför är det angeläget att arbetsmarknadsutbildningar riktas till dem som bedöms ha störst nytta av insatsen.</p><p>Låt mig påminna, innan vi går vidare, om hur det såg ut när vi lämnade ifrån oss regeringsmakten 2006. Då hade man ett resultat på 70 procent som gick till arbete efter arbetsmarknadsutbildning. Det var ett gott resultat. Sedan skar den dåvarande borgerliga, moderatledda regeringen ned kraftigt på utbildningarna. Resultatet sjönk drastiskt, ända ned till 30 procent. Detta gjordes, tyvärr, för att den dåvarande arbetsmarknadsministern Sven-Otto Littorin sa att det var marknaden som skulle sköta detta. Det var försämringar av regelverk, försämringar av resurser och ett svalt intresse för arbetsmarknaden. </p><p> STYLEREF Kantrubrik \\* MERGEFORMAT Regional anpassning av arbetsmarknads-utbildning</p><p>Nu har vår regering, den socialdemokratiskt ledda regeringen, påbörjat ett reformarbete som ger Arbetsförmedlingen större möjligheter att klara sitt uppdrag. Nu har trenden faktiskt vänt. Den senaste siffran är nu på 45 procent och ökande.</p><p>Under Alliansens tid i regeringsställning - under den kritik och det tryck som var mot Arbetsförmedlingen och som ledde till att generaldirektören och arbetsmarknadsministern fick avgå - började man trycka in folk i arbetsmarknadsutbildningar fast man visste att de inte hade särskilt stora förutsättningar att klara dem. Man började räkna pinnar, som man sa. Det ledde till ännu sämre resultat.</p><p>Vad gör man nu då? Nu har vår regering genomfört ett antal åtgärder för att förändra styrningen av Arbetsförmedlingen, via regleringsbreven för budgetåren 2015-2016, som innebär mindre detaljerad styrning och tydligare fokus på resultat. Även Statskontoret konstaterar i sin rapport att den minskade detaljstyrningen och ökade delegeringen gör att det går i rätt riktning.</p><p>För att bidra till en effektivare arbetsmarknadspolitik har regeringen förenklat och förtydligat regelverket, förbättrat förutsättningar för lokal samverkan och infört ökade möjligheter för arbetslösa att kombinera arbete med utbildning. All denna omläggning syftar till att förbättra matchningen. Det pågår också ett stort arbete inom Arbetsförmedlingen med att möta arbetsgivarnas behov.</p><p>Som ni har önskat har regeringen den 22 juni i år beslutat om att tillsätta en utredning för en bred översyn av det statliga åtagandet och Arbetsförmedlingens uppdrag.</p><p>Herr talman! Dagens och framtidens arbetsmarknadsutbildningar är viktiga komponenter för att få en bra matchning till lediga jobb. Arbetsförmedlingens samarbete med arbetsgivarna ska stärkas för att man ska kunna uppfylla matchningen på ett bra sätt. Detta arbete följs noga av regeringen. Det är jättebra, och det är jättebra att det också finns ett stort intresse från vår sida när det gäller detta.</p><p>Vi tror på en aktiv arbetsmarknadspolitik. Den förra regeringens ointresse och passivitet sänkte tyvärr Arbetsförmedlingens förtroende och resultat. Detta håller nu vår regering på att vända med relevant politik. Inom Arbetsförmedlingen pågår också det stora interna arbete som kallas för Förnyelseresan. Det bådar gott. Riktningen går framåt till det bättre.</p>",
    "intressent_id": "0113077554312",
    "rel_dok_id": "H401AU3",
    "replik": "N",
    "systemdatum": "2016-10-19 11:49:04"
  }
}