﻿{
  "anforande": {
    "dok_hangar_id": "4703370",
    "dok_id": "H409101",
    "dok_titel": "Protokoll 2016/17:101 Torsdagen den 27 april",
    "dok_rm": "2016/17",
    "dok_nummer": "101",
    "dok_datum": "2017-04-27 00:00:00",
    "avsnittsrubrik": "Frågestund",
    "underrubrik": "Livsmedelsstrategins mål",
    "kammaraktivitet": "frågestund",
    "anforande_id": "ed79ecae-bb3b-e711-9452-00262d0d0c40",
    "anforande_nummer": "51",
    "talare": "Statsrådet Sven-Erik Bucht (S)",
    "parti": "S",
    "anforandetext": "<p></p><p>Fru talman! I det landsbygdsprogram som alliansregeringen hade förhandlat fram, som ännu inte var riktigt i mål, hade man avsatt ungefär 400 miljoner för att stimulera ekologisk produktion. Står inte Lars Tysklind bakom det som då överlämnades?</p><p>Sedan har vi i denna regering sett att det inte räckte. Vi har fått utöka det för att det ska kunna motsvara konsumenternas efterfrågan. Jag är lite förvånad över att man nu har svängt i den frågan.</p>",
    "intressent_id": "0781357446917",
    "rel_dok_id": "H4C120170427fs",
    "replik": "N",
    "systemdatum": "2017-05-18 13:18:57"
  }
}