﻿{
  "anforande": {
    "dok_hangar_id": "4702552",
    "dok_id": "H409100",
    "dok_titel": "Protokoll 2016/17:100 Onsdagen den 26 april",
    "dok_rm": "2016/17",
    "dok_nummer": "100",
    "dok_datum": "2017-04-26 00:00:00",
    "avsnittsrubrik": "Straffskalorna för vissa allvarliga våldsbrott",
    "underrubrik": null,
    "kammaraktivitet": "ärendedebatt",
    "anforande_id": "26a891a8-413a-e711-9452-00262d0d0c40",
    "anforande_nummer": "60",
    "talare": "Anti Avsan (M)",
    "parti": "M",
    "anforandetext": "<p>Fru ålderspresident! Jag yrkar bifall till justitieutskottets förslag. Det är glädjande men inte alls förvånande att vi har en ökad samsyn i dessa frågor. </p><p>Den som påstår att toleransen mot våld inte har minskat i samhället vet inte vad han eller hon pratar om. Det finns flera olika skäl till att toleransen har minskat. I någon mån handlar det om medierapportering och så vidare. En del kriminologer menar att det skulle vara skälet till att människor inte tolererar våld i större omfattning och att våldet inte har ökat. </p><p>Nej, våldet har inte ökat, och just det är ett skäl till att toleransen mot våld har minskat. Människor tycker inte att våld är ett sätt att lösa problem mellan människor i civiliserade samhällen.</p><p>Urbaniseringen ökar i hela världen. Människor bor tätare och alltmer nära inpå varandra, men ändå minskar våldsbrottsligheten.</p><p>Det finns därför skäl att markera särskilt tydligt för dem som inte har fattat signalen att när människor bor nära tillsammans kan man inte förgripa sig på andra människor och ta sig rätten att stympa och döda människor.</p><p>Det handlar om respekt. Det är kanske det mest felanvända ordet i dag. Vad är respekt egentligen? Jo, det är tolerans. Respekt betyder att man tolererar andra människor, inte att man av olika skäl och av egoistiska intressen påtvingar andra människor sin uppfattning.</p><p>Detta är fortsättningen på det arbete som påbörjades under en alliansregering och som ledde till den första reformen beträffande brottens straffvärde. Precis som Lawen Redar redogjorde för var det fråga om att hantera det konkreta straffvärdet, nämligen de olika omständigheter som ska göra att man ser allvarligare på brott. Mycket riktigt fick det genomslag när det gällde grov misshandel men i övrigt inte. Det har också påpekats i domar från Högsta domstolen att det var svårt att tillämpa reformen på det sättet.</p><p>Det naturliga är då att göra det på detta sätt i stället. Det här är resultatet av den utredning som tillsattes av alliansregeringen i mars 2013. Det ska ge konkreta effekter genom att lagstiftaren bestämmer det abstrakta straffvärdet av olika brott, och det finns skäl att höja de abstrakta straffvärdena eftersom människor ser allvarligare än tidigare på denna typ av brott. Toleransen mot brottslighet, framför allt allvarlig våldsbrottslighet, har minskat högst väsentligt.</p><p> STYLEREF Kantrubrik \\* MERGEFORMAT Straffskalorna för vissa allvarliga våldsbrott</p><p>Det finns i många länder fortfarande en syn på till exempel barnuppfostran där misshandel till och med är en skyldighet. Jag har träffat personer som har stått åtalade i domstol och dömts för den felaktiga uppfattningen att misshandel, till och med allvarlig misshandel, skulle vara en naturlig del i uppfostran.</p><p>I Sverige, vill jag påstå, finns detta inte längre. Det kan finnas bland vissa personer som inte förstår hur man ska hantera andra människor och hur man lämpligen bör uppföra sig. Men det är inte ursäktligt i något fall, även om man har en felaktig uppfattning.</p><p>Vänsterpartiets stora problem är relativismen i olika frågor. Man kopplar ihop det med till exempel välstånd och fattigdom, men faktum är att de människor i detta samhälle som är mest drabbade av otrygghet och som också har lägst säkerhet är de som lever i områden som är utsatta för allvarlig brottslighet. Resonemangen håller inte.</p><p>Jag ska bara kortfattat, innan jag kommenterar detta ytterligare, säga att vi bara yrkar bifall till propositionen som sådan. Om man ska titta på straffskalor i övrigt ska man göra det i ett större sammanhang.</p><p>När det gäller fridskränkningsbrotten var det första gången man höjde minimistraffet till nio månader, som är udda i rättsliga sammanhang. Svårigheten är att fridskränkningsbrotten är så kallad konkurrenslagstiftning, det vill säga brott som är sammansatta av andra brott.</p><p>Normalt fordras det tre olika gärningar, men det finns avgöranden där det i en återfallssituation har räckt med två gärningar när de varit riktade mot samma målsägande under prövotid efter tidigare straff. Det innebär att om man får för hög nivå på minimistraffen stämmer inte principen om proportionalitet och ekvivalens längre. Man måste se detta i ett sammanhang. Till exempel kan brott mot kontaktförbud vid två tillfällen konstituera grov kvinnofridskränkning eller grov fridskränkning.</p><p>Samma sak gäller Sverigedemokraternas förslag att på millimeternivå justera straffskalorna för vissa brott. Adam Marttinen var motsägelsefull då han förordade en större översyn, men han trampade sig ändå på foten i slutet.</p><p>Man måste titta på detta. Som exempel kan jag nämna misshandel. Där har vi överlappande straffskalor precis som vid stöld. Varför har man det? Jo, skälet är att en misshandel som inte kan anses som grov kan vara väldigt klandervärd. Då ska man kunna gå över minimistraffet för grov misshandel, och därför slutar straffskalan för vanlig misshandel på fängelse i två år. Med detta förslag blir det i alla fall sex månaders överlappning, och det är rimligt. I annat fall skulle man inte kunna hantera de väldigt klandervärda fall som ändå inte är grov misshandel.</p><p>Jag vill åter nämna något beträffande Vänsterpartiets förslag att allt detta ska avslås. Detta parti utgör stödparti åt regeringen och påverkar budgetarbetet men gör det uppenbarligen inte i dessa frågor. För mig är det fullständigt främmande att strängare straff ska kunna övervägas om det medför en starkare prioritering inom rättsväsendet samt ökade resurser för att utreda brotten. Vad är beskedet där? Jo, det är att svårutredda bagatellbrott ska straffas hårdast. Är det vad Vänsterpartiet vill åstadkomma? För mig är det fullständigt obegripligt. Det är knappast forskning och vetenskap. Om man säger forskning och vetenskap i detta sammanhang är det bara en pamflett.</p><p> STYLEREF Kantrubrik \\* MERGEFORMAT Straffskalorna för vissa allvarliga våldsbrott</p><p>Erfarna kriminologer har kanske haft en annan uppfattning tidigare, men man kan sätta saker och ting i proportion till varandra. Om en människa låses in i ett fängelse, vem lider då störst skada relativt sett? Är det personen som hamnat i fängelse och som har gjort sig skyldig till en allvarlig gärning? Eller ska man låta personen vara fri och kanske skada andra helt oskyldiga människor - kvinnor och barn? Nej, det är naturligtvis bättre att den person som är gärningsman och kriminell sitter i fängelse eller finns inom ramen för kriminalvården, för att använda ett annat uttryck. Det är där man kan påverka människor att göra nya och bättre livsval.</p><p>Kriminella personer är rationella. Straffens längd har viss betydelse. Den betyder kanske inte allt, men man ska inte räkna bort människor som är kriminella därför att de är just detta. De kan göra nya och bättre livsval - det finns många exempel på det. Resonemanget där håller inte heller.</p><p>Slutligen har jag inte hittat något remissvar från juridiska institutionen som har det innehåll som Linda Snecker påstod. Det var möjligen kriminologiska institutionen, men det var närmast ett avståndstagande från fängelsestraff i dess helhet. Det är ungefär så man får uppfatta Vänsterpartiet också.</p><p>(Applåder)</p>",
    "intressent_id": "0338458649710",
    "rel_dok_id": "H401JuU14",
    "replik": "N",
    "systemdatum": "2017-05-16 16:12:50"
  }
}