﻿{
  "anforande": {
    "dok_hangar_id": "4703963",
    "dok_id": "H409102",
    "dok_titel": "Protokoll 2016/17:102 Fredagen den 28 april",
    "dok_rm": "2016/17",
    "dok_nummer": "102",
    "dok_datum": "2017-04-28 00:00:00",
    "avsnittsrubrik": "Aktuell debatt om attentatet i Stockholm",
    "underrubrik": null,
    "kammaraktivitet": "aktuell debatt",
    "anforande_id": "fc989fe0-bc3b-e711-9452-00262d0d0c40",
    "anforande_nummer": "16",
    "talare": "Roger Haddad (L)",
    "parti": "L",
    "anforandetext": "<p>Herr talman! Liberalerna har naturligtvis lagt fram ett antal förslag också under hela den tid vi har suttit i opposition. Jag återkommer till dem men har först några kommentarer till Sverigedemokraterna, som i dag har tagit initiativ till denna debatt.</p><p>Ska vi ha en rättsstat? Ska vi ha en grundlagsskyddad verksamhet, till exempel när det gäller medborgare? Jag hör ju vad Adam Marttinen säger: De med dubbla medborgarskap ska få sitt svenska indraget. Jag tolkar det också som att han vill förbjuda återvändare och till och med utvisa personer lite hur som helst. Detta är inte rättsstatliga principer.</p><p>Du har ju två minuter kvar, Adam Marttinen. Berätta för mig vad du vill göra med dem som är födda i Vivalla i Örebro kommun eller i Bergsjön i Göteborgs kommun. Det rör sig om svenska medborgare, unga killar, som visserligen är kriminellt belastade och begår mycket allvarliga brott. De ska lagföras. Men berätta för mig hur du ska hantera dem som är födda i Sverige och har svenskt medborgarskap. Någonstans måste det väl ändå finnas grundläggande principer som vi måste värna om. För Liberalerna är medborgarskapet en sådan.</p><p>Vänsterpartiet säger att detta är ogenomtänkta förslag som bryter mot grundlagen. Jag har deltagit i dessa samtal, både dem som hölls 2015 och de pågående, och vi försöker mig veterligen utgå från FN:s beslut. FN:s säkerhetsråd riktade hösten 2014 en bindande uppmaning till samtliga medlemsländer att vidta alla åtgärder för att inte bara stoppa och lagföra terrorister utan även förhindra terrorism. Därför måste vi till exempel kriminalisera terrorresor, vilket vi har gjort.</p><p>Även förberedelse till och finansiering av terroristresa är naturligtvis ett terroristbrott på ett sätt. Måste man köra en lastbil längs Drottninggatan eller spränga sig utanför ett visst ställe för att ha begått ett terroristbrott? Vi måste ju även förhindra terroristbrott, och det är därför många av dessa lagförslag kommer på plats.</p><p> STYLEREF Kantrubrik \\* MERGEFORMAT Aktuell debatt om attentatet i Stockholm</p><p>Vi kan gå längre ned i det förebyggande arbetet. Vi har flera förslag. Vi har talat om kameraövervakning. Det är klart att jag har hört era kritiska synpunkter. Vi har talat om tuffare åtgärder mot organisationer och trossamfund som inte ska ha några statliga bidrag.</p><p>Vi blir anklagade, inte minst av Vänsterpartiet, för att driva en politik som generaliserar och dömer ut till exempel alla muslimer. Jag vill absolut ta avstånd från den analysen och den slutsatsen. Dem vi talar om är våldsbejakande islamistiska extremister.</p><p>Jag är själv född i Libanon, ett litet land med muslimer och kristna. Inbördeskrig har gjort att både kristna och muslimer tvingas från Libanon till exempelvis Europa och Sverige för att leva i ett modernt och demokratiskt samhälle. Jag tror att lejonparten av de muslimer som har sökt sig till Sverige har den bakgrunden och är av den uppfattningen. Men det är en liten del som ägnar sig åt extremism, och det är det denna debatt handlar om. Men inte ens där går Vänsterpartiet oss till mötes i några av dessa åtgärder.</p><p>Den här debatten har visat att vi fortsatt behöver åklagarresurser och kameraövervakning, liksom att det är viktigt att lagra datatrafik och mobiltrafik för att hindra och stoppa terrorister. Vi kommer att komma in på integritetskänsliga diskussioner. I tidigare debatter har vi berört de frågorna, och de kommer att komma upp igen. Ska vi förhindra terrorism och extremism kommer vi att behöva ompröva vissa beslut.</p><p>(Applåder)</p>",
    "intressent_id": "0308306375022",
    "rel_dok_id": "H4C120170428ad",
    "replik": "N",
    "systemdatum": "2017-05-18 13:27:08"
  }
}