﻿{
  "anforande": {
    "dok_hangar_id": "4703370",
    "dok_id": "H409101",
    "dok_titel": "Protokoll 2016/17:101 Torsdagen den 27 april",
    "dok_rm": "2016/17",
    "dok_nummer": "101",
    "dok_datum": "2017-04-27 00:00:00",
    "avsnittsrubrik": "Skogspolitik",
    "underrubrik": null,
    "kammaraktivitet": "ärendedebatt",
    "anforande_id": "837aecae-bb3b-e711-9452-00262d0d0c40",
    "anforande_nummer": "194",
    "talare": "Stina Bergström (MP)",
    "parti": "MP",
    "anforandetext": "<p></p><p>Fru ålderspresident! Tack så mycket för frågorna, Jens Holm!</p><p>För att börja med målen för hyggesfritt tycker Miljöpartiet att det är bra med mål. Vi tycker att det skulle vara en bra idé att börja med att sätta mål för det statliga skogsinnehavet. Jag tänker också att man i framtiden skulle kunna ha ett mål för hela skogsarealen, men jag tror att det just nu är rätt svårt att säga vad det målet skulle ligga på. Jag tycker att det vore lite tråkigt om vi skulle hamna i en diskussion om hur stort målet ska vara och hamna på olika sidor.</p><p>När det gäller det statliga skogsinnehavet, däremot, tror jag att man skulle kunna ha ett väldigt högt mål för hur mycket som ska vara hyggesfritt. Jag och Miljöpartiet tycker nämligen att de statliga skogsbolagen skulle vara ett riktigt föredöme och en föregångare i ett hållbart skogsbruk.</p><p>När det gäller målen hade Miljöpartiet, som jag sa i mitt anförande, precis som Vänsterpartiet högre ambitioner när vi behandlade frågan 2014 och målet på 150 000 hektar formellt skyddad skogsmark och 200 000 hektar i frivilliga avsättningar fastställdes av alliansregeringen - vi tyckte att etappmålet borde sättas högre.</p><p>Vad vi ser nu är att detta är målet till 2020, och regeringen har gjort stora avsättningar; det tickar på. Men enligt en färsk rapport från Naturvårdsverket och Skogsstyrelsen behöver vi avsätta ytterligare 900 miljoner till 2020 för att uppnå detta mål. Så visst, vi kan sätta ett högre etappmål, men vi måste också se till att vi uppnår det mål vi har. Jag tycker att det är viktigare med arbetet och de ytterligare medlen för att uppnå att vi verkligen skyddar skogen.</p>",
    "intressent_id": "0401968752713",
    "rel_dok_id": "H401MJU13",
    "replik": "Y",
    "systemdatum": "2017-05-18 13:19:12"
  }
}