﻿{
  "anforande": {
    "dok_hangar_id": "4702552",
    "dok_id": "H409100",
    "dok_titel": "Protokoll 2016/17:100 Onsdagen den 26 april",
    "dok_rm": "2016/17",
    "dok_nummer": "100",
    "dok_datum": "2017-04-26 00:00:00",
    "avsnittsrubrik": "Arbetsmiljö och arbetstid ",
    "underrubrik": null,
    "kammaraktivitet": "ärendedebatt",
    "anforande_id": "10a891a8-413a-e711-9452-00262d0d0c40",
    "anforande_nummer": "42",
    "talare": "Magnus Manhammar (S)",
    "parti": "S",
    "anforandetext": "<p>Fru talman! Tack för frågorna och repliken, Désirée Pethrus! Det är alltid klargörande att få tala ytterligare om de här frågorna som är extremt viktiga.</p><p>Jag har precis som du läst Riksrevisionens rapport om det här och tycker att den är mycket intressant och viktig. Det här är en anledning till att man säger att man inte vill ha fler uppdrag från regeringen just nu, och vi har också tagit ställning och sagt att vi inte ska ge det. Det är de uppdrag som vi har gett som finns, och det är dem man ska fullfölja. Det kommer inte att bli fler för tillfället från vår sida.</p><p>Det är arbetsmiljöstrategin som gäller under den här mandatperioden som vi arbetar med - det moderna arbetslivet och en nollvision mot dödsolyckor - men vi vill också jobba för att få ett nytt nationellt center för arbetsmiljöfrågor.</p><p>Vi har avsatt 100 miljoner extra per år i grunden, varav en stor del är till Arbetsmiljöverket. Vi har också avsatt 25 miljoner extra från och med i år för de här frågorna utöver det. Arbetsmiljöverket har kunnat anställa ganska många fler inspektörer, men Arbetsmiljöverket har också fått växla om ganska mycket i sin verksamhet. Som har beskrivits tidigare och som jag också beskrev fick Arbetsmiljöverket verkligen krympa sin kostym och minska verksamheten efter 2007 och framåt när man fick minskade anslag.</p><p>Det som har hänt sedan dess är att man nu när man har fått ökade resurser verkligen funderar på vad man ska prioritera och vad man ska lägga pengarna på. Det kommer att vara en process innan Arbetsmiljöverket verkligen har kommit upp till sin fulla kapacitet, för man måste helt enkelt växla upp igen. Det är ungefär som att en person som har svultit inte kan börja äta hur mycket som helst utan får äta en bit i taget. Det är precis så Arbetsmiljöverket ska arbeta för att utöka sin verksamhet just nu.</p><p> STYLEREF Kantrubrik \\* MERGEFORMAT Arbetsmiljö och arbetstid</p><p>Jag har förtroende för Arbetsmiljöverket och ser att det är ett mycket bra arbete som börjar utvecklas alltmer där.</p>",
    "intressent_id": "025967059622",
    "rel_dok_id": "H401AU10",
    "replik": "Y",
    "systemdatum": "2017-05-16 16:12:46"
  }
}