﻿{
  "anforande": {
    "dok_hangar_id": "4703370",
    "dok_id": "H409101",
    "dok_titel": "Protokoll 2016/17:101 Torsdagen den 27 april",
    "dok_rm": "2016/17",
    "dok_nummer": "101",
    "dok_datum": "2017-04-27 00:00:00",
    "avsnittsrubrik": "Fiskeripolitik",
    "underrubrik": null,
    "kammaraktivitet": "ärendedebatt",
    "anforande_id": "9a7aecae-bb3b-e711-9452-00262d0d0c40",
    "anforande_nummer": "216",
    "talare": "Jesper Skalberg Karlsson (M)",
    "parti": "M",
    "anforandetext": "<p></p><p>Fru ålderspresident! Tack för svaret, ledamot Marianne Pettersson! Som det låter på ledamoten innebär kongressbeslutet ingen förändring mot hur det ser ut i dag. Det är inte den tolkning som jag gör, och det är inte den tolkning andra alliansföreträdare gör. Det är inte heller den tolkning som tidigare socialdemokratiska riksdagsledamöter gör. Här handlar det om förändring, och det är ofta därför man fattar nya kongressbeslut. Man vill få till en förändring i Sverige.</p><p>Jag undrar fortfarande: Kommer detta att innebära någon positionsförflyttning för Socialdemokraterna i miljö- och jordbruksutskottet, eller kommer man att harva på i de hjulspår man har varit i tidigare? Jag tycker att det skulle vara bättre, för även om jag inte håller med om så mycket som Socialdemokraterna tycker ser jag dem ändå som ett parti som kan se målkonflikter. Detta är en målkonflikt. Då tror jag inte att man ska stå på barrikaden med miljöaktivister som stormar och bryter sig in på kärnkraftverk och annat, utan då får man ta lite ansvar. Då får man säga: Det finns två läger, och vi vill ha en mellanväg som värnar både miljö och ekonomisk tillväxt.</p><p>Jag vill också säga något angående detta med att förhandla med andra länder. Jag kan bara utgå från att det land man talar om och som Marianne Pettersson syftar på är Danmark. Då skulle jag vilja veta om landsbygdsminister Sven-Erik Bucht gör någon ansats till att förhandla om avtalet med Danmark. I de samtal jag har hört på egen hand verkar denna dörr vara ganska stängd. Men om den nu är öppen på glänt är det välkommet.</p>",
    "intressent_id": "0250583732424",
    "rel_dok_id": "H401MJU14",
    "replik": "Y",
    "systemdatum": "2017-05-18 13:19:12"
  }
}