﻿{
  "anforande": {
    "dok_hangar_id": "4703370",
    "dok_id": "H409101",
    "dok_titel": "Protokoll 2016/17:101 Torsdagen den 27 april",
    "dok_rm": "2016/17",
    "dok_nummer": "101",
    "dok_datum": "2017-04-27 00:00:00",
    "avsnittsrubrik": "Väg- och fordonsfrågor",
    "underrubrik": null,
    "kammaraktivitet": "ärendedebatt",
    "anforande_id": "587aecae-bb3b-e711-9452-00262d0d0c40",
    "anforande_nummer": "152",
    "talare": "Anders Åkesson (C)",
    "parti": "C",
    "anforandetext": "<p>Fru talman! Under perioden 2006-2014, Leif Pettersson, startade KNEG-projektet, det fantastiskt fina utvecklingsarbete som vi båda gladdes så mycket åt. Det var terminalkörning i Petterssons del av landet med långa fordon, det var dispens för 74-tonkörning i Sydsverige, det var längre fordon mellan Göteborg och Malmö. Man kunde fila och utveckla tekniken, mäta trafiksäkerheten och mäta klimatet. Många av dessa exempel hackar sig nu fram, eftersom nuvarande regering inte orkar gå från försök till permanent lagstiftning. Finnarna har ju gjort en copycat på hela det utredningsarbete som vi gemensamt drev på då.</p><p>Fru talman! Nuvarande regerings totala motvillighet att medge teknikutveckling, tekniksprång, miljönytta och transporteffektivitet är tragisk.</p><p>Det är självklart Trafikverket som ska fatta beslut om konkreta vägsträckor i den takt som bärigheten medger.</p><p>Jag kan ge ett exempel på direktiv som Leif Petterssons regering har medgett i de fem nystanen, nämligen riksväg 25, som går från Växjö och ut mot kusten i syfte att förse skogsindustrin vid kusten i Småland med virke. Där riksväg 25 passerar en järnvägsterminal gör tillåtligheten en liten bubbla, för järnväg och väg får inte mötas. Det innebär att man inte alls får ut de intermodala effekterna av att skifta mellan väg och järnväg åt båda hållen som är möjligt med den här tekniken.</p><p></p><p>Jag är trygg i att vi ökade underhållsanslagen under den tid då vi hade ansvar för landets styre. Jag är väldigt oroad över de signaler Trafikverket ger om minskade underhållsanslag från regeringen.</p>",
    "intressent_id": "0677738818613",
    "rel_dok_id": "H401TU14",
    "replik": "Y",
    "systemdatum": "2017-05-18 13:19:09"
  }
}