﻿{
  "anforande": {
    "dok_hangar_id": "4703963",
    "dok_id": "H409102",
    "dok_titel": "Protokoll 2016/17:102 Fredagen den 28 april",
    "dok_rm": "2016/17",
    "dok_nummer": "102",
    "dok_datum": "2017-04-28 00:00:00",
    "avsnittsrubrik": "Aktuell debatt om attentatet i Stockholm",
    "underrubrik": null,
    "kammaraktivitet": "aktuell debatt",
    "anforande_id": "f6989fe0-bc3b-e711-9452-00262d0d0c40",
    "anforande_nummer": "10",
    "talare": "Statsrådet Anders Ygeman (S)",
    "parti": "S",
    "anforandetext": "<p>Herr talman! Jag vill inledningsvis tacka både för tonen och konstruktiviteten i den här debatten. Huvuddelen av de inlägg som har gjorts har visat att det finns en gemensam vilja att komma framåt. Även om jag inte delar synen på alla detaljer i alla förslag som har framförts kan jag från regeringens sida lova att vi ska göra vårt yttersta för att komma överens om saker som stärker Sveriges förmåga att stå emot terrorn.</p><p>Två frågor fördes fram i debatten. Beatrice Ask frågade: Behöver vi säkerställa polisens möjligheter att kameraövervaka brottsutsatta platser? Mitt enkla svar på den frågan är ja. Visar det sig att det utredningsunderlag som kommer inte räcker stänger jag inte dörren för att vidareutreda vissa delar av det för att säkerställa den förmågan.</p><p>Sverigedemokraterna frågar mig varför de inte bjudits in till samtalen. Svaret är att ni inte ställer upp på den nationella strategi som utgör grunden för samtalen. Er enögdhet sår split och splittring i en nation som behöver styrka och enighet. Ni ser bara en sorts möjlig attentatsman. I er värld har terrorn en hudfärg och en religion. Ni vill inte höra att Nordens värsta terrorist, som var medlem i ert systerparti i fem år, heter Anders. Ni vill inte höra att han som högg ihjäl skolbarn i Trollhättan hette Anton, att de tre högerextremister som misstänks för attentat i Göteborg heter Jimmy, Anton och Viktor eller att den vänsterextremist som knivattackerade en man i Kärrtorp heter Joel.</p><p>Jag svarade på Adam Marttinens fråga, så jag skulle vilja fråga Adam Marttinen en sak. Varför vill Sverigedemokraterna i sin motion till riksdagen ge polis och säkerhetspolis möjlighet att registrera etnisk tillhörighet, sexuell läggning och medlemskap i fackföreningsrörelse? Varför vill ni ge polisen möjlighet att göra databassökningar på medborgarnas sexuella preferenser? På vilket sätt skulle det göra Sverige säkrare? Det vore jag tacksam för om Adam Marttinen kunde svara på.</p><p>(Applåder)</p>",
    "intressent_id": "0744993950910",
    "rel_dok_id": "H4C120170428ad",
    "replik": "N",
    "systemdatum": "2017-05-18 13:27:08"
  }
}