﻿{
  "anforande": {
    "dok_hangar_id": "4702552",
    "dok_id": "H409100",
    "dok_titel": "Protokoll 2016/17:100 Onsdagen den 26 april",
    "dok_rm": "2016/17",
    "dok_nummer": "100",
    "dok_datum": "2017-04-26 00:00:00",
    "avsnittsrubrik": "Policyramverk för svenskt utvecklingssamarbete och humanitärt bistånd",
    "underrubrik": null,
    "kammaraktivitet": "ärendedebatt",
    "anforande_id": "63a891a8-413a-e711-9452-00262d0d0c40",
    "anforande_nummer": "114",
    "talare": "Hans Linde (V)",
    "parti": "V",
    "anforandetext": "<p>Herr ålderspresident! Sverige har som land bedrivit biståndsarbete i 65 år. Men jag vill påstå att aldrig förr har behoven av det svenska biståndet varit så stort som det är just nu. Inte sedan andra världskriget har så många människor varit på flykt. Klimatförändringarna slår redan hårt mot i synnerhet världens fattiga, mot världens kvinnor och mot världens barn.</p><p>Utrymmet för det civila samhället minskar i en lång rad länder. Ekonomisk ojämlikhet, diskriminering och sköra stater cementerar fattigdom och orättvisor.</p><p>Samtidigt ser vi också en positiv utveckling på en lång rad områden i en lång rad länder. Fattigdomen minskar, medellivslängden ökar, allt fler flickor och pojkar får gå i skolan. Viktiga reformer har genomförts i många länder som ökar och stärker kvinnors rättigheter. Där kan svenskt bistånd bidra till att förstärka denna utveckling.</p><p>Vår omvärld har blivit alltmer komplex. Allt fler aktörer vill ägna sig åt bistånd, från idealistiska filantroper till nyrika länder på arabiska halvön och multinationella privata företag. Drivkrafterna och målen med det nya biståndet skiljer sig åt på flera punkter - om man ska uttrycka sig diplomatiskt. Samordningen blir allt svårare.</p><p>Vi ser också hur de globala flödena av resurser har förändrats och ökat. Handel, remitteringar, investeringar och kapitalflykt begränsar, påverkar och bidrar till utvecklingsländernas möjligheter att mobilisera resurser för sin egen utveckling.</p><p>I en komplex värld med stora behov ställs också allt högre krav på det svenska biståndet. Vi behöver en tydlig styrning, tydliga mål och inte minst tydliga prioriteringar utifrån vårt mervärde och våra styrkor som biståndsaktörer.</p><p>När biståndsminister Gunilla Carlsson aviserade 2012 att hon skulle ta fram en biståndspolitisk plattform tyckte jag och många att det var ett vällovligt initiativ. Men Carlssons plattform framarbetades bakom stängda dörrar på Utrikesdepartementet utan dialog med vare sig det civila samhället eller oss i riksdagen.</p><p>Slutprodukten blev därefter. Man ignorerade och blundade i stor utsträckning för den breda erfarenhet som finns i Sverige efter mer än sex decennier av utvecklingssamarbete när det gäller både framgångar och misslyckanden. När jag hör borgerliga företrädare i dag kritisera den nuvarande regeringen för dess process kan jag inte låta bli att reflektera över den borgerliga regeringens process. Trots allt flyger glassplittret i denna kammare när borgerliga företrädare kastar sina stenar i sina ganska små glashus.</p><p>Vi från Vänsterpartiet var på flera punkter kritiska mot den plattform som den borgerliga regeringen tog fram. Plattformen genomsyrades av en övertro på ekonomisk tillväxt som lösningen på världens utmaningar. Klimat-, miljö- och barnperspektiven lyste med sin frånvaro. Kopplingarna till millenniemålen vara svaga. Det var ett svagt fokus på fattigdomsbekämpning och på de fattigaste. Det visade sig också under verksamheten.</p><p> STYLEREF Kantrubrik \\* MERGEFORMAT Policyramverk för svenskt utvecklings-samarbete och humanitärt bistånd</p><p>Jag kommer ihåg när Indevelop under den borgerliga regeringen skulle göra en utvärdering av Sidas insatser. Man fann då att 40 procent av Sidas insatser nådde över huvud taget inte de fattigaste på jorden.</p><p>Vänsterpartiet sa redan då - när den biståndspolitiska plattformen antogs - att den borde göras om. Behoven av ett nytt styrdokument har inte minskat sedan dess, snarare tvärtom. Det har skett stora förändringar i vår omvärld. Millenniemålen har ersatts av nya utvecklingsmål, Agenda 2030. Vi har sett ett nytt bindande klimatavtal, och vi ser nya stora humanitära kriser, inte minst i Mellanöstern, som ställer helt nya krav på biståndet.</p><p>Herr ålderspresident! Vänsterpartiet tycker att det policyramverk som regeringen har antagit tar flera steg i rätt riktning. Det är tydligt att man har lyssnat på de många aktörer som finns inom det svenska biståndet. Rättighetsperspektivet är tydligare. Det finns ett tydligare fokus på de fattigaste och det civila samhället som förändringsaktörer. Det finns också en tydlig koppling till Agenda 2030, för att nämna några exempel.</p><p>Men jag måste också säga att det här policyramverket på två punkter är en besvikelse för oss i Vänsterpartiet. Vi tycker för det första att regeringen har försuttit en unik möjlighet att göra tydliga prioriteringar och synliggöra vad som är Sveriges globala mervärde. I en tid då Sverige verkligen skulle behöva säga vad som är våra prioriteringar och vad som inte är våra prioriteringar, vad som är våra styrkor och vad som är våra svagheter som biståndsaktör, får vi i stället ett styrdokument där man säger att vi ska göra mycket av allt och helst lite mer än tidigare.</p><p>Jag följer regeringens biståndsarbete och Isabella Lövins arbete, och det är uppenbart att det finns prioriteringar. Det finns hjärtefrågor man lyfter fram, och det finns andra frågor som har kommit i skymundan. Men de prioriteringar som regeringen uppenbarligen gör när det gäller biståndet sätts sällan på pränt. De uttalas sällan. Det blir väldigt svårt för oss som parlamentariker att följa upp detta och utkräva ansvar.</p><p>För det andra tycker vi att Isabella Lövin delvis har gjort om Gunilla Carlssons misstag när det gäller processen. Visserligen har man haft en mycket bättre förankring i det civila samhället, men riksdagen har i grunden inte heller denna gång på något sätt involverats i processen. I svenskt bistånd pratar vi gärna om ägandeskap. Det gör man också i policyramverket. Men riksdagens ägandeskap för den här produkten är ju väldigt litet. Jag tror att väldigt få riksdagsledamöter i den här kammaren känner ett ansvar för den här produkten, känner att de äger det policyramverk som regeringen nu antagit.</p><p>Jag tror att de här 65 åren av svenskt bistånd har lärt oss att bistånd måste vara långsiktigt för att göra skillnad. Det måste vara ett bistånd som håller över tid, över val och över maktskiften. Jag tycker att det skulle vara sorgligt om vi efter nästa val skulle behöva inleda en tredje process för att anta ett tredje styrdokument på alldeles för kort tid. Jag skulle ha önskat att vi i bredast möjliga politiska enighet tagit fram ett styrdokument som skulle kunna hålla över tid, över val och över maktskiften.</p><p> STYLEREF Kantrubrik \\* MERGEFORMAT Policyramverk för svenskt utvecklings-samarbete och humanitärt bistånd</p><p>Med det yrkar jag bifall till förslaget i utrikesutskottets betänkande.</p>",
    "intressent_id": "0901257862125",
    "rel_dok_id": "H401UU11",
    "replik": "N",
    "systemdatum": "2017-05-16 16:13:00"
  }
}