﻿{
  "anforande": {
    "dok_hangar_id": "4703370",
    "dok_id": "H409101",
    "dok_titel": "Protokoll 2016/17:101 Torsdagen den 27 april",
    "dok_rm": "2016/17",
    "dok_nummer": "101",
    "dok_datum": "2017-04-27 00:00:00",
    "avsnittsrubrik": "Frågestund",
    "underrubrik": "Klimatsamarbete med Kalifornien",
    "kammaraktivitet": "frågestund",
    "anforande_id": "e979ecae-bb3b-e711-9452-00262d0d0c40",
    "anforande_nummer": "47",
    "talare": "Statsrådet Isabella Lövin (MP)",
    "parti": "MP",
    "anforandetext": "<p>Fru talman! Jag hade äran att få inviga en cleantech-hubb i San Francisco, där svenska spjutspetsföretag, innovativa företag, får förutsättningar att presentera sig på den kaliforniska marknaden med klimatsmart teknik. Vi kommer naturligtvis också i klimatförhandlingarna att arbeta tillsammans med Kalifornien och andra ledare på klimatområdet i Under 2 Coalition, som består av länder, stater och städer som är ambitiösa.</p>",
    "intressent_id": "0911490574010",
    "rel_dok_id": "H4C120170427fs",
    "replik": "N",
    "systemdatum": "2017-05-18 13:18:57"
  }
}