﻿{
  "anforande": {
    "dok_hangar_id": "4702552",
    "dok_id": "H409100",
    "dok_titel": "Protokoll 2016/17:100 Onsdagen den 26 april",
    "dok_rm": "2016/17",
    "dok_nummer": "100",
    "dok_datum": "2017-04-26 00:00:00",
    "avsnittsrubrik": "Nya utstationeringsregler",
    "underrubrik": null,
    "kammaraktivitet": "ärendedebatt",
    "anforande_id": "f0a791a8-413a-e711-9452-00262d0d0c40",
    "anforande_nummer": "11",
    "talare": "Désirée Pethrus (KD)",
    "parti": "KD",
    "anforandetext": "<p>Herr ålderspresident! Det är intressant att lyssna på Raimo Pärssinen i debatten. Jag skulle nog kunna säga att vi alla här är överens om att ordning och reda på arbetsmarknaden är viktigt. Annars kommer vi, som Raimo Pärssinen säger, inte att ha en sund konkurrens på svensk arbetsmarknad. Detta måste vi absolut värna.</p><p>Jag vet att det finns företag som dumpar. Men de har ju gått emot det regelverk vi har. Problemet är att de inte följer regelverket.</p><p>I den lagstiftning som Alliansen var med och tog fram håller vi oss till EU-rätten. I Sverige finns det 680 kollektivavtal. Ett företag i Polen vill utstationera en arbetstagare som ska bygga bostäder i Sverige. Företaget vill veta vad det är för villkor som gäller. Då sa Alliansen: Alla branscher måste till Arbetsmiljöverket ge in det kollektivavtal de vill ska gälla och som det polska företaget ska följa om det kommer hit. När företaget har fått det klart för sig ska det också följa dessa regler. Annars kan facket gå in och sätta företaget i blockad.</p><p> STYLEREF Kantrubrik \\* MERGEFORMAT Nya utstationerings-regler</p><p>Vi har alltså redan regler på detta område som gör att man inte får lönedumpa, Raimo Pärssinen. Så vad är det ni ska uppnå med det ni kallar ett särskilt kollektivavtal för utstationerade? Det blir alltså 681 olika kollektivavtal - eller kanske ännu fler om det ska vara ett kollektivavtal för varje bransch. Hur ska det gå till rent praktiskt?</p>",
    "intressent_id": "0860429409414",
    "rel_dok_id": "H401AU9",
    "replik": "Y",
    "systemdatum": "2017-05-16 16:12:45"
  }
}