﻿{
  "anforande": {
    "dok_hangar_id": "4703370",
    "dok_id": "H409101",
    "dok_titel": "Protokoll 2016/17:101 Torsdagen den 27 april",
    "dok_rm": "2016/17",
    "dok_nummer": "101",
    "dok_datum": "2017-04-27 00:00:00",
    "avsnittsrubrik": "Väg- och fordonsfrågor",
    "underrubrik": null,
    "kammaraktivitet": "ärendedebatt",
    "anforande_id": "5e7aecae-bb3b-e711-9452-00262d0d0c40",
    "anforande_nummer": "158",
    "talare": "Anders Åkesson (C)",
    "parti": "C",
    "anforandetext": "<p>Fru talman! Mitt intryck är inte att rymdturism är det främsta forskningsområdet i Göteborg eller Södertälje där två av världens främsta tillverkare av tunga fordon dagligen sliter och utvecklar inom de lagar och bestämmelser som finns för att göra den här tekniken bättre och smartare och fordonen teknikvänliga, miljövänliga och förarvänliga.</p><p>Det är bra att Emma Wallrup tog avstånd från sin teknikfientliga ton som jag faktiskt uppfattade i hennes anförande.</p><p>När det gäller skogen och biosamhället, Emma Wallrup, har Sverige som nation en uppenbar fördel gentemot andra länder som också kämpar för att ställa om till en bioekonomi, alltså en ekonomi och en välfärd som inte är beroende av fossila drivmedel. I vårt land har vi den uppenbara fördelen av att kunna använda ytan, framför allt skogen - det som växer och gror och kan skördas och brukas utan att förbrukas.</p><p>I den ekonomin och med den tekniken utgör lastbilen, gummihjulsfordonet, en helt uppenbar del och fördel. Det vimlar inte av järnvägsspår eller hamnar i inlandet, vare sig hos mig nere i Småland eller i Norrland eller Uppland.</p><p>Fru talman! Då ställer jag frågan: Varför denna fientliga hållning just till gummihjulsfordon? Det är något slags hittepåpolitik. Centerpartiet och Alliansen driver på för transporteffektivitet oavsett transportslag. De ska arbeta tillsammans för en bättre värld och ett bättre land. Varför har man denna avoghet just mot gummihjulstrafiken?</p>",
    "intressent_id": "0677738818613",
    "rel_dok_id": "H401TU14",
    "replik": "Y",
    "systemdatum": "2017-05-18 13:19:09"
  }
}