﻿{
  "anforande": {
    "dok_hangar_id": "4702552",
    "dok_id": "H409100",
    "dok_titel": "Protokoll 2016/17:100 Onsdagen den 26 april",
    "dok_rm": "2016/17",
    "dok_nummer": "100",
    "dok_datum": "2017-04-26 00:00:00",
    "avsnittsrubrik": "Nya utstationeringsregler",
    "underrubrik": null,
    "kammaraktivitet": "ärendedebatt",
    "anforande_id": "eba791a8-413a-e711-9452-00262d0d0c40",
    "anforande_nummer": "6",
    "talare": "Fredrik Malm (L)",
    "parti": "L",
    "anforandetext": "<p>Herr ålderspresident! Vad som nu sker är att regeringen vill riva upp lex Laval - Ali Esbati är mycket glad över detta. Det innebär att man frångår en kompromiss som innebär att vi tryggar sjysta villkor på svensk arbetsmarknad och den svenska kollektivavtalsmodellen och också gör den förenlig med EU:s regelverk, med EU-rätten.</p><p>Ali Esbati vill inte ens vara med i EU, tror jag. Då är det inte så konstigt. Om man är en protektionistisk vänsterpopulist hamnar man i samma fack i fråga om detta som den populistiska protektionistiska högern. Detta är samma politik och retorik som brexitkampanjen bygger på, som Trumpadministrationen bygger på och som Le Pen och en rad andra krafter driver fram.</p><p>Detta ser vi här i riksdagen. Det är Ali Esbati, Sverigedemokraterna och Socialdemokraterna som driver igenom detta. Jag tror att det är mycket bekymmersamt för öppenheten och för möjligheten att värna en viktig grundpelare i Europasamarbetet: att faktiskt göra det möjligt för arbetskraft att röra sig över gränserna och arbeta på andra håll.</p><p>Man har inte påvisat den lönedumpning som fackförbunden varnar för och så vidare. Jag har inte sett horder av utstationerad arbetskraft stå och demonstrera utanför riksdagen. Jag har inte fått ett enda mejl av någon person som varit utstationerad och som anser sig vara förtryckt. Lagrådet pekar på att regeringen inte ens motiverar sina förslag. Det är väl snarare Ali Esbati som blir svaret skyldig. Varför ska man jaga ut utländsk arbetskraft ur Sverige? Är det att engagera sig? Att arbetare ska förena sig över gränserna är väl det mest klassiska av alla marxistiska slagord. Men det verkar inte spela någon roll just i denna fråga för Ali Esbati.</p>",
    "intressent_id": "0766496753128",
    "rel_dok_id": "H401AU9",
    "replik": "Y",
    "systemdatum": "2017-05-16 16:12:45"
  }
}