﻿{
  "anforande": {
    "dok_hangar_id": "4702552",
    "dok_id": "H409100",
    "dok_titel": "Protokoll 2016/17:100 Onsdagen den 26 april",
    "dok_rm": "2016/17",
    "dok_nummer": "100",
    "dok_datum": "2017-04-26 00:00:00",
    "avsnittsrubrik": "Arbetsmiljö och arbetstid ",
    "underrubrik": null,
    "kammaraktivitet": "ärendedebatt",
    "anforande_id": "12a891a8-413a-e711-9452-00262d0d0c40",
    "anforande_nummer": "44",
    "talare": "Magnus Manhammar (S)",
    "parti": "S",
    "anforandetext": "<p>Fru talman! Bra och jätteviktiga frågor! Det här med arbetsmiljödeklarationer är ett spännande förslag,. Jag har själv funderat en hel del på liknande saker. Det är inte alls dumt att fundera på den typen av förslag för att få företagen att arbeta med detta kontinuerligt och få alla företag att arbeta med det.</p><p>Det jag själv har skissat på kan kallas arbetsmiljörevision. Precis som man reviderar budgeten varje år ska det vara viktigt att man gör en arbetsmiljörevision varje år, där man helt enkelt gör en revision av verksamheten utifrån att man har ett arbetsmiljöarbete, och även ser till hälsan hos dem som arbetar på företaget.</p><p>Det kanske är något liknande som är tanken med deklarationer. Det låter likartat. Det är alltså inte alls ett dumt förslag, och jag tycker att man kan titta vidare på det. Vi kanske till och med kan göra det tillsammans. Det brukar alltid vara bättre om vi kan samarbeta.</p><p>Men för mig tar det ena inte ut det andra. Vi lägger mycket nya resurser på Arbetsmiljöverket men också på forskning om arbetsmiljöfrågor. Vi menar att det är ett bra förslag, och det behöver man inte ställa i motsats till att ha till exempel arbetsmiljödeklarationer eller någonting annat. Man skulle kunna göra både och.</p><p>Désirée Pethrus ställde också en fråga om tips och rutiner för tips. Det är också en fråga som regeringen har kontakt med Arbetsmiljöverket om att man borde jobba mer med. Jag har tagit upp det flera gånger; jag tycker att det är otroligt viktigt.</p><p> STYLEREF Kantrubrik \\* MERGEFORMAT Arbetsmiljö och arbetstid</p><p>Jag vet att man bland annat har tittat på Norge, som ligger väldigt bra till i det arbetet. Det finns en bra webbtjänst där det är möjligt att komma in med tips. Det går till och med att ta en bild på någonting som hänt så att det kommer in till arbetsmiljöinspektörerna.</p><p>Det jag har fått höra från Arbetsmiljöverket, inte minst från de regionala kontoren, är att i nuläget har man inte tid. De inspektörer man har har fullt upp med det arbete man gör just nu.</p><p>Jag tror att man skulle kunna använda en del av de ökade resurser vi har kommit med nu till just detta arbete. Det är jättebra att Désirée Pethrus tar upp det, fru talman, och jag ser fram emot att fortsätta samarbetet kring det.</p>",
    "intressent_id": "025967059622",
    "rel_dok_id": "H401AU10",
    "replik": "Y",
    "systemdatum": "2017-05-16 16:12:46"
  }
}