﻿{
  "anforande": {
    "dok_hangar_id": "4702552",
    "dok_id": "H409100",
    "dok_titel": "Protokoll 2016/17:100 Onsdagen den 26 april",
    "dok_rm": "2016/17",
    "dok_nummer": "100",
    "dok_datum": "2017-04-26 00:00:00",
    "avsnittsrubrik": "Bostadspolitik och Planering och byggande",
    "underrubrik": null,
    "kammaraktivitet": "ärendedebatt",
    "anforande_id": "39a891a8-413a-e711-9452-00262d0d0c40",
    "anforande_nummer": "77",
    "talare": "Tuve Skånberg (KD)",
    "parti": "KD",
    "anforandetext": "<p>Fru ålderspresident! Om det är vi inte osams. Naturligtvis tycker jag och säkert majoriteten i kammaren att det är bra ju tystare det är, att spårvagnar, järnvägar och så vidare avskärmar ljudet, att man har vägbeläggning och däck som är så ljudlösa som möjligt. Det är inga problem.</p><p> STYLEREF Kantrubrik \\* MERGEFORMAT Bostadspolitik och Planering och byggande</p><p>Här talar vi om marginalerna. Just nu talar jag i mer än 60 decibel. Det är alltså inte värre än så. Jag har uppmätt det flera gånger i debatter på liknande områden. Vi talar om ganska så modesta nivåer. Ska man över huvud taget kunna ha trafik i en innerstad kommer man upp i 60 decibel. Vi kan inte leva i en stad utan att ha trafik på gatorna. Är det vad Miljöpartiet egentligen är ute efter?</p><p>Den andra frågan som jag har är att jag tycker att det är svårt att höra Emma Hult opponera mot sin egen regering, mot sin egen minister och mot en överenskommelse som vi gjorde. Jag tycker inte att det är bra. Jag förstår ambitionen att tala för att minska bullret. Jag delar det. Men står man för en överenskommelse tar man inte upp det i kammaren och säger att man har blivit tvingad till den, utan man står för den. Vill Emma Hult stå för en överenskommelse?</p>",
    "intressent_id": "0161597857912",
    "rel_dok_id": "H401CU14, H401CU15",
    "replik": "Y",
    "systemdatum": "2017-05-16 16:12:53"
  }
}