﻿{
  "anforande": {
    "dok_hangar_id": "4702552",
    "dok_id": "H409100",
    "dok_titel": "Protokoll 2016/17:100 Onsdagen den 26 april",
    "dok_rm": "2016/17",
    "dok_nummer": "100",
    "dok_datum": "2017-04-26 00:00:00",
    "avsnittsrubrik": "Nya utstationeringsregler",
    "underrubrik": null,
    "kammaraktivitet": "ärendedebatt",
    "anforande_id": "04a891a8-413a-e711-9452-00262d0d0c40",
    "anforande_nummer": "31",
    "talare": "Annika Qarlsson (C)",
    "parti": "C",
    "anforandetext": "<p>Fru talman! Det här är intressant. Sveriges Byggindustrier har skickat mejl till alla som deltar i debatten. Jag utgår från att även Magnus Manhammar har fått detta mejl. Han råkar nämna lite löst att de är väldigt positiva.</p><p>De har radat upp två saker som de tycker är positiva med regeringens proposition, som alltså ska bli lag från och med i dag. Det gäller tydligare skyldighet att anmäla till Arbetsmiljöverket vilka regler som gäller. Det står vi i Alliansen bakom. Vi är dessutom tydliga med att vi tycker att det vore bra om det kostade att inte anmäla.</p><p>Det andra Sveriges Byggindustrier är positiva till är att det ska utses en kontaktperson. Det är vi också positiva till.</p><p>Sveriges Byggindustrier radar upp fyra förändringar som de inte ser lika positivt på, vilka ska ställas mot de andra två. Det gäller till att börja med förhandlingsskyldighet. Eftersom det oftast är korta utstationeringar upplevs förhandlingsskyldighet som ett hinder och en osäkerhet.</p><p>Nästa sak gäller utökad möjlighet att vidta stridsåtgärder genom företag som redan tillämpar villkor som uppfyller minimivillkoren, vilket blir ett bekymmer.</p><p>Det är också oförenligt med den svenska modellen att tillåta att en oorganiserad ges självständig rätt att kräva villkor och förmåner i kollektivavtal och att arbetsorganisationerna får utökade kontrollmöjligheter för lönevillkor och andra villkor.</p><p> STYLEREF Kantrubrik \\* MERGEFORMAT Nya utstationerings-regler</p><p>Sveriges Byggindustrier säger också att förslaget eventuellt strider mot den fria rörligheten vad gäller att tillhandahålla tjänster inom EU.</p><p>Därför känns det lite märkligt när Magnus Manhammar står i talarstolen och säger att Sveriges Byggindustrier tycker att det här är positivt, att det här är bra. Jag tänker att man kanske ska ta med lite andra saker, helheten, om man hänvisar till dem.</p><p>Det här blir väldigt märkligt. Allianspartierna är inte för osund konkurrens. Lex Laval handlar om att skapa förutsättningar och regler som tar upp svenska regler men som också anpassar sig till EU-rätten.</p><p>Att Peab är besvikna beror på att Byggnads inte har gjort sitt jobb. De har inte använt det utrymme som finns i lex Laval för att faktiskt kontrollera.</p>",
    "intressent_id": "0962841101917",
    "rel_dok_id": "H401AU9",
    "replik": "Y",
    "systemdatum": "2017-05-16 16:12:45"
  }
}