﻿{
  "anforande": {
    "dok_hangar_id": "4706363",
    "dok_id": "H409103",
    "dok_titel": "Protokoll 2016/17:103 Tisdagen den 2 maj",
    "dok_rm": "2016/17",
    "dok_nummer": "103",
    "dok_datum": "2017-05-02 00:00:00",
    "avsnittsrubrik": "Svar på interpellation 2016/17:401 om terrorhotet och återvändande terroriststridande",
    "underrubrik": null,
    "kammaraktivitet": "interpellationsdebatt",
    "anforande_id": "e71f8197-5344-e711-9450-00262d0d7125",
    "anforande_nummer": "124",
    "talare": "Kultur- och demokratiministern Alice Bah Kuhnke (MP)",
    "parti": "MP",
    "anforandetext": "<p>Herr talman! Jag kan inte annat än skriva under på det som riksdagsledamot Avsan säger. Det krävs en samordning och en mycket bredare och större samordning än vad som har varit.</p><p>Under de två och ett halvt år som jag har varit statsråd och haft den nationella samordnarens kansli under mig har vi kraftigt förstärkt deras arbete. Redan i juni förra året gav jag dem i uppdrag att komma med förslag på hur vi gör verksamheten nationell, permanent och mer operativ. Det var tydligt att det är vad som behövs. De har arbetat fram ett förslag. Det har varit ute på remiss. Inom kort kommer vi att återkomma om hur verksamheten ska utvecklas och hur man ska arbeta vidare vid en permanent befintlig verksamhetsstruktur från och med årsskiftet.</p><p>Vad gäller återvändargruppen som Säpo, säkerhetspolisen, ansvarar för har vi haft samtal med Säpochefen om den. Liksom avhoppargruppen är det en heterogen grupp. Det gör utmaningen med dessa grupper stor. Här finns, precis som riksdagsledamoten beskriver, individer som sannolikt eller i varje fall potentiellt kan göra stor skada i samhället.</p><p> STYLEREF Kantrubrik \\* MERGEFORMAT Svar på interpellationer</p><p>Just eftersom det är en heterogen grupp behövs många olika insatser riktas mot dessa individer för att vara effektiva. De behöver nästan vara skräddarsydda i vissa fall. Man behöver ha många olika kompetenser för att verkligen nå och arbeta med dessa individer.</p><p>Samordnaren har ett tydligt uppdrag att stödja arbetet mot dessa individer. Regeringen har avsatt medel till detta arbete. Men mer kommer att behövas. Säpo beskriver själv hur de arbetar med dessa grupper och med individer i grupperna.</p><p>Det tål att påminnas om att både återvändarna och avhopparna enligt Säpo är identifierade. Det som säkerhetspolisen beskriver som ett stort hot är de som radikaliseras på egen hand, kanske bakom sin dator, som vi har svårt att finna och som vi därför behöver arbeta väldigt brett och målmedvetet kring för att i så tidiga skeden som möjligt identifiera och sätta in insatser mot.</p><p>Där ser jag att vi behöver förstärka resurserna ytterligare. Därför är det oerhört positivt att vi har den överenskommelse som finns mellan våra partier och att det pågår samtal i detta nu efter terrorattacken som hände i Stockholm. Det kommer förhoppningsvis att ytterligare förstärka inte bara insatserna utan också den gemensamma synen på att detta är stora hot mot allas vårt väl och ve i hela vårt samhälle. De hoten behöver bekämpas kraftfullt.</p>",
    "intressent_id": "0787584650516",
    "rel_dok_id": "H410401",
    "replik": "N",
    "systemdatum": "2017-05-29 11:46:45"
  }
}