﻿{
  "anforande": {
    "dok_hangar_id": "4703370",
    "dok_id": "H409101",
    "dok_titel": "Protokoll 2016/17:101 Torsdagen den 27 april",
    "dok_rm": "2016/17",
    "dok_nummer": "101",
    "dok_datum": "2017-04-27 00:00:00",
    "avsnittsrubrik": "Frågestund",
    "underrubrik": "Idéburna aktörer i välfärden",
    "kammaraktivitet": "frågestund",
    "anforande_id": "ff79ecae-bb3b-e711-9452-00262d0d0c40",
    "anforande_nummer": "69",
    "talare": "Statsrådet Ardalan Shekarabi (S)",
    "parti": "S",
    "anforandetext": "<p>Fru talman! Tack, Janine Alm Ericson, för frågan!</p><p>Hela utgångspunkten för regeringens arbete är att säkerställa att vi har en god mångfald i svensk välfärd och skolverksamhet. Den trend som vi ser är att de idéburna aktörerna missgynnas av de marknadsorienterade modeller som råder i svensk välfärd.</p><p>Vi har väldigt mycket fokus på de kommersiella aktörernas behov. Vi bygger ut resursfördelningssystemet utifrån den kommersiella logiken, men faktum är att de idéburna aktörerna står för mångfalden, för speciella inriktningar, och är viktiga för att vi ska kunna ha en riktig valfrihet. Då krävs det att vi utformar system som också anpassas till den ideella sektorns behov.</p><p>Därför studerar vi nu noga de remissvar som kommit in inte minst från de organisationer som företräder idéburna företag.</p><p>För oss är det viktigt att öka mångfalden i svensk välfärd. Vi ser en fara när det gäller likformigheten. Det är koncerner som tar över verksamheter, och det blir en likformighet i välfärden som inte gynnar brukarnas valfrihet.</p>",
    "intressent_id": "0922497728524",
    "rel_dok_id": "H4C120170427fs",
    "replik": "N",
    "systemdatum": "2017-05-18 13:18:58"
  }
}