﻿{
  "anforande": {
    "dok_hangar_id": "4546972",
    "dok_id": "H40910",
    "dok_titel": "Protokoll 2016/17:10 Onsdagen den 28 september",
    "dok_rm": "2016/17",
    "dok_nummer": "10",
    "dok_datum": "2016-09-28 00:00:00",
    "avsnittsrubrik": "Fler elever i fler skolor",
    "underrubrik": null,
    "kammaraktivitet": "ärendedebatt",
    "anforande_id": "1ed5f233-e195-e611-9441-00262d0d7125",
    "anforande_nummer": "22",
    "talare": "Thomas Strand (S)",
    "parti": "S",
    "anforandetext": "<p>Herr talman! Utskottet hade nog väntat sig att Håkan Bergman skulle stå här. Men han är tyvärr magsjuk och kan inte medverka, så nu får jag försöka axla hans mantel.</p><p>Detta är en viktig proposition. Vi behöver bra skolor för alla våra nyanlända elever. Det är en förutsättning för att vi ska få en bättre integration i Sverige. Det är inte bra när alla nyanlända hamnar på samma skola, utan vi behöver få en mångfald, och det krävs att alla skolor hjälper till och tar hand om och ger utbildning till nyanlända.</p><p>Bakgrunden till propositionen är välbekant för oss i utskottet. Vi fick en hård press på Sverige förra hösten, när så många människor flydde för sina liv, från krig och katastrofer, för att söka ett annat land och en bättre tillvaro.</p><p>Vi vill vara ett humant land. Vi vill vara ett solidariskt land som ställer upp för våra medmänniskor i nöd. Men det sätter en press på svensk skola att ta hand om så många nyanlända barn, som behöver utbildning. Friskolornas riksförbund kom själva med en propå om att de ville hjälpa till. De ville vara med i integrationsarbetet. Vi vet också att SKL lämnade in en skrivelse om att det behövdes åtgärder för att se till att vi på ett bra sätt tar hand om alla nyanlända barn.</p><p>Det är bakgrunden till att vi fick en överenskommelse mellan regeringen och de fyra allianspartierna om hur vi skulle kunna göra situationen bättre för alla barn och ungdomar som kom till Sverige.</p><p>Jag är glad över att vi har en så stor politisk enighet i vårt utskott. Alla partier utom ett, nämligen Sverigedemokraterna, står bakom denna proposition. Jag är egentligen inte så förvånad, eftersom den paradfråga som ni sverigedemokrater driver och besjälas av är att minska och få stopp på invandringen. Nu vill ni också göra det svårt för nyanlända barn att gå i skolan. Ni vill försvåra integrationsarbetet. Då vill Friskolornas riksförbund hjälpa till i denna fråga, och alla skolor i Sverige vill hjälpa till. Men Sverigedemokraternas agerande är bara ett konkret bevis på den politik som SD besjälas av. </p><p>Det är en viktig princip att vi har en öppen skola för alla, oavsett skolform och oavsett huvudman ska alla ha möjlighet att gå i en skola som är öppen för alla. Vi ska inte heller bryta mot diskrimineringslagstiftningen. </p><p> STYLEREF Kantrubrik \\* MERGEFORMAT Fler elever i fler skolor</p><p>Det är viktigt att Sverige är ett humant land, ett land som solidariskt tar hand om och möter alla personers behov. Vi behöver hjälpa alla nyanlända barn för att de ska få en bra skolutbildning. Det är ett sätt att stärka integrationen. </p><p>Vi vet alla att det inte är bra om likartade barn, elever, hamnar i samma skola. Vi behöver mångfald. Därför är det viktigt att skolor har elevgrupper som innebär att olika barn möts. </p><p>Vi har haft ett problem när det gäller just fristående huvudmän. Det handlar om förskoleklass, grundskola och grundsärskola i denna proposition. Vissa fristående skolor har kösystem, och vi vet att man i vissa skolor behöver sätta barnen i kö väldigt tidigt för att de ska kunna få komma in där. Men nu vill fristående skolor också hjälpa till. Då måste vi se till att det sker en förändring av skollagen för att möjliggöra för alla att hjälpa till. </p><p>Den proposition som vi diskuterar i dag handlar om att man ska kunna göra förändringar i skollagen, så att det möjliggörs även för fristående skolor att hjälpa till i integrationsarbetet. </p><p>Herr talman! Vi socialdemokrater hade gärna sett att vi kunde gå lite längre. Nu diskuterar vi en proposition som framför allt siktar in sig på fristående skolor. Men vi har också kommunala skolor som vill hjälpa till, och vi har samma problematik där. Vi känner till från medierna att nyanlända elever kan hamna i en enda skola. Det blir då väldigt många nyanlända i en skola. </p><p>Även inom forskningen sägs det att det inte är bra om vi inte får en blandning och en mångfald. Därför borde det även bland de kommunala huvudmännen vara möjligt att ta emot nyanlända och sprida ut dem i kommunen. </p><p>Vi har en viktig princip som vi ska vara rädda om, och det är närhetsprincipen. Men det är klart att detta inte är någon enkel fråga att lösa. Den diskussionen tycker jag att vi måste gå vidare med. Vi har ännu inte kommit dit i våra överläggningar. Men jag tycker att det är viktigt att vi får principen att även kommuner ska kunna ta emot nyanlända elever och sprida ut dem bland kommunens skolor. Jag hoppas att vi får en fortsatt dialog om detta och att vi hittar en lösning. </p><p>Herr talman! Jag yrkar bifall till förslaget i betänkandet. </p><p>(Applåder)</p>",
    "intressent_id": "0269067253614",
    "rel_dok_id": "H401UbU3",
    "replik": "N",
    "systemdatum": "2016-10-19 11:49:04"
  }
}