﻿{
  "anforande": {
    "dok_hangar_id": "4706363",
    "dok_id": "H409103",
    "dok_titel": "Protokoll 2016/17:103 Tisdagen den 2 maj",
    "dok_rm": "2016/17",
    "dok_nummer": "103",
    "dok_datum": "2017-05-02 00:00:00",
    "avsnittsrubrik": "Svar på interpellation 2016/17:447 om bidrag till organisationer som motverkar demokratiska principer",
    "underrubrik": null,
    "kammaraktivitet": "interpellationsdebatt",
    "anforande_id": "ec1f8197-5344-e711-9450-00262d0d7125",
    "anforande_nummer": "129",
    "talare": "Kultur- och demokratiministern Alice Bah Kuhnke (MP)",
    "parti": "MP",
    "anforandetext": "<p> STYLEREF Kantrubrik \\* MERGEFORMAT Svar på interpellationer</p><p>Herr talman! Roger Haddad har ställt frågor om bidrag till organisationer som motverkar demokratiska principer. Han har frågat mig om regeringen kommer att vidta åtgärder, exempelvis att tillsätta en utredning, för att se över villkoren för statsbidragen till de organisationer som inte omfattas av den redan pågående översynen av statens stöd till trossamfunden. Han har även frågat om regeringen avser att ta initiativ för att säkerställa att kommuner, landsting och regioner inte använder sina offentliga medel till organisationer och trossamfund som inte respekterar demokratiska principer.</p><p>Det civila samhällets organisationer är en central del av vår svenska demokrati. Hundratusentals svenskar engagerar sig varje dag i ideella organisationer och föreningar, på idrottsplatser och i gympahallar, på scouthajker och i friluftslivet, i studiecirklar och i läxhjälpsprojekt. I mötet mellan människor uppstår en gemenskap som bidrar till tillit och sammanhållning. Den svenska staten har sedan årtionden tillbaka en politik som stöder det civila samhällets engagemang.</p><p>Bidragsgivningen till organisationerna måste dock ske under strikt kontroll. I flera förordningar som reglerar statsbidrag till organisationer finns demokrativillkor som bland annat innefattar att en organisation i sin verksamhet ska respektera demokratins idéer, inklusive principerna om jämställdhet och förbud mot diskriminering som ska vara uppfyllda för att organisationen ska kunna få bidrag.</p><p>Regeringen ser nu över dels vilka förordningar som inte har sådana kriterier, dels om det finns behov av att skärpa demokrativillkoret. Andra insatser är förslag till skärpta krav för bidrag till etniska organisationer och översyn av statens stöd till trossamfund. Utöver detta gav regeringen redan i höstas Myndigheten för ungdoms- och civilsamhällesfrågor i uppdrag att redovisa hur de arbetar för att säkerställa att de organisationer som får organisationsstöd också lever upp till demokratikriteriet.</p><p>När det gäller kommuner, landsting och regioner bör de självständigt ta ansvar för att säkerställa att de offentliga medel som de delar ut inte används till organisationer som inte respekterar demokratiska principer. Att så sker är angeläget.</p><p>Regeringen värnar såväl den dialog vi har med Moderaterna, Centerpartiet, Liberalerna och Kristdemokraterna genom tillkännagivanden om det förebyggande arbetet mot våldsbejakande extremism som överenskommelsen om åtgärder mot terrorism. Dessa frågor är högt prioriterade av regeringen, och ett intensivt arbete pågår.</p>",
    "intressent_id": "0787584650516",
    "rel_dok_id": "H410447",
    "replik": "N",
    "systemdatum": "2017-05-29 11:46:46"
  }
}