﻿{
  "anforande": {
    "dok_hangar_id": "4546972",
    "dok_id": "H40910",
    "dok_titel": "Protokoll 2016/17:10 Onsdagen den 28 september",
    "dok_rm": "2016/17",
    "dok_nummer": "10",
    "dok_datum": "2016-09-28 00:00:00",
    "avsnittsrubrik": "Regional anpassning av arbetsmarknadsutbildning",
    "underrubrik": null,
    "kammaraktivitet": "ärendedebatt",
    "anforande_id": "13d5f233-e195-e611-9441-00262d0d7125",
    "anforande_nummer": "12",
    "talare": "Sven-Olof Sällström (SD)",
    "parti": "SD",
    "anforandetext": "<p>Herr talman! I betänkandet avhandlas regeringens skrivelse avseende Riksrevisionens rapport om regional anpassning av arbetsmarknadsutbildning.</p><p>Riksrevisionen pekar i sin rapport på en rad brister och förbättringspotentialer i Arbetsförmedlingens arbetssätt när det gäller just arbetsmarknadsutbildningarna. Riksrevisionen menar till exempel att det i Arbetsförmedlingens regleringsbrev för 2015 tydligt anges att verksamheten ska anpassas bättre till både arbetssökandes och arbetsgivares behov.</p><p>Riksrevisionen konstaterar också att Arbetsförmedlingens uppdrag att prioritera arbetssökande som står långt från arbetsmarknaden kan stå i konflikt med arbetsmarknadsbehovet. Arbetsförmedlingen påpekar också själv att detta skapar incitament att anordna utbildningar som inte nödvändigtvis avser att möta en brist på arbetsmarknaden. Att arbetssökande anvisats plats i utbildningar som man kan förmoda att de inte kommer att klara av står också i direkt konflikt med regleringsbrevet.</p><p>Riksrevisionen ger en rad rekommendationer till Arbetsförmedlingen som jag inte tänker räkna upp här, men de återges i Riksrevisionens rapport, i regeringens skrivelse och i betänkandet.</p><p> STYLEREF Kantrubrik \\* MERGEFORMAT Regional anpassning av arbetsmarknads-utbildning</p><p>Herr talman! Av regeringens skrivelse kan vi konstatera att regeringen i huvudsak delar Riksrevisionens bedömningar. Det är positivt. Regeringen skriver också att man för att uppnå målet minskad arbetslöshet och ökad sysselsättning anser att det är viktigt att satsa på utbildningar som leder till arbete. Det är naturligtvis en självklarhet - bra där!</p><p>Herr talman! Regeringen skriver också om vikten av att de insatser som görs inom ramen för arbetsmarknadspolitiken är träffsäkra och kostnadseffektiva. Det borde också vara en självklarhet. Därmed är det enligt regeringen angeläget att arbetsmarknadsutbildningarna riktas till de personer som bedöms ha störst nytta av insatsen - återigen självklarheter.</p><p>Jag konstaterar att regeringen har tagit åt sig av Riksrevisionens bedömningar och att regeringen i stort instämmer i Riksrevisionens rekommendationer. Enligt mig är regeringens skrivelse därmed relativt väl avvägd utifrån Riksrevisionens rapport, varför vi också senare i dag kommer att rösta ja till utskottets förslag i betänkandet.</p><p>Däremot, herr talman, delar vi sverigedemokrater i stora delar inte regeringens åsikter om hur den svenska Arbetsförmedlingen bör organiseras och arbeta. Arbetsförmedlingen har i dag ett för brett uppdrag med, enligt dem själva, för många och svåröverskådliga verktyg i verktygslådan. Arbetsförmedlingens uppdrag måste förenklas, renodlas och förtydligas.</p><p>Efter att detta betänkande justerades i utskottet har en grupp som har arbetat med Sverigedemokraternas arbetsmarknadspolitik fått in våra förslag om en förnyad och modern arbetsförmedling i vår budgetmotion som kommer att presenteras i nästa vecka. Det är jag mycket glad för. Det innebär också att vi kanske i det här läget skulle ha haft ett särskilt yttrande, vilket vi nu inte har eftersom det vid det tillfället inte var klart med detta.</p><p>Vår förnyade politik för en förbättrad och modern arbetsförmedling för moderna förhållanden kommer alltså att presenteras i nästa vecka.</p>",
    "intressent_id": "0772402807013",
    "rel_dok_id": "H401AU3",
    "replik": "N",
    "systemdatum": "2016-10-19 11:49:04"
  }
}