﻿{
  "anforande": {
    "dok_hangar_id": "4703370",
    "dok_id": "H409101",
    "dok_titel": "Protokoll 2016/17:101 Torsdagen den 27 april",
    "dok_rm": "2016/17",
    "dok_nummer": "101",
    "dok_datum": "2017-04-27 00:00:00",
    "avsnittsrubrik": "Frågestund",
    "underrubrik": "Tiggeriförbud",
    "kammaraktivitet": "frågestund",
    "anforande_id": "0a7aecae-bb3b-e711-9452-00262d0d0c40",
    "anforande_nummer": "80",
    "talare": "Adam Marttinen (SD)",
    "parti": "SD",
    "anforandetext": "<p>Fru talman! Min fråga går till statsrådet Isabella Lövin.</p><p>Jag tror att alla minns Miljöpartiets bidrag i den politiska debatten om det hitresta tiggeriet. När Sverigedemokraterna ville komma åt det organiserade tiggeriet tyckte Miljöpartiet att uttrycket organiserat tiggeri var en rasistisk myt. Tack för ert bidrag, Miljöpartiet! Det har verkligen hjälpt utsatta människor - eller inte.</p><p>Sverigedemokraternas linje har varit glasklar. Utsatta EU-medborgare kan inte integreras i sina hemländer om de uppehåller sig i Sverige. Att upplåta våra gator till ett omfattande tiggeri skapar förutsättningar för ett organiserande av utsatta människor där utnyttjande och kriminalitet växer fram. Sent omsider konstaterade regeringens egna utredare häromdagen att Sverigedemokraternas tiggeriförbud ändå är det bästa förslaget för att nå en önskvärd förändring.</p><p>Fru talman! Kommer vi att få se fler tårar på kinden hos miljöpartister i regeringen när ni erkänner ännu ett misslyckande och ger Sverigedemokraterna rätt i frågan om just ett tiggeriförbud?</p>",
    "intressent_id": "0831039938224",
    "rel_dok_id": "H4C120170427fs",
    "replik": "N",
    "systemdatum": "2017-05-18 13:18:58"
  }
}