﻿{
  "anforande": {
    "dok_hangar_id": "4703370",
    "dok_id": "H409101",
    "dok_titel": "Protokoll 2016/17:101 Torsdagen den 27 april",
    "dok_rm": "2016/17",
    "dok_nummer": "101",
    "dok_datum": "2017-04-27 00:00:00",
    "avsnittsrubrik": "Frågestund",
    "underrubrik": "Den vetenskapliga grunden för regeringens klimatsatsningar",
    "kammaraktivitet": "frågestund",
    "anforande_id": "027aecae-bb3b-e711-9452-00262d0d0c40",
    "anforande_nummer": "72",
    "talare": "Jonas Jacobsson Gjörtler (M)",
    "parti": "M",
    "anforandetext": "<p>Fru talman! Jag noterade med glädje att statsrådet Karolina Skog slog ett slag för vetenskapligheten i samband med helgens så kallade March for Science. Men i allt från frågor som rör GMO till frågor om ekologisk livsmedelsproduktion och bekämpningsmedel har regeringen gått fram med förslag som direkt motsäger den vetenskapliga expertisen.</p><p>Ett annat exempel är att regeringen slår på stora trumman för åtgärder inom det så kallade Klimatklivet, där regeringen inte förmår att trovärdigt redogöra för den extra klimatnytta som dessa statliga medel påstås ge.</p><p>Att veta effekterna av de åtgärder man vidtar borde vara grunden för en politik som påstås vara grundad i vetenskap. Annars reduceras politiken bara till en ren gissningslek.</p><p>Med anledning av detta vill jag fråga statsrådet Lövin om helgens utspel också kommer att följas upp av politisk handling och en omvärdering av de ståndpunkter som regeringen har tagit fram som direkt motsäger den vetenskapliga expertisen eller som vilar på ostadig vetenskaplig grund, till exempel när det gäller GMO eller ekologisk livsmedelsproduktion.</p>",
    "intressent_id": "0495314169413",
    "rel_dok_id": "H4C120170427fs",
    "replik": "N",
    "systemdatum": "2017-05-18 13:18:58"
  }
}