﻿{
  "anforande": {
    "dok_hangar_id": "4703370",
    "dok_id": "H409101",
    "dok_titel": "Protokoll 2016/17:101 Torsdagen den 27 april",
    "dok_rm": "2016/17",
    "dok_nummer": "101",
    "dok_datum": "2017-04-27 00:00:00",
    "avsnittsrubrik": "Skogspolitik",
    "underrubrik": null,
    "kammaraktivitet": "ärendedebatt",
    "anforande_id": "727aecae-bb3b-e711-9452-00262d0d0c40",
    "anforande_nummer": "177",
    "talare": "Johan Hultberg (M)",
    "parti": "M",
    "anforandetext": "<p></p><p>Fru ålderspresident! Vi har medel avsatta för detta. Det handlar om att prioritera de mest värdefulla naturområdena när man skyddar skog. Men för mig som moderat är det också väldigt viktigt att vi tar hand om den skog vi avsätter. Jag hörde inte ett ord, fru ålderspresident, i Jens Holms anförande om statens ansvar och om att staten många gånger faktiskt brister i sitt ansvar. Vi har enormt stora redan avsatta områden, formellt skyddade områden, där staten inte tar sitt ansvar för skötseln. Det är ett väldigt ensidigt fokus från Jens Holm och Vänsterpartiet på skogsägarnas eventuella misslyckanden eller övertramp. Men man tycks vara helt blind inför det faktum att staten många gånger inte har tagit sitt ansvar och att staten inte alla gånger är bäst skickad att förvalta och sköta skogen.</p><p>Jag läste en intressant rapport från Skogsstyrelsen, <em>Skogliga konsekvensanalyser 2015 - SKA 15</em>, som visade att andelen äldre lövrik skog kommer att öka i Sverige tack vare att arealerna ökar på den privat brukade marken. På de avsatta områdena, i naturreservaten, var prognosen att mängden kommer att minskas på grund av att staten inte genomför förvaltningsåtgärder och röjer undan till exempel en del gran för att gynna lövträden. Staten brister i sitt ansvarstagande, men de privata markägarna levererar resultat.</p><p>Fru ordförande! Liknelsen om jordbruket handlar om att detta är pågående markanvändning. Jens Holm tycker inte att det är rimligt att lantbrukaren ska behöva samråda med grannarna för att få skörda höstvetet, men han tycker att skogsbrukaren ska behöva göra det för att få skörda gran och tall. I grunden är det ingen skillnad. Det handlar om att få skörda det som man har brukat och det värde som man har skapat.</p><p>Jag beklagar, fru ålderspresident, att Jens Holm har en enorm övertro till politikens förmåga att reglera fram en önskvärd utveckling. Det planekonomiska tänkandet tycks leva kvar i Vänsterpartiet, trots att man har övergett \"kommunisterna\" i sitt partinamn.</p>",
    "intressent_id": "069309987221",
    "rel_dok_id": "H401MJU13",
    "replik": "Y",
    "systemdatum": "2017-05-18 13:19:11"
  }
}