﻿{
  "anforande": {
    "dok_hangar_id": "4703963",
    "dok_id": "H409102",
    "dok_titel": "Protokoll 2016/17:102 Fredagen den 28 april",
    "dok_rm": "2016/17",
    "dok_nummer": "102",
    "dok_datum": "2017-04-28 00:00:00",
    "avsnittsrubrik": "Svar på interpellation 2016/17:368 om arbetskraftsinvandring",
    "underrubrik": null,
    "kammaraktivitet": "interpellationsdebatt",
    "anforande_id": "16999fe0-bc3b-e711-9452-00262d0d0c40",
    "anforande_nummer": "36",
    "talare": "Justitie- och migrationsministern Morgan Johansson (S)",
    "parti": "S",
    "anforandetext": "<p>Herr talman! Det är roligt att höra att Johanna Jönsson är relativt nöjd med svaret. Jag är inte säker på att hon kommer att bli nöjd med det jag säger framöver.</p><p>Det är lika bra att vara ärlig och tydlig i en sådan här diskussion. Alla koalitionsregeringar - det vet du också, Johanna Jönsson - bygger på att man kan kompromissa utifrån olika utgångspunkter och komma överens med andra partier. Det har Centern också stor erfarenhet av. Jag kan till exempel tänka mig att ni inte var så förtjusta i pensionärsskatten - att pensionärerna skulle betala högre skatt än löntagarna - men ni fick svälja det därför att Moderaterna drev detta väldigt hårt och ville ha sina jobbskatteavdrag. Då fick ni svälja att pensionärerna skulle betala högre skatt än löntagarna.</p><p>Detta är en del av diskussionen inom varje regering som är en koalitionsregering. Det är på samma sätt här. Det som Johanna Jönsson pekar på är riktlinjerna inför den partikongress som vi precis har haft. De är fastlagda som socialdemokratiska riktlinjer, och det är detta vi kommer att gå till val på.</p><p>Utgångspunkten i den socialdemokratiska hållningen är att vi har en stark utveckling på arbetsmarknaden just nu. Arbetslösheten faller, långtidsarbetslösheten faller, ungdomsarbetslösheten är den lägsta på 13 år och vi har 100 000 lediga jobb. Vi löser vår uppgift när det gäller jobben. Vi har en väldigt stark utveckling. Vi ser dock att det finns många fler som skulle behöva ha jobb. Vi har fortfarande över 300 000 arbetslösa, varav många inte har någon högre utbildning.</p><p>Den fråga som vi ställer, som Mikael Damberg ställde i artikeln och som också ställdes på den socialdemokratiska partikongressen är: Varför ska vi ha ett system där arbetsgivare har en självklar rätt att rekrytera städare från Bangladesh, när vi har tusentals människor som befinner sig i Sverige i dag - inte minst många nyanlända - och som skulle kunna ta dessa jobb i stället?</p><p>Varför ska det finnas en självklar rätt att rekrytera restaurangbiträden från andra sidan jorden när det finns tusentals människor i Sverige som kan ta dessa jobb? Det är precis denna linje som vi har lagt fast på den socialdemokratiska partikongressen. Detta är den socialdemokratiska uppfattningen, och det är vad vi kommer att gå till val på.</p><p>Som jag sa i interpellationssvaret finns dock inget pågående arbete i Regeringskansliet med att återinföra arbetsmarknadsprövning. Under tiden, medan vi väntar på att väljarna ska fälla sitt avgörande om vilken linje de tycker är klokast i detta läge, gäller det att försöka se till att det system vi har i dag för arbetskraftsinvandring fungerar bättre. Då inriktar vi oss på att rätta till en del av problemen.</p><p> STYLEREF Kantrubrik \\* MERGEFORMAT Svar på interpellationer</p><p>Som du pekade på, Johanna Jönsson, innehöll ert system åtminstone två jättestora bekymmer. Det ena är att om arbetsgivaren gör fel är det löntagaren som får ta hela smällen och riskerar att utvisas. Detta skulle jag vilja kalla för ren klasspolitik - löntagaren tar hela smällen medan arbetsgivaren inte löper någon större risk alls.</p><p>Det andra problemet är att även om arbetsgivaren upptäcker att man har gjort fel hamnar man i en rent Kafkaartad situation där man inte kan rätta till felet i efterhand. Vi kommer inom kort - det rör sig om bara några veckor - att lägga fram förslag om att rätta till denna del, det vill säga möjligheten till självrättelse. Där kommer vi att gå till riksdagen så fort som möjligt.</p><p>När det gäller sanktioner mot arbetsgivare som har gjort fel återkommer vi med förslag.</p>",
    "intressent_id": "0473783431010",
    "rel_dok_id": "H410368",
    "replik": "N",
    "systemdatum": "2017-05-18 13:27:17"
  }
}