﻿{
  "anforande": {
    "dok_hangar_id": "4703370",
    "dok_id": "H409101",
    "dok_titel": "Protokoll 2016/17:101 Torsdagen den 27 april",
    "dok_rm": "2016/17",
    "dok_nummer": "101",
    "dok_datum": "2017-04-27 00:00:00",
    "avsnittsrubrik": "(forts. från § 8) Medborgarskap, Migration och asylpolitik, Anhöriginvandring och Arbetskraftsinvandring (forts. SfU14, SfU15, SfU16 och SfU17)",
    "underrubrik": null,
    "kammaraktivitet": null,
    "anforande_id": "2d7aecae-bb3b-e711-9452-00262d0d0c40",
    "anforande_nummer": "115",
    "talare": "Aron Modig (KD)",
    "parti": "KD",
    "anforandetext": "<p>Fru talman! Migrationspolitiken, som vi har i fokus för den här debatten om de fyra betänkandena SfU14, SfU15, SfU16 och SfU17, har vi haft tillfälle och anledning att diskutera och debattera många gånger under de senaste åren. Det har inte minst handlat om migrationsöverenskommelsen, om andrum och flyktingpaus, om gräns- och id-kontroller, om den tillfälliga lagen och om förhandlingarna om en ny harmoniserad migrationspolitik inom EU.</p><p>Från Kristdemokraternas sida har vi naturligtvis förhållit oss till detta, men vi har också kommit med en hel del egna förslag och stakat ut en egen riktning för hur vi vill att Sveriges migrationspolitik ska utformas. Vi har lagt fram förslag som med utgångspunkt i asylrätten har syftat, och alltjämt syftar, till att åstadkomma en ordnad, långsiktigt ansvarsfull och human migrationspolitik som erbjuder en fristad för människor på flykt. </p><p>I mitt anförande i dag tänker jag lyfta fram några bärande delar i denna helhet som återkommer i de fyra motionsbetänkandena. </p><p>För det första har vi, för att förbättra mottagandet av asylsökande och för att effektivisera asylprocessen, föreslagit att asylansökningsområden ska inrättas nära våra stora gränsövergångar och att alla som avser att söka asyl i Sverige ska hänvisas dit. I dessa områden ska registreringen av asylansökningarna ske, och där ska det också ordnas med boende för de asylsökande under den första fasen av asylutredningarna. Tanken är att personer som uppenbart inte medverkar till att styrka sin identitet och som kommer från så kallade säkra länder, eller som i enlighet med reglerna i Dublinförordningen bör få sin asylansökan prövad i ett annat land, ska få ett snabbt avvisningsbeslut. Detsamma gäller personer som bedöms vara en säkerhetsrisk. </p><p></p><p>Inrättande av asylansökningsområden skulle bidra till ett samlat mottagande och en samlad beslutsprocess och skulle därigenom förhindra att människor avviker och hamnar i en utsatt situation. </p><p>Fru talman! För det andra har Kristdemokraterna också föreslagit att ett asylprogram på sex månader ska införas. Tanken bakom detta är dels att minska passiviteten under asyltiden, dels att snabba på både etableringen på arbetsmarknaden och integrationen i Sverige genom att tidigt förmedla de normer och värderingar som präglar vårt samhälle. </p><p>Det är viktigt att tydliggöra att personer som kommer till Sverige med avsikt att stanna ska lära sig det svenska språket och vår kultur. Utgångspunkten är naturligtvis att man ska försörja sig själv och sin familj. Vi menar därför att det ska erbjudas och ställas krav på deltagande i formell undervisning i sfi och samhällsorientering redan i början av asyltiden. </p><p>För att fler asylsökande ska arbeta under asyltiden vill vi också att det ställs ett arbetskrav på asylsökande gällande att man ska vara tillgänglig på arbetsmarknaden. Samtidigt har vi förslag både för att underlätta för asylsökande att få jobba och för att stärka asylsökandes incitament till arbete.</p><p>Barnpassning ska erbjudas så att asylprogrammet fungerar också för småbarnsföräldrar, samtidigt som den som inte deltar i asylprogrammet ska kunna få sin dagersättning nedsatt.</p><p>Fru talman! För det tredje vill Kristdemokraterna se en permanent lag med innebörden att alla grupper av skyddsbehövande initialt ska tilldelas ett tidsbegränsat treårigt uppehållstillstånd.</p><p>Om skyddsskälen kvarstår efter dessa tre år, eller om vederbörande skaffat jobb eller startat en egen verksamhet som han eller hon kan försörja sig på, ska ett permanent uppehållstillstånd beviljas.</p><p>Men Kristdemokraterna har därutöver sagt att rätten till familjeåterförening bör gälla även de skyddsbehövande som har ett tidsbegränsat uppehållstillstånd, eftersom det är bättre att de människor som har kommit till Sverige fokuserar på att så fort som möjligt etablera sig på arbetsmarknaden och i samhället än att de lägger fokus på att oroa sig för sina anhöriga.</p><p>Vi är fullt medvetna om att detta har finansiella konsekvenser, så för att finansiera avvikelsen från regeringens politik vad gäller möjligheten till familjeåterförening har vi avsatt 1,3 miljarder kronor i vår skuggbudget för innevarande år.</p><p>Samtidigt menar vi att rätten till anhöriginvandring bara ska gälla för de anhöriga som den asylsökande har informerat om vid ankomsttillfället, både för att underlätta identifieringen av de asylsökande och för att få bättre kontroll på mottagandet.</p><p></p><p>Fru talman! För det fjärde är det viktigt att betona att den som kommit till Sverige för att söka asyl men som efter en individuell och rättssäker prövning inte bedöms ha tillräckliga skyddsskäl för att få uppehållstillstånd så snabbt som möjligt måste återvända till sitt hemland. Tyvärr vet vi att både det återvändande som sker självmant och de avvisningar och utvisningar som sker med tvång fungerar alltför dåligt i dag.</p><p>För att komma till rätta med detta är det viktigt att Sverige ingår fler återtagandeavtal med de viktigaste ursprungsländerna om att dessa ska ta emot sina medborgare. Men det behövs också mer resurser till polisen för att de ska kunna verkställa avvisningar och utvisningar och även i större utsträckning genomföra inre utlänningskontroller.</p><p>Det behövs också fler förvarsplatser. Även detta har vi avsatt pengar för i vår budget för innevarande år.</p><p>För det femte arbetar Kristdemokraterna för att det ska finnas fler lagliga vägar in i Sverige för att leva och verka här. Tillsammans med strävan att stärka Sveriges konkurrenskraft genom att underlätta för näringslivet att rekrytera anställda från hela världen efter behov är detta den främsta anledningen till att vi vill underlätta arbetskraftsinvandring.</p><p>Det ska vara lätt att jobba och att göra rätt för sig i Sverige. Då krävs att inte stelbenta regler eller onödig byråkrati sätter hinder i vägen.</p><p>Som alla mina allianskollegor anfört här i talarstolen tidigare i dag finns det all anledning att titta närmare på de alltför rigida regler som den senaste tiden har lett till att människor på orimliga grunder fått avslag på sina ansökningar om arbetstillstånd.</p><p>Vi menar att en helhetsbedömning bör göras i de här ärendena och att arbetsgivare som inser ett begånget misstag och vill korrigera det i efterhand ska kunna göra detta.</p><p>Det är ett tydligt krav från KD och Alliansen att regeringen snarast återkommer med förslag på regler som gör det enklare för arbetskraftsinvandrare att göra rätt för sig och att kunna stanna i Sverige.</p><p>Fru talman! För det sjätte, och avslutningsvis, vill jag säga några ord om det svenska medborgarskapet.</p><p>Ett svenskt medborgarskap innebär inte vad som helst. Det innebär många rättigheter men också skyldigheter.</p><p>Bland rättigheterna kan nämnas rösträtt i riksdagsval, rätten att söka vissa typer av tjänster inom polis, domstol och militär, den ovillkorliga rätten att vistas i landet samt möjligheten att få konsulär hjälp i utlandet.</p><p>Med medborgarskapet blir medborgaren också en del av något gemensamt, där känslan av delaktighet, samhörighet och identitet stärks.</p><p>Samtidigt är det viktigt att betona att medborgarskapet också medför skyldigheter. Det handlar om att ta ansvar för samhället genom att bidra till och främja det gemensamma bästa. Det handlar om att följa lagarna och om att ta ansvar för samhällets styrning genom att delta i de demokratiska valen.</p><p>Kristdemokraterna tycker att medborgarskapets betydelse bör uppvärderas. Bland annat vill vi göra detta genom att införa krav på att den som ansöker om medborgarskap ska genomgå undervisning i samhällsorientering och få kunskap om det svenska samhället.</p><p></p><p>Vi tycker också att en medborgarskapsbok ska överlämnas till de nyblivna svenska medborgarna i samband med de medborgarskapsceremonier som anordnas i kommunerna. Då skulle de nya medborgarna bättre och på ett mer aktivt sätt både kunna utöva de rättigheter och fullgöra de skyldigheter som följer med medborgarskapet.</p><p>Med det sagt, fru talman, vill jag klargöra att Kristdemokraterna naturligtvis står bakom alla våra reservationer i de fyra betänkanden som vi behandlar i dag. Men för tids vinnande yrkar vi här i kammaren bifall endast till reservation 3 i SfU14, till reservation 5 i SfU15 och till de alliansgemensamma reservationerna 1 och 4 i SfU17.</p>",
    "intressent_id": "0680329141121",
    "rel_dok_id": null,
    "replik": "N",
    "systemdatum": "2017-05-18 13:18:57"
  }
}