﻿{
  "anforande": {
    "dok_hangar_id": "4703370",
    "dok_id": "H409101",
    "dok_titel": "Protokoll 2016/17:101 Torsdagen den 27 april",
    "dok_rm": "2016/17",
    "dok_nummer": "101",
    "dok_datum": "2017-04-27 00:00:00",
    "avsnittsrubrik": "Frågestund",
    "underrubrik": "Den växande vildsvinsstammen",
    "kammaraktivitet": "frågestund",
    "anforande_id": "f579ecae-bb3b-e711-9452-00262d0d0c40",
    "anforande_nummer": "59",
    "talare": "Statsrådet Sven-Erik Bucht (S)",
    "parti": "S",
    "anforandetext": "<p></p><p>Fru talman! Jag nämnde just det lagförslag som regeringen tog fram. Det var för att skapa ordning och reda i detta. Jag är väldigt glad för att Magnus Oscarsson nu engagerar sig i frågan - bättre sent än aldrig. Jag hoppas att det som Magnus nu tar upp också gäller andra borgerliga politiker som stoppade det lagförslag som regeringen lade fram, vilket gör att jordbrukare drabbas väldigt hårt.</p><p>(Applåder)</p>",
    "intressent_id": "0781357446917",
    "rel_dok_id": "H4C120170427fs",
    "replik": "N",
    "systemdatum": "2017-05-18 13:18:58"
  }
}