﻿{
  "anforande": {
    "dok_hangar_id": "4703370",
    "dok_id": "H409101",
    "dok_titel": "Protokoll 2016/17:101 Torsdagen den 27 april",
    "dok_rm": "2016/17",
    "dok_nummer": "101",
    "dok_datum": "2017-04-27 00:00:00",
    "avsnittsrubrik": "Väg- och fordonsfrågor",
    "underrubrik": null,
    "kammaraktivitet": "ärendedebatt",
    "anforande_id": "557aecae-bb3b-e711-9452-00262d0d0c40",
    "anforande_nummer": "149",
    "talare": "Karin Svensson Smith (MP)",
    "parti": "MP",
    "anforandetext": "<p>Fru talman! Vi värnar verkligen om näringslivet. Men jag förstår inte på vilket sätt det är bioekonomi att färdigtillverkade hus i Piteå ska gå med lastbil till södra Sverige i stället för med sjöfart eller varför man ska belasta vägnätet med sådant som hellre hade gått på järnväg.</p><p>Tidigare tågpendlar mellan Malmö och Stockholm ersätts nu av 34 lastbilar. Det handlar om kostnadseffektivitet, för samma transport ska ju inte utföras flera gånger, Anders Åkesson, utan man väljer väg, järnväg eller sjöfart eller olika kombinationer av dessa.</p><p>Vitsen med utredningen, som samarbetsregeringen bejakar i allt väsentligt, var att hitta den kombination av väg, järnväg och sjöfart som har så lite fossilt innehåll som möjligt. Därför föreslår utredningen kilometerskatt på lastbilstransporter.</p><p>Om vi skulle följa Anders Åkessons förslag att lastbilarna ska få bli både större och längre får man ju höja kilometerskatten ännu mer. Det tror jag kanske inte är Anders Åkessons avsikt.</p><p>Jag har en fråga till Anders Åkesson, och det är om han känner till vilken maxgränsen är för lastbilar i EU. Det brukar ju sägas att Sverige ska harmonisera sina regler med EU:s. Känner Anders Åkesson till att maxgränsen är 40 ton?</p><p>Sverige undantar nu skogsindustrin, därför att vi tycker att det är så viktigt att frakta från råvara till förädling. Men Centern går åt precis det andra hållet med en väldigt speciell särlösning som inte har fört något gott med sig, framför allt inte för klimatet.</p>",
    "intressent_id": "0457308547314",
    "rel_dok_id": "H401TU14",
    "replik": "Y",
    "systemdatum": "2017-05-18 13:19:09"
  }
}