﻿{
  "anforande": {
    "dok_hangar_id": "4703370",
    "dok_id": "H409101",
    "dok_titel": "Protokoll 2016/17:101 Torsdagen den 27 april",
    "dok_rm": "2016/17",
    "dok_nummer": "101",
    "dok_datum": "2017-04-27 00:00:00",
    "avsnittsrubrik": "Frågestund",
    "underrubrik": "Idéburna aktörer i välfärden",
    "kammaraktivitet": "frågestund",
    "anforande_id": "007aecae-bb3b-e711-9452-00262d0d0c40",
    "anforande_nummer": "70",
    "talare": "Janine Alm Ericson (MP)",
    "parti": "MP",
    "anforandetext": "<p>Fru talman! Jag tackar statsrådet för det väldigt tydliga svaret! Det är tydligt att vi har samma ambitioner när det gäller de idéburna verksamheternas möjlighet att finnas kvar inom välfärdsområdet.</p><p>Ska jag tolka ministerns svar som att man fortsätter arbetet med att hitta vägar för att de idéburna verksamheterna ska ha goda förutsättningar att fortsätta med sina verksamheter?</p>",
    "intressent_id": "0316505710324",
    "rel_dok_id": "H4C120170427fs",
    "replik": "N",
    "systemdatum": "2017-05-18 13:18:58"
  }
}