﻿{
  "anforande": {
    "dok_hangar_id": "4706363",
    "dok_id": "H409103",
    "dok_titel": "Protokoll 2016/17:103 Tisdagen den 2 maj",
    "dok_rm": "2016/17",
    "dok_nummer": "103",
    "dok_datum": "2017-05-02 00:00:00",
    "avsnittsrubrik": "Svar på interpellation 2016/17:441 om Centralbron i Stockholm",
    "underrubrik": null,
    "kammaraktivitet": "interpellationsdebatt",
    "anforande_id": "dd1f8197-5344-e711-9450-00262d0d7125",
    "anforande_nummer": "114",
    "talare": "Statsrådet Anna Johansson (S)",
    "parti": "S",
    "anforandetext": "<p>Herr talman! Staten går in med ganska mycket medfinansiering i infrastrukturobjekt just i den här regionen och i de andra storstadsregionerna inom ramen för Sverigeförhandlingen. Där överträder man också de ansvarsgränser som finns, det vill säga att man medfinansierar kollektivtrafiklösningar. Det finns goda skäl till det eftersom detta är en region som har stora behov av mer investeringar, inte minst i spårinfrastruktur, än vad man regionalt och kommunalt klarar av att bära. Då är det rimligt att staten träder in.</p><p> STYLEREF Kantrubrik \\* MERGEFORMAT Svar på interpellationer</p><p>Om man det inte har tagits något initiativ när förhandlingen var uppe på bordet utan kommer precis efter det att förhandlingen är avslutad kan frågan ställas varför man inte tog upp det några veckor tidigare. Då hade frågan kanske kunnat beaktas i den förhandlingen. Eller också insåg man att det kanske inte hade fungerat.</p><p>Om man planerar för omfattande åtgärder för att öka cyklingen och cykelmöjligheterna i Stockholm finns ju alla förutsättningar för att ansöka om medel ur stadsmiljöavtalen. Däremot är det tveksamt om en nedgrävning för 10-20 miljarder - beroende på vem man frågar - står i paritet med den ökade cykling som man skulle kunna åstadkomma med de insatserna. Möjligen skulle man kunna använda pengarna mer effektivt just för ökad cykling.</p><p>Men jag önskar Erik Ottoson fortsatt lycka till i det här arbetet.</p><p>Överläggningen var härmed avslutad.</p>",
    "intressent_id": "0691264514114",
    "rel_dok_id": "H410441",
    "replik": "N",
    "systemdatum": "2017-05-29 11:46:43"
  }
}