﻿{
  "anforande": {
    "dok_hangar_id": "4702552",
    "dok_id": "H409100",
    "dok_titel": "Protokoll 2016/17:100 Onsdagen den 26 april",
    "dok_rm": "2016/17",
    "dok_nummer": "100",
    "dok_datum": "2017-04-26 00:00:00",
    "avsnittsrubrik": "Bostadspolitik och Planering och byggande",
    "underrubrik": null,
    "kammaraktivitet": "ärendedebatt",
    "anforande_id": "34a891a8-413a-e711-9452-00262d0d0c40",
    "anforande_nummer": "72",
    "talare": "Ewa Thalén Finné (M)",
    "parti": "M",
    "anforandetext": "<p>Fru ålderspresident! Man kan alltid ha en lång diskussion om huruvida det går att bygga billiga, ändamålsenliga hyresrätter utan statligt stöd. Jag är tvärsäker på det.</p><p>Det finns exempel där man bygger utan dessa stöd inom de kostnadsnivåer som investeringsstödet uppgår till. Men det är mycket svårare och jobbigare. Man måste jobba stenhårt för att lyckas att hitta de byggbolag som vill bygga.</p><p>En av de tydligaste aspekterna på detta är små byggbolag som vill bygga mindre projekt. De upplever att de aldrig når fram och aldrig kommer igenom. De får inga detaljplaner och inga bygglov. Väntetiden blir så att säga for ever. De säger till mig, och det utgår jag från att de säger till er också: Vi förstår inte ens de summor som de stora bolagen tar ut. Vi bygger till helt andra priser.</p><p>Det är klart att det finns massor av vägar. Men det som hela tiden och genomgående har varit min starkaste kritik mot subventionerna är att man hade börjat att se en marknad som jobbade hårt för att hitta nya och innovativa vägar för att göra saker på ett nytt sätt, men nu slutar de med det. Varför ska man bry sig om man ändå får skattebetalarnas pengar?</p>",
    "intressent_id": "0714579775816",
    "rel_dok_id": "H401CU14, H401CU15",
    "replik": "Y",
    "systemdatum": "2017-05-16 16:12:53"
  }
}